source_file,pattern_bar_n,pattern_bar_n1,arm_time_utc,direction,A,trigger,sl,risk,fibo100,autocut_time_utc,bid,ask,spread,state,fibo100_time_utc,max_extension_A,FT_allowed,FT_orders
usatechidxusd_2025-07-01_tick.csv,2025-07-01 00:01:00+00:00,2025-07-01 00:02:00+00:00,2025-07-01 00:03:00+00:00,1,6.001000000000204,22678.132,22672.131,6.001000000000204,22684.133,2025-07-01 00:03:01.172000+00:00,22675.089,22678.39,3.300999999999476,TT_EXPIRED,,0.0,False,0
usatechidxusd_2025-07-01_tick.csv,2025-07-01 00:02:00+00:00,2025-07-01 00:03:00+00:00,2025-07-01 00:04:00+00:00,-1,6.234000000000378,22672.131,22678.365,6.234000000000378,22665.897,2025-07-01 00:04:08.741000+00:00,22670.809,22674.213,3.403999999998632,TT_EXPIRED,,0.0,False,0
usatechidxusd_2025-07-01_tick.csv,2025-07-01 00:03:00+00:00,2025-07-01 00:04:00+00:00,2025-07-01 00:05:00+00:00,1,8.690000000002328,22678.365,22669.675,8.690000000002328,22687.055000000004,2025-07-01 00:05:08.410000+00:00,22675.31,22678.825,3.514999999999418,TT_EXPIRED,,0.0,False,0
usatechidxusd_2025-07-01_tick.csv,2025-07-01 00:04:00+00:00,2025-07-01 00:05:00+00:00,2025-07-01 00:06:00+00:00,-1,7.211999999999534,22669.675,22676.887,7.211999999999534,22662.463,2025-07-01 00:06:01.133000+00:00,22669.198,22672.581,3.382999999997992,TT_EXPIRED,,0.0,False,0
usatechidxusd_2025-07-01_tick.csv,2025-07-01 00:05:00+00:00,2025-07-01 00:06:00+00:00,2025-07-01 00:07:00+00:00,-1,11.666999999997643,22670.632,22682.299,11.666999999997643,22658.965000000004,2025-07-01 01:29:02.060000+00:00,22670.631,22674.18,3.5489999999990687,TT_EXPIRED,,0.0,False,0
usatechidxusd_2025-07-01_tick.csv,2025-07-01 00:15:00+00:00,2025-07-01 00:16:00+00:00,2025-07-01 00:17:00+00:00,-1,9.399999999997817,22675.919,22685.319,9.399999999997817,22666.519000000004,2025-07-01 00:24:46.387000+00:00,22675.919,22679.38,3.4609999999993306,TT_EXPIRED,,0.0,False,0
usatechidxusd_2025-07-01_tick.csv,2025-07-01 00:16:00+00:00,2025-07-01 00:17:00+00:00,2025-07-01 00:18:00+00:00,1,7.665000000000873,22685.319,22677.654,7.665000000000873,22692.984,2025-07-01 00:19:52.688000+00:00,22682.01,22685.557,3.547000000002299,TT_EXPIRED,,0.0,False,0
usatechidxusd_2025-07-01_tick.csv,2025-07-01 01:23:00+00:00,2025-07-01 01:24:00+00:00,2025-07-01 01:25:00+00:00,1,7.211999999999534,22681.376,22674.164,7.211999999999534,22688.588,2025-07-01 01:30:27.731000+00:00,22678.175,22681.669,3.4940000000024156,TT_EXTENSION,2025-07-01 01:49:03.562000+00:00,1.5697448696617642,True,0
usatechidxusd_2025-07-01_tick.csv,2025-07-01 01:32:00+00:00,2025-07-01 01:33:00+00:00,2025-07-01 01:34:00+00:00,-1,7.066999999999098,22676.598,22683.665,7.066999999999098,22669.531000000003,2025-07-01 02:44:15.830000+00:00,22676.397,22679.88,3.4830000000001746,TT_EXPIRED,,0.0,False,0
usatechidxusd_2025-07-01_tick.csv,2025-07-01 02:55:00+00:00,2025-07-01 02:56:00+00:00,2025-07-01 02:57:00+00:00,1,6.001000000000204,22669.254,22663.253,6.001000000000204,22675.255,2025-07-01 03:01:51.881000+00:00,22665.808,22669.257,3.449000000000524,TT_EXPIRED,,0.0,False,0
usatechidxusd_2025-07-01_tick.csv,2025-07-01 04:36:00+00:00,2025-07-01 04:37:00+00:00,2025-07-01 04:38:00+00:00,-1,6.5020000000004075,22648.887,22655.389,6.5020000000004075,22642.385,2025-07-01 04:41:24.425000+00:00,22648.543,22651.811,3.268000000000029,TT_EXTENSION,2025-07-01 05:01:31.468000+00:00,39.404029529372814,True,0
usatechidxusd_2025-07-01_tick.csv,2025-07-01 05:22:00+00:00,2025-07-01 05:23:00+00:00,2025-07-01 05:24:00+00:00,1,7.855999999999767,22637.198,22629.342,7.855999999999767,22645.054,2025-07-01 05:25:32.687000+00:00,22633.742,22637.214,3.4720000000015716,TT_EXPIRED,,0.0,False,0
usatechidxusd_2025-07-01_tick.csv,2025-07-01 05:23:00+00:00,2025-07-01 05:24:00+00:00,2025-07-01 05:25:00+00:00,-1,7.5570000000006985,22629.342,22636.899,7.5570000000006985,22621.785,2025-07-01 05:35:59.285000+00:00,22629.154,22632.657,3.503000000000611,TT_EXPIRED,,0.0,False,0
usatechidxusd_2025-07-01_tick.csv,2025-07-01 05:25:00+00:00,2025-07-01 05:26:00+00:00,2025-07-01 05:27:00+00:00,-1,6.943999999999505,22629.853,22636.797,6.943999999999505,22622.909,2025-07-01 05:35:58.982000+00:00,22629.82,22633.291,3.471000000001368,TT_EXPIRED,,0.0,False,0
usatechidxusd_2025-07-01_tick.csv,2025-07-01 05:30:00+00:00,2025-07-01 05:31:00+00:00,2025-07-01 05:32:00+00:00,1,6.333999999998923,22638.154,22631.82,6.333999999998923,22644.487999999998,2025-07-01 05:32:35.109000+00:00,22634.719,22638.168,3.449000000000524,TT_EXPIRED,,0.0,False,0
usatechidxusd_2025-07-01_tick.csv,2025-07-01 05:36:00+00:00,2025-07-01 05:37:00+00:00,2025-07-01 05:38:00+00:00,-1,6.209999999999127,22623.61,22629.82,6.209999999999127,22617.4,2025-07-01 05:45:50.009000+00:00,22622.743,22626.213,3.470000000001164,TT_EXPIRED,,0.0,False,0
usatechidxusd_2025-07-01_tick.csv,2025-07-01 06:00:00+00:00,2025-07-01 06:01:00+00:00,2025-07-01 06:02:00+00:00,1,12.503000000000611,22632.289,22619.786,12.503000000000611,22644.792,2025-07-01 06:53:43.151000+00:00,22628.831,22632.347,3.5160000000032596,TT_EXTENSION,2025-07-01 07:04:30.090000+00:00,0.47964488522747306,True,0
usatechidxusd_2025-07-01_tick.csv,2025-07-01 06:30:00+00:00,2025-07-01 06:31:00+00:00,2025-07-01 06:32:00+00:00,-1,8.46600000000035,22616.654,22625.12,8.46600000000035,22608.188,2025-07-01 06:49:20.831000+00:00,22615.919,22619.38,3.4609999999993306,TT_EXPIRED,,0.0,False,0
usatechidxusd_2025-07-01_tick.csv,2025-07-01 06:35:00+00:00,2025-07-01 06:36:00+00:00,2025-07-01 06:37:00+00:00,1,6.242999999998574,22625.819,22619.576,6.242999999998574,22632.061999999998,2025-07-01 06:37:23.304000+00:00,22622.32,22625.836,3.5159999999996217,TT_EXPIRED,,0.0,False,0
usatechidxusd_2025-07-01_tick.csv,2025-07-01 06:49:00+00:00,2025-07-01 06:50:00+00:00,2025-07-01 06:51:00+00:00,-1,6.511000000002241,22615.154,22621.665,6.511000000002241,22608.642999999996,2025-07-01 07:50:11.833000+00:00,22614.989,22618.181,3.191999999999098,TT_EXPIRED,,0.0,False,0
usatechidxusd_2025-07-01_tick.csv,2025-07-01 06:52:00+00:00,2025-07-01 06:53:00+00:00,2025-07-01 06:54:00+00:00,-1,7.067000000002736,22622.832,22629.899,7.067000000002736,22615.764999999996,2025-07-01 07:18:41.149000+00:00,22622.389,22625.657,3.268000000000029,TT_EXPIRED,,0.0,False,0
usatechidxusd_2025-07-01_tick.csv,2025-07-01 06:59:00+00:00,2025-07-01 07:00:00+00:00,2025-07-01 07:01:00+00:00,-1,12.968000000000757,22624.819,22637.787,12.968000000000757,22611.851,2025-07-01 07:15:10.456000+00:00,22624.72,22628.203,3.4830000000001746,TT_EXPIRED,,0.0,False,0
usatechidxusd_2025-07-01_tick.csv,2025-07-01 07:02:00+00:00,2025-07-01 07:03:00+00:00,2025-07-01 07:04:00+00:00,-1,6.378000000000611,22634.32,22640.698,6.378000000000611,22627.942,2025-07-01 07:12:43.571000+00:00,22633.719,22637.135,3.415999999997439,TT_EXPIRED,,0.0,False,0
usatechidxusd_2025-07-01_tick.csv,2025-07-01 07:09:00+00:00,2025-07-01 07:10:00+00:00,2025-07-01 07:11:00+00:00,1,6.344999999997526,22642.62,22636.275,6.344999999997526,22648.964999999997,2025-07-01 07:11:03.389000+00:00,22639.165,22642.624,3.458999999998923,TT_EXPIRED,,0.0,False,0
usatechidxusd_2025-07-01_tick.csv,2025-07-01 07:18:00+00:00,2025-07-01 07:19:00+00:00,2025-07-01 07:20:00+00:00,-1,8.390000000003056,22618.099,22626.489,8.390000000003056,22609.708999999995,2025-07-01 07:46:16.716000+00:00,22617.821,22621.302,3.480999999999767,TT_EXPIRED,,0.0,False,0
usatechidxusd_2025-07-01_tick.csv,2025-07-01 07:20:00+00:00,2025-07-01 07:21:00+00:00,2025-07-01 07:22:00+00:00,1,6.636000000002241,22628.789,22622.153,6.636000000002241,22635.425000000003,2025-07-01 07:22:07.672000+00:00,22625.708,22629.179,3.471000000001368,TT_EXPIRED,,0.0,False,0
usatechidxusd_2025-07-01_tick.csv,2025-07-01 07:22:00+00:00,2025-07-01 07:23:00+00:00,2025-07-01 07:24:00+00:00,1,6.511999999998807,22625.732,22619.22,6.511999999998807,22632.244,2025-07-01 07:24:28.269000+00:00,22622.365,22625.781,3.415999999997439,TT_EXTENSION,2025-07-01 07:30:07.668000+00:00,1.7467751842755044,True,0
usatechidxusd_2025-07-01_tick.csv,2025-07-01 07:31:00+00:00,2025-07-01 07:32:00+00:00,2025-07-01 07:33:00+00:00,-1,11.72099999999773,22626.632,22638.353,11.72099999999773,22614.911000000004,2025-07-01 07:37:59.126000+00:00,22626.297,22629.736,3.4390000000021246,TT_EXTENSION,2025-07-01 07:50:12.787000+00:00,19.514631857354125,True,0
usatechidxusd_2025-07-01_tick.csv,2025-07-01 07:57:00+00:00,2025-07-01 07:58:00+00:00,2025-07-01 07:59:00+00:00,-1,8.143000000000029,22618.243,22626.386,8.143000000000029,22610.1,2025-07-01 08:02:10.228000+00:00,22617.598,22620.801,3.202999999997701,TT_EXTENSION,2025-07-01 08:02:51.427000+00:00,27.49846493921128,True,0
usatechidxusd_2025-07-01_tick.csv,2025-07-01 08:02:00+00:00,2025-07-01 08:03:00+00:00,2025-07-01 08:04:00+00:00,-1,6.787000000000262,22604.61,22611.397,6.787000000000262,22597.823,2025-07-01 09:46:54.884000+00:00,22601.743,22605.258,3.515000000003056,TT_EXPIRED,,0.0,False,0
usatechidxusd_2025-07-01_tick.csv,2025-07-01 08:05:00+00:00,2025-07-01 08:06:00+00:00,2025-07-01 08:07:00+00:00,-1,7.223999999998341,22610.075,22617.299,7.223999999998341,22602.851000000002,2025-07-01 08:07:16.082000+00:00,22610.065,22613.311,3.246000000002823,TT_EXPIRED,,0.0,False,0
usatechidxusd_2025-07-01_tick.csv,2025-07-01 08:06:00+00:00,2025-07-01 08:07:00+00:00,2025-07-01 08:08:00+00:00,1,11.088999999999942,22617.299,22606.21,11.088999999999942,22628.388,2025-07-01 08:08:43.141000+00:00,22614.664,22618.158,3.4939999999987776,TT_EXTENSION,2025-07-01 08:24:11.524000+00:00,1.3735233113896517,True,0
usatechidxusd_2025-07-01_tick.csv,2025-07-01 08:07:00+00:00,2025-07-01 08:08:00+00:00,2025-07-01 08:09:00+00:00,-1,8.888000000002648,22606.21,22615.098,8.888000000002648,22597.321999999996,2025-07-01 09:46:38.995000+00:00,22606.098,22609.525,3.42699999999968,TT_EXPIRED,,0.0,False,0
usatechidxusd_2025-07-01_tick.csv,2025-07-01 08:14:00+00:00,2025-07-01 08:15:00+00:00,2025-07-01 08:16:00+00:00,-1,9.012000000002445,22611.887,22620.899,9.012000000002445,22602.874999999996,2025-07-01 09:11:22.625000+00:00,22611.886,22615.101,3.2150000000001455,TT_EXPIRED,,0.0,False,0
usatechidxusd_2025-07-01_tick.csv,2025-07-01 08:15:00+00:00,2025-07-01 08:16:00+00:00,2025-07-01 08:17:00+00:00,1,7.32300000000032,22620.899,22613.576,7.32300000000032,22628.222,2025-07-01 08:17:07.760000+00:00,22617.743,22621.257,3.514000000002852,TT_EXPIRED,,0.0,False,0
usatechidxusd_2025-07-01_tick.csv,2025-07-01 08:33:00+00:00,2025-07-01 08:34:00+00:00,2025-07-01 08:35:00+00:00,-1,6.091000000000349,22625.198,22631.289,6.091000000000349,22619.107,2025-07-01 08:41:06.320000+00:00,22625.043,22628.492,3.448999999996886,TT_EXTENSION,2025-07-01 08:43:05.402000+00:00,38.24117550484097,True,0
usatechidxusd_2025-07-01_tick.csv,2025-07-01 08:34:00+00:00,2025-07-01 08:35:00+00:00,2025-07-01 08:36:00+00:00,-1,7.111000000000786,22628.108,22635.219,7.111000000000786,22620.997,2025-07-01 08:39:00.285000+00:00,22627.821,22631.325,3.504000000000815,TT_EXTENSION,2025-07-01 08:43:04.248000+00:00,33.02165658838042,True,0
usatechidxusd_2025-07-01_tick.csv,2025-07-01 08:43:00+00:00,2025-07-01 08:44:00+00:00,2025-07-01 08:45:00+00:00,-1,7.268000000000029,22612.242,22619.51,7.268000000000029,22604.974,2025-07-01 09:11:18.815000+00:00,22612.187,22615.636,3.448999999996886,TT_EXPIRED,,0.0,False,0
usatechidxusd_2025-07-01_tick.csv,2025-07-01 09:04:00+00:00,2025-07-01 09:05:00+00:00,2025-07-01 09:06:00+00:00,1,6.110000000000582,22631.399,22625.289,6.110000000000582,22637.509000000002,2025-07-01 11:00:23.494000+00:00,22628.098,22631.558,3.459999999999127,TT_EXPIRED,,0.0,False,0
usatechidxusd_2025-07-01_tick.csv,2025-07-01 09:16:00+00:00,2025-07-01 09:17:00+00:00,2025-07-01 09:18:00+00:00,-1,6.379999999997381,22607.719,22614.099,6.379999999997381,22601.339000000004,2025-07-01 09:31:14.188000+00:00,22607.665,22610.901,3.236000000000786,TT_EXPIRED,,0.0,False,0
usatechidxusd_2025-07-01_tick.csv,2025-07-01 09:22:00+00:00,2025-07-01 09:23:00+00:00,2025-07-01 09:24:00+00:00,-1,6.021999999997206,22620.864,22626.886,6.021999999997206,22614.842000000004,2025-07-01 09:26:10.215000+00:00,22620.831,22624.368,3.537000000000262,TT_EXTENSION,2025-07-01 09:31:02.564000+00:00,37.97110594488708,True,0
usatechidxusd_2025-07-01_tick.csv,2025-07-01 09:31:00+00:00,2025-07-01 09:32:00+00:00,2025-07-01 09:33:00+00:00,-1,8.868000000002212,22607.175,22616.043,8.868000000002212,22598.306999999997,2025-07-01 09:43:09.240000+00:00,22607.031,22610.558,3.5270000000018626,TT_EXPIRED,,0.0,False,0
usatechidxusd_2025-07-01_tick.csv,2025-07-01 09:45:00+00:00,2025-07-01 09:46:00+00:00,2025-07-01 09:47:00+00:00,1,11.644000000000233,22610.897,22599.253,11.644000000000233,22622.541,2025-07-01 09:55:55.515000+00:00,22607.653,22611.102,3.449000000000524,TT_EXTENSION,2025-07-01 10:02:30.592000+00:00,0.9410855376158107,True,0
usatechidxusd_2025-07-01_tick.csv,2025-07-01 09:49:00+00:00,2025-07-01 09:50:00+00:00,2025-07-01 09:51:00+00:00,1,6.587999999999738,22606.108,22599.52,6.587999999999738,22612.696,2025-07-01 09:51:28.903000+00:00,22602.664,22606.19,3.525999999998021,TT_EXPIRED,,0.0,False,0
usatechidxusd_2025-07-01_tick.csv,2025-07-01 10:58:00+00:00,2025-07-01 10:59:00+00:00,2025-07-01 11:00:00+00:00,-1,7.099999999998545,22616.698,22623.798,7.099999999998545,22609.598,2025-07-01 11:18:39.288000+00:00,22616.642,22619.901,3.2590000000018335,TT_EXPIRED,,0.0,False,0
usatechidxusd_2025-07-01_tick.csv,2025-07-01 11:06:00+00:00,2025-07-01 11:07:00+00:00,2025-07-01 11:08:00+00:00,-1,6.433999999997468,22624.365,22630.799,6.433999999997468,22617.931000000004,2025-07-01 11:10:07.026000+00:00,22624.319,22627.736,3.4170000000012806,TT_EXPIRED,,0.0,False,0
usatechidxusd_2025-07-01_tick.csv,2025-07-01 11:16:00+00:00,2025-07-01 11:17:00+00:00,2025-07-01 11:18:00+00:00,1,9.877999999996973,22630.564,22620.686,9.877999999996973,22640.441999999995,2025-07-01 11:30:15.544000+00:00,22627.608,22630.801,3.1929999999993015,TT_EXPIRED,,0.0,False,0
usatechidxusd_2025-07-01_tick.csv,2025-07-01 11:20:00+00:00,2025-07-01 11:21:00+00:00,2025-07-01 11:22:00+00:00,-1,9.190000000002328,22614.62,22623.81,9.190000000002328,22605.429999999997,2025-07-01 11:47:21.881000+00:00,22614.51,22618.003,3.493000000002212,TT_EXTENSION,2025-07-01 11:57:00.124000+00:00,23.857453754074083,True,0
usatechidxusd_2025-07-01_tick.csv,2025-07-01 11:49:00+00:00,2025-07-01 11:50:00+00:00,2025-07-01 11:51:00+00:00,1,6.789000000000669,22619.799,22613.01,6.789000000000669,22626.588,2025-07-01 11:59:31.195000+00:00,22616.51,22620.046,3.536000000000058,TT_EXPIRED,,0.0,False,0
usatechidxusd_2025-07-01_tick.csv,2025-07-01 11:55:00+00:00,2025-07-01 11:56:00+00:00,2025-07-01 11:57:00+00:00,1,7.967000000000553,22610.175,22602.208,7.967000000000553,22618.142,2025-07-01 11:58:38.687000+00:00,22606.831,22610.291,3.460000000002765,TT_EXTENSION,2025-07-01 12:00:54.861000+00:00,1.9049830551021245,True,0
usatechidxusd_2025-07-01_tick.csv,2025-07-01 11:57:00+00:00,2025-07-01 11:58:00+00:00,2025-07-01 11:59:00+00:00,-1,13.566999999999098,22595.087,22608.654,13.566999999999098,22581.52,2025-07-01 12:08:46.275000+00:00,22595.065,22598.481,3.416000000001077,TT_EXTENSION,2025-07-01 12:18:21.766000+00:00,14.398172035086102,True,0
usatechidxusd_2025-07-01_tick.csv,2025-07-01 12:00:00+00:00,2025-07-01 12:01:00+00:00,2025-07-01 12:02:00+00:00,1,9.680000000000291,22619.389,22609.709,9.680000000000291,22629.069,2025-07-01 13:51:36.647000+00:00,22618.054,22619.491,1.4370000000017171,TT_EXPIRED,,0.0,False,0
usatechidxusd_2025-07-01_tick.csv,2025-07-01 12:02:00+00:00,2025-07-01 12:03:00+00:00,2025-07-01 12:04:00+00:00,1,7.722999999998137,22614.354,22606.631,7.722999999998137,22622.076999999997,2025-07-01 12:04:10.799000+00:00,22611.109,22614.502,3.393000000000029,TT_EXPIRED,,0.0,False,0
usatechidxusd_2025-07-01_tick.csv,2025-07-01 12:03:00+00:00,2025-07-01 12:04:00+00:00,2025-07-01 12:05:00+00:00,-1,6.388999999999214,22606.631,22613.02,6.388999999999214,22600.242000000002,2025-07-01 12:07:00.475000+00:00,22605.319,22608.692,3.3729999999995925,TT_EXTENSION,2025-07-01 12:08:06.600000+00:00,33.50477383002474,True,0
usatechidxusd_2025-07-01_tick.csv,2025-07-01 12:05:00+00:00,2025-07-01 12:06:00+00:00,2025-07-01 12:07:00+00:00,1,6.488000000001193,22614.375,22607.887,6.488000000001193,22620.863,2025-07-01 13:50:55.022000+00:00,22613.098,22614.558,1.4599999999991269,TT_EXPIRED,,0.0,False,0
usatechidxusd_2025-07-01_tick.csv,2025-07-01 12:09:00+00:00,2025-07-01 12:10:00+00:00,2025-07-01 12:11:00+00:00,1,12.667999999997846,22595.299,22582.631,12.667999999997846,22607.966999999997,2025-07-01 12:11:32.847000+00:00,22592.797,22596.269,3.4720000000015716,TT_EXPIRED,,0.0,False,0
usatechidxusd_2025-07-01_tick.csv,2025-07-01 12:10:00+00:00,2025-07-01 12:11:00+00:00,2025-07-01 12:12:00+00:00,-1,11.110999999997148,22582.631,22593.742,11.110999999997148,22571.520000000004,2025-07-01 12:15:59.678000+00:00,22582.631,22586.136,3.5049999999973807,TT_EXTENSION,2025-07-01 12:23:03.354000+00:00,16.6807668076727,True,0
usatechidxusd_2025-07-01_tick.csv,2025-07-01 12:11:00+00:00,2025-07-01 12:12:00+00:00,2025-07-01 12:13:00+00:00,1,10.421999999998661,22593.742,22583.32,10.421999999998661,22604.163999999997,2025-07-01 13:08:24.148000+00:00,22590.353,22593.836,3.4830000000001746,TT_EXPIRED,,0.0,False,0
usatechidxusd_2025-07-01_tick.csv,2025-07-01 12:18:00+00:00,2025-07-01 12:19:00+00:00,2025-07-01 12:20:00+00:00,1,6.809000000001106,22584.419,22577.61,6.809000000001106,22591.228000000003,2025-07-01 12:31:09.752000+00:00,22581.289,22584.546,3.256999999997788,TT_EXPIRED,,0.0,False,0
usatechidxusd_2025-07-01_tick.csv,2025-07-01 12:24:00+00:00,2025-07-01 12:25:00+00:00,2025-07-01 12:26:00+00:00,-1,7.354999999999563,22554.032,22561.387,7.354999999999563,22546.677,2025-07-01 12:29:38.629000+00:00,22554.021,22557.491,3.470000000001164,TT_EXPIRED,,0.0,False,0
usatechidxusd_2025-07-01_tick.csv,2025-07-01 12:26:00+00:00,2025-07-01 12:27:00+00:00,2025-07-01 12:28:00+00:00,-1,9.756999999997788,22541.632,22551.389,9.756999999997788,22531.875000000004,2025-07-01 14:28:22.418000+00:00,22541.065,22542.311,1.246000000002823,TT_EXPIRED,,0.0,False,0
usatechidxusd_2025-07-01_tick.csv,2025-07-01 12:28:00+00:00,2025-07-01 12:29:00+00:00,2025-07-01 12:30:00+00:00,1,6.1229999999995925,22552.743,22546.62,6.1229999999995925,22558.865999999998,2025-07-01 14:27:12.553000+00:00,22551.32,22552.781,1.4609999999993306,TT_EXPIRED,,0.0,False,0
usatechidxusd_2025-07-01_tick.csv,2025-07-01 12:31:00+00:00,2025-07-01 12:32:00+00:00,2025-07-01 12:33:00+00:00,1,10.157999999999447,22581.289,22571.131,10.157999999999447,22591.447,2025-07-01 12:33:06.316000+00:00,22578.789,22582.058,3.269000000000233,TT_EXPIRED,,0.0,False,0
usatechidxusd_2025-07-01_tick.csv,2025-07-01 12:32:00+00:00,2025-07-01 12:33:00+00:00,2025-07-01 12:34:00+00:00,-1,8.711999999999534,22571.131,22579.843,8.711999999999534,22562.419,2025-07-01 12:37:10.661000+00:00,22571.121,22574.591,3.470000000001164,TT_EXTENSION,2025-07-01 12:39:39.992000+00:00,20.229453627182142,True,0
usatechidxusd_2025-07-01_tick.csv,2025-07-01 12:38:00+00:00,2025-07-01 12:39:00+00:00,2025-07-01 12:40:00+00:00,1,10.04399999999805,22568.854,22558.81,10.04399999999805,22578.897999999997,2025-07-01 12:42:37.204000+00:00,22565.799,22569.036,3.2370000000009895,TT_EXTENSION,2025-07-01 12:47:31.618000+00:00,5.41825965750823,True,0
usatechidxusd_2025-07-01_tick.csv,2025-07-01 12:41:00+00:00,2025-07-01 12:42:00+00:00,2025-07-01 12:43:00+00:00,-1,7.77900000000227,22559.51,22567.289,7.77900000000227,22551.730999999996,2025-07-01 14:26:21.786000+00:00,22558.564,22560.014,1.4500000000007276,TT_EXTENSION,2025-07-01 14:27:13.657000+00:00,21.281784291033233,True,0
usatechidxusd_2025-07-01_tick.csv,2025-07-01 12:45:00+00:00,2025-07-01 12:46:00+00:00,2025-07-01 12:47:00+00:00,-1,6.47700000000259,22567.742,22574.219,6.47700000000259,22561.264999999996,2025-07-01 13:44:08.050000+00:00,22567.419,22568.868,1.448999999996886,TT_EXPIRED,,0.0,False,0
usatechidxusd_2025-07-01_tick.csv,2025-07-01 12:52:00+00:00,2025-07-01 12:53:00+00:00,2025-07-01 12:54:00+00:00,-1,8.88799999999901,22574.854,22583.742,8.88799999999901,22565.966,2025-07-01 13:43:31.701000+00:00,22574.853,22576.358,1.5050000000010186,TT_EXPIRED,,0.0,False,0
usatechidxusd_2025-07-01_tick.csv,2025-07-01 12:58:00+00:00,2025-07-01 12:59:00+00:00,2025-07-01 13:00:00+00:00,1,7.6560000000026776,22586.398,22578.742,7.6560000000026776,22594.054000000004,2025-07-01 13:00:10.598000+00:00,22583.175,22586.613,3.438000000001921,TT_EXPIRED,,0.0,False,0
usatechidxusd_2025-07-01_tick.csv,2025-07-01 12:59:00+00:00,2025-07-01 13:00:00+00:00,2025-07-01 13:01:00+00:00,-1,9.411000000000058,22578.742,22588.153,9.411000000000058,22569.331,2025-07-01 13:01:25.261000+00:00,22578.364,22581.879,3.514999999999418,TT_EXPIRED,,0.0,False,0
usatechidxusd_2025-07-01_tick.csv,2025-07-01 13:00:00+00:00,2025-07-01 13:01:00+00:00,2025-07-01 13:02:00+00:00,1,11.098999999998341,22588.153,22577.054,11.098999999998341,22599.251999999997,2025-07-01 13:02:43.636000+00:00,22584.665,22588.18,3.514999999999418,TT_EXTENSION,2025-07-01 13:09:19.105000+00:00,3.0693756194258786,True,0
usatechidxusd_2025-07-01_tick.csv,2025-07-01 13:01:00+00:00,2025-07-01 13:02:00+00:00,2025-07-01 13:03:00+00:00,-1,10.143000000000029,22577.054,22587.197,10.143000000000029,22566.911,2025-07-01 13:22:19.295000+00:00,22576.598,22580.057,3.458999999998923,TT_EXPIRED,,0.0,False,0
usatechidxusd_2025-07-01_tick.csv,2025-07-01 13:15:00+00:00,2025-07-01 13:16:00+00:00,2025-07-01 13:17:00+00:00,1,11.96600000000035,22600.619,22588.653,11.96600000000035,22612.585,2025-07-01 13:30:15.262000+00:00,22600.11,22601.602,1.4919999999983702,TT_EXPIRED,,0.0,False,0
usatechidxusd_2025-07-01_tick.csv,2025-07-01 13:19:00+00:00,2025-07-01 13:20:00+00:00,2025-07-01 13:21:00+00:00,-1,6.176000000003114,22580.51,22586.686,6.176000000003114,22574.333999999995,2025-07-01 13:22:07.148000+00:00,22580.321,22583.824,3.503000000000611,TT_EXPIRED,,0.0,False,0
usatechidxusd_2025-07-01_tick.csv,2025-07-01 13:22:00+00:00,2025-07-01 13:23:00+00:00,2025-07-01 13:24:00+00:00,-1,7.290999999997439,22576.598,22583.889,7.290999999997439,22569.307000000004,2025-07-01 13:43:28.738000+00:00,22576.154,22577.592,1.4380000000019209,TT_EXTENSION,2025-07-01 13:44:07.900000+00:00,25.116856398308652,True,0
usatechidxusd_2025-07-01_tick.csv,2025-07-01 13:23:00+00:00,2025-07-01 13:24:00+00:00,2025-07-01 13:25:00+00:00,-1,7.532999999999447,22579.264,22586.797,7.532999999999447,22571.731,2025-07-01 13:27:50.110000+00:00,22579.243,22582.735,3.492000000002008,TT_EXPIRED,,0.0,False,0
usatechidxusd_2025-07-01_tick.csv,2025-07-01 13:25:00+00:00,2025-07-01 13:26:00+00:00,2025-07-01 13:27:00+00:00,1,6.210999999999331,22589.298,22583.087,6.210999999999331,22595.509,2025-07-01 13:27:28.296000+00:00,22586.042,22589.491,3.449000000000524,TT_EXPIRED,,0.0,False,0
usatechidxusd_2025-07-01_tick.csv,2025-07-01 13:26:00+00:00,2025-07-01 13:27:00+00:00,2025-07-01 13:28:00+00:00,1,11.588999999999942,22590.099,22578.51,11.588999999999942,22601.688,2025-07-01 13:28:00.251000+00:00,22589.086,22592.514,3.4279999999998836,TT_EXTENSION,2025-07-01 13:30:16.519000+00:00,2.729398567607333,True,0
usatechidxusd_2025-07-01_tick.csv,2025-07-01 13:27:00+00:00,2025-07-01 13:28:00+00:00,2025-07-01 13:29:00+00:00,-1,11.889000000002852,22578.51,22590.399,11.889000000002852,22566.620999999996,2025-07-01 13:43:28.738000+00:00,22576.154,22577.592,1.4380000000019209,TT_EXPIRED,,0.0,False,0
usatechidxusd_2025-07-01_tick.csv,2025-07-01 13:28:00+00:00,2025-07-01 13:29:00+00:00,2025-07-01 13:30:00+00:00,1,7.81000000000131,22590.399,22582.589,7.81000000000131,22598.209000000003,2025-07-01 13:30:03.721000+00:00,22589.399,22590.646,1.2469999999993888,TT_EXTENSION,2025-07-01 13:30:11.406000+00:00,4.495518565939956,True,0
usatechidxusd_2025-07-01_tick.csv,2025-07-01 13:29:00+00:00,2025-07-01 13:30:00+00:00,2025-07-01 13:31:00+00:00,1,8.311000000001513,22589.343,22581.032,8.311000000001513,22597.654000000002,2025-07-01 13:31:39.613000+00:00,22589.164,22590.603,1.4389999999984866,TT_EXPIRED,,0.0,False,0
usatechidxusd_2025-07-01_tick.csv,2025-07-01 13:30:00+00:00,2025-07-01 13:31:00+00:00,2025-07-01 13:32:00+00:00,1,26.320999999999913,22607.131,22580.81,26.320999999999913,22633.452,2025-07-01 13:48:59.251000+00:00,22607.376,22608.835,1.4589999999989232,TT_EXPIRED,,0.0,False,0
usatechidxusd_2025-07-01_tick.csv,2025-07-01 13:31:00+00:00,2025-07-01 13:32:00+00:00,2025-07-01 13:33:00+00:00,-1,19.88799999999901,22580.81,22600.698,19.88799999999901,22560.922000000002,2025-07-01 13:43:07.294000+00:00,22580.099,22581.291,1.1920000000027358,TT_EXPIRED,,0.0,False,0
usatechidxusd_2025-07-01_tick.csv,2025-07-01 13:32:00+00:00,2025-07-01 13:33:00+00:00,2025-07-01 13:34:00+00:00,1,11.311000000001513,22600.698,22589.387,11.311000000001513,22612.009000000002,2025-07-01 13:34:01.725000+00:00,22600.386,22601.792,1.4060000000026776,TT_EXPIRED,,0.0,False,0
usatechidxusd_2025-07-01_tick.csv,2025-07-01 13:33:00+00:00,2025-07-01 13:34:00+00:00,2025-07-01 13:35:00+00:00,-1,10.998999999999796,22589.387,22600.386,10.998999999999796,22578.388,2025-07-01 13:35:02.352000+00:00,22589.331,22590.89,1.559000000001106,TT_EXPIRED,,0.0,False,0
usatechidxusd_2025-07-01_tick.csv,2025-07-01 13:34:00+00:00,2025-07-01 13:35:00+00:00,2025-07-01 13:36:00+00:00,-1,11.867000000002008,22584.653,22596.52,11.867000000002008,22572.785999999996,2025-07-01 13:37:53.623000+00:00,22584.108,22585.525,1.4170000000012806,TT_EXPIRED,,0.0,False,0
usatechidxusd_2025-07-01_tick.csv,2025-07-01 13:35:00+00:00,2025-07-01 13:36:00+00:00,2025-07-01 13:37:00+00:00,1,6.289000000000669,22596.52,22590.231,6.289000000000669,22602.809,2025-07-01 13:37:09.920000+00:00,22595.297,22596.691,1.3940000000002328,TT_EXPIRED,,0.0,False,0
usatechidxusd_2025-07-01_tick.csv,2025-07-01 13:36:00+00:00,2025-07-01 13:37:00+00:00,2025-07-01 13:38:00+00:00,1,21.68999999999869,22604.298,22582.608,21.68999999999869,22625.987999999998,2025-07-01 13:39:02.663000+00:00,22603.575,22605.069,1.4939999999987776,TT_EXPIRED,,0.0,False,0
usatechidxusd_2025-07-01_tick.csv,2025-07-01 13:37:00+00:00,2025-07-01 13:38:00+00:00,2025-07-01 13:39:00+00:00,-1,18.681000000000495,22582.608,22601.289,18.681000000000495,22563.927,2025-07-01 13:43:07.193000+00:00,22581.409,22582.835,1.4259999999994761,TT_EXPIRED,,0.0,False,0
usatechidxusd_2025-07-01_tick.csv,2025-07-01 13:38:00+00:00,2025-07-01 13:39:00+00:00,2025-07-01 13:40:00+00:00,1,10.092000000000553,22601.289,22591.197,10.092000000000553,22611.381,2025-07-01 13:40:06.804000+00:00,22600.575,22601.991,1.4160000000010768,TT_EXPIRED,,0.0,False,0
usatechidxusd_2025-07-01_tick.csv,2025-07-01 13:39:00+00:00,2025-07-01 13:40:00+00:00,2025-07-01 13:41:00+00:00,-1,13.16700000000128,22591.197,22604.364,13.16700000000128,22578.03,2025-07-01 13:41:51.206000+00:00,22591.109,22592.535,1.4259999999994761,TT_EXTENSION,2025-07-01 13:43:28.738000+00:00,14.570517202094623,True,0
usatechidxusd_2025-07-01_tick.csv,2025-07-01 13:40:00+00:00,2025-07-01 13:41:00+00:00,2025-07-01 13:42:00+00:00,-1,6.945999999999913,22594.343,22601.289,6.945999999999913,22587.397,2025-07-01 13:46:19.414000+00:00,22594.142,22595.401,1.2590000000018335,TT_EXTENSION,2025-07-01 13:47:45.151000+00:00,28.968758997984896,True,0
usatechidxusd_2025-07-01_tick.csv,2025-07-01 13:43:00+00:00,2025-07-01 13:44:00+00:00,2025-07-01 13:45:00+00:00,-1,11.255000000001019,22570.876,22582.131,11.255000000001019,22559.621,2025-07-01 14:22:08.253000+00:00,22566.297,22567.725,1.4279999999998836,TT_EXPIRED,,0.0,False,0
usatechidxusd_2025-07-01_tick.csv,2025-07-01 13:44:00+00:00,2025-07-01 13:45:00+00:00,2025-07-01 13:46:00+00:00,1,6.544000000001688,22582.131,22575.587,6.544000000001688,22588.675000000003,2025-07-01 14:03:50.220000+00:00,22581.609,22583.057,1.4480000000003201,TT_EXTENSION,2025-07-01 14:04:17.137000+00:00,6.822127139362023,True,0
usatechidxusd_2025-07-01_tick.csv,2025-07-01 13:46:00+00:00,2025-07-01 13:47:00+00:00,2025-07-01 13:48:00+00:00,1,9.587999999999738,22594.864,22585.276,9.587999999999738,22604.452,2025-07-01 13:48:57.543000+00:00,22594.099,22595.379,1.2800000000024738,TT_EXTENSION,2025-07-01 13:48:59.251000+00:00,3.0107425949102167,True,0
usatechidxusd_2025-07-01_tick.csv,2025-07-01 13:47:00+00:00,2025-07-01 13:48:00+00:00,2025-07-01 13:49:00+00:00,-1,22.131999999997788,22585.276,22607.408,22.131999999997788,22563.144000000004,2025-07-01 14:03:37.793000+00:00,22585.208,22586.647,1.4390000000021246,TT_EXPIRED,,0.0,False,0
usatechidxusd_2025-07-01_tick.csv,2025-07-01 13:48:00+00:00,2025-07-01 13:49:00+00:00,2025-07-01 13:50:00+00:00,1,12.631999999997788,22607.408,22594.776,12.631999999997788,22620.039999999997,2025-07-01 13:50:00.440000+00:00,22606.799,22607.811,1.0120000000024447,TT_EXTENSION,2025-07-01 13:51:54.625000+00:00,1.051219126029496,True,0
usatechidxusd_2025-07-01_tick.csv,2025-07-01 13:49:00+00:00,2025-07-01 13:50:00+00:00,2025-07-01 13:51:00+00:00,1,7.009999999998399,22608.653,22601.643,7.009999999998399,22615.662999999997,2025-07-01 13:52:43.406000+00:00,22607.575,22609.068,1.492999999998574,TT_EXTENSION,2025-07-01 13:53:46.589000+00:00,2.518687589159302,True,0
usatechidxusd_2025-07-01_tick.csv,2025-07-01 13:51:00+00:00,2025-07-01 13:52:00+00:00,2025-07-01 13:53:00+00:00,-1,9.703000000001339,22610.586,22620.289,9.703000000001339,22600.882999999998,2025-07-01 13:53:09.102000+00:00,22610.376,22611.857,1.4809999999997672,TT_EXTENSION,2025-07-01 13:57:01.949000+00:00,22.127486344426266,True,0
usatechidxusd_2025-07-01_tick.csv,2025-07-01 13:52:00+00:00,2025-07-01 13:53:00+00:00,2025-07-01 13:54:00+00:00,-1,13.04399999999805,22605.665,22618.709,13.04399999999805,22592.621000000003,2025-07-01 13:55:18.844000+00:00,22605.242,22606.681,1.4390000000021246,TT_EXTENSION,2025-07-01 14:00:00.288000+00:00,15.826510272924976,True,0
usatechidxusd_2025-07-01_tick.csv,2025-07-01 13:53:00+00:00,2025-07-01 13:54:00+00:00,2025-07-01 13:55:00+00:00,1,8.96600000000035,22618.709,22609.743,8.96600000000035,22627.675,2025-07-01 14:15:14.588000+00:00,22633.319,22634.725,1.4059999999990396,TT_EXTENSION,2025-07-01 14:15:52.225000+00:00,0.3532232879769303,True,0
usatechidxusd_2025-07-01_tick.csv,2025-07-01 13:55:00+00:00,2025-07-01 13:56:00+00:00,2025-07-01 13:57:00+00:00,-1,11.598999999998341,22601.72,22613.319,11.598999999998341,22590.121000000003,2025-07-01 13:57:01.949000+00:00,22599.409,22600.825,1.4160000000010768,TT_EXTENSION,2025-07-01 14:00:01.205000+00:00,17.58263643417809,True,0
usatechidxusd_2025-07-01_tick.csv,2025-07-01 13:58:00+00:00,2025-07-01 13:59:00+00:00,2025-07-01 14:00:00+00:00,-1,7.421999999998661,22593.365,22600.787,7.421999999998661,22585.943000000003,2025-07-01 14:00:00.288000+00:00,22589.01,22590.311,1.301000000003114,TT_EXPIRED,,0.0,False,0
usatechidxusd_2025-07-01_tick.csv,2025-07-01 13:59:00+00:00,2025-07-01 14:00:00+00:00,2025-07-01 14:01:00+00:00,1,12.144000000000233,22600.787,22588.643,12.144000000000233,22612.931,2025-07-01 14:01:19.977000+00:00,22599.676,22601.168,1.4920000000020082,TT_EXPIRED,,0.0,False,0
usatechidxusd_2025-07-01_tick.csv,2025-07-01 14:00:00+00:00,2025-07-01 14:01:00+00:00,2025-07-01 14:02:00+00:00,-1,15.565999999998894,22588.643,22604.209,15.565999999998894,22573.077,2025-07-01 14:02:55.542000+00:00,22588.62,22590.169,1.5490000000027067,TT_EXPIRED,,0.0,False,0
usatechidxusd_2025-07-01_tick.csv,2025-07-01 14:01:00+00:00,2025-07-01 14:02:00+00:00,2025-07-01 14:03:00+00:00,1,15.944999999999709,22604.209,22588.264,15.944999999999709,22620.154,2025-07-01 14:05:53.347000+00:00,22603.097,22604.58,1.4830000000001746,TT_EXPIRED,,0.0,False,0
usatechidxusd_2025-07-01_tick.csv,2025-07-01 14:02:00+00:00,2025-07-01 14:03:00+00:00,2025-07-01 14:04:00+00:00,-1,7.355999999999767,22588.264,22595.62,7.355999999999767,22580.908,2025-07-01 14:04:20+00:00,22588.11,22589.69,1.5799999999981083,TT_EXPIRED,,0.0,False,0
usatechidxusd_2025-07-01_tick.csv,2025-07-01 14:03:00+00:00,2025-07-01 14:04:00+00:00,2025-07-01 14:05:00+00:00,-1,11.15400000000227,22580.243,22591.397,11.15400000000227,22569.088999999996,2025-07-01 14:10:25.549000+00:00,22579.609,22581.068,1.4589999999989232,TT_EXPIRED,,0.0,False,0
usatechidxusd_2025-07-01_tick.csv,2025-07-01 14:05:00+00:00,2025-07-01 14:06:00+00:00,2025-07-01 14:07:00+00:00,1,13.21099999999933,22603.753,22590.542,13.21099999999933,22616.964,2025-07-01 14:13:32.709000+00:00,22602.619,22603.991,1.3720000000030268,TT_EXTENSION,2025-07-01 14:15:14.588000+00:00,1.2379834985996816,True,0
usatechidxusd_2025-07-01_tick.csv,2025-07-01 14:07:00+00:00,2025-07-01 14:08:00+00:00,2025-07-01 14:09:00+00:00,1,6.680000000000291,22595.789,22589.109,6.680000000000291,22602.469,2025-07-01 14:09:03.575000+00:00,22594.553,22596.036,1.4830000000001746,TT_EXPIRED,,0.0,False,0
usatechidxusd_2025-07-01_tick.csv,2025-07-01 14:08:00+00:00,2025-07-01 14:09:00+00:00,2025-07-01 14:10:00+00:00,1,12.167999999997846,22596.065,22583.897,12.167999999997846,22608.232999999997,2025-07-01 14:12:41.307000+00:00,22594.619,22596.068,1.4490000000005239,TT_EXTENSION,2025-07-01 14:13:46.884000+00:00,2.0616370808684588,True,0
usatechidxusd_2025-07-01_tick.csv,2025-07-01 14:10:00+00:00,2025-07-01 14:11:00+00:00,2025-07-01 14:12:00+00:00,-1,11.1349999999984,22574.754,22585.889,11.1349999999984,22563.619000000002,2025-07-01 14:22:02.019000+00:00,22573.786,22575.279,1.492999999998574,TT_EXTENSION,2025-07-01 14:26:21.685000+00:00,15.935249214191975,True,0
usatechidxusd_2025-07-01_tick.csv,2025-07-01 14:22:00+00:00,2025-07-01 14:23:00+00:00,2025-07-01 14:24:00+00:00,-1,17.531999999999243,22562.776,22580.308,17.531999999999243,22545.244000000002,2025-07-01 14:26:21.635000+00:00,22562.499,22563.78,1.2809999999990396,TT_EXTENSION,2025-07-01 14:28:22.264000+00:00,9.072781200091775,True,0
usatechidxusd_2025-07-01_tick.csv,2025-07-01 14:23:00+00:00,2025-07-01 14:24:00+00:00,2025-07-01 14:25:00+00:00,1,7.922000000002299,22580.308,22572.386,7.922000000002299,22588.230000000003,2025-07-01 14:25:05.636000+00:00,22579.132,22580.581,1.448999999996886,TT_EXPIRED,,0.0,False,0
usatechidxusd_2025-07-01_tick.csv,2025-07-01 14:24:00+00:00,2025-07-01 14:25:00+00:00,2025-07-01 14:26:00+00:00,-1,9.890000000003056,22572.386,22582.276,9.890000000003056,22562.495999999996,2025-07-01 14:26:03.455000+00:00,22572.164,22573.679,1.514999999999418,TT_EXTENSION,2025-07-01 14:26:21.685000+00:00,17.827704752269035,True,0
usatechidxusd_2025-07-01_tick.csv,2025-07-01 14:27:00+00:00,2025-07-01 14:28:00+00:00,2025-07-01 14:29:00+00:00,-1,6.477999999999156,22544.609,22551.087,6.477999999999156,22538.131,2025-07-01 14:29:00.425000+00:00,22544.186,22545.614,1.4279999999998836,TT_EXPIRED,,0.0,False,0
usatechidxusd_2025-07-01_tick.csv,2025-07-01 14:28:00+00:00,2025-07-01 14:29:00+00:00,2025-07-01 14:30:00+00:00,-1,20.822000000000116,22535.376,22556.198,20.822000000000116,22514.554,2025-07-01 14:33:28.143000+00:00,22533.908,22535.303,1.3950000000004366,TT_EXTENSION,2025-07-01 14:37:20.985000+00:00,6.1653059264239305,True,0
usatechidxusd_2025-07-01_tick.csv,2025-07-01 14:29:00+00:00,2025-07-01 14:30:00+00:00,2025-07-01 14:31:00+00:00,1,9.477999999999156,22556.198,22546.72,9.477999999999156,22565.676,2025-07-01 14:31:08.360000+00:00,22554.71,22556.268,1.5580000000009022,TT_EXTENSION,2025-07-01 14:32:03.357000+00:00,0.4125342899346067,True,0
usatechidxusd_2025-07-01_tick.csv,2025-07-01 14:30:00+00:00,2025-07-01 14:31:00+00:00,2025-07-01 14:32:00+00:00,1,11.763999999999214,22559.053,22547.289,11.763999999999214,22570.817,2025-07-01 14:33:04.319000+00:00,22557.587,22559.068,1.4809999999997672,TT_EXPIRED,,0.0,False,0
usatechidxusd_2025-07-01_tick.csv,2025-07-01 14:34:00+00:00,2025-07-01 14:35:00+00:00,2025-07-01 14:36:00+00:00,-1,19.443999999999505,22520.32,22539.764,19.443999999999505,22500.876,2025-07-01 14:37:05.553000+00:00,22519.754,22521.268,1.5139999999992142,TT_EXTENSION,2025-07-01 14:40:19.798000+00:00,5.898786257971756,True,0
usatechidxusd_2025-07-01_tick.csv,2025-07-01 14:35:00+00:00,2025-07-01 14:36:00+00:00,2025-07-01 14:37:00+00:00,1,13.409999999999854,22539.764,22526.354,13.409999999999854,22553.174,2025-07-01 17:51:02.805000+00:00,22538.265,22539.769,1.504000000000815,TT_EXPIRED,,0.0,False,0
usatechidxusd_2025-07-01_tick.csv,2025-07-01 14:37:00+00:00,2025-07-01 14:38:00+00:00,2025-07-01 14:39:00+00:00,-1,10.764999999999418,22509.343,22520.108,10.764999999999418,22498.578,2025-07-01 14:39:51.491000+00:00,22506.889,22507.911,1.022000000000844,TT_EXTENSION,2025-07-01 14:40:40.014000+00:00,10.441058987460021,True,0
usatechidxusd_2025-07-01_tick.csv,2025-07-01 14:38:00+00:00,2025-07-01 14:39:00+00:00,2025-07-01 14:40:00+00:00,1,13.21900000000096,22520.108,22506.889,13.21900000000096,22533.327,2025-07-01 16:53:02.894000+00:00,22518.81,22520.324,1.5139999999992142,TT_EXPIRED,,0.0,False,0
usatechidxusd_2025-07-01_tick.csv,2025-07-01 14:40:00+00:00,2025-07-01 14:41:00+00:00,2025-07-01 14:42:00+00:00,-1,8.845000000001164,22494.52,22503.365,8.845000000001164,22485.675,2025-07-01 14:42:11.336000+00:00,22492.198,22493.679,1.4809999999997672,TT_EXPIRED,,0.0,False,0
usatechidxusd_2025-07-01_tick.csv,2025-07-01 14:41:00+00:00,2025-07-01 14:42:00+00:00,2025-07-01 14:43:00+00:00,1,14.566000000002532,22503.365,22488.799,14.566000000002532,22517.931000000004,2025-07-01 14:43:11.516000+00:00,22502.299,22503.524,1.2250000000021828,TT_EXPIRED,,0.0,False,0
usatechidxusd_2025-07-01_tick.csv,2025-07-01 14:42:00+00:00,2025-07-01 14:43:00+00:00,2025-07-01 14:44:00+00:00,-1,18.09900000000198,22488.799,22506.898,18.09900000000198,22470.699999999997,2025-07-01 14:46:10.659000+00:00,22488.21,22489.691,1.4809999999997672,TT_EXPIRED,,0.0,False,0
usatechidxusd_2025-07-01_tick.csv,2025-07-01 14:43:00+00:00,2025-07-01 14:44:00+00:00,2025-07-01 14:45:00+00:00,1,8.345000000001164,22506.898,22498.553,8.345000000001164,22515.243000000002,2025-07-01 14:48:18.962000+00:00,22505.721,22507.192,1.47099999999773,TT_EXPIRED,,0.0,False,0
usatechidxusd_2025-07-01_tick.csv,2025-07-01 14:44:00+00:00,2025-07-01 14:45:00+00:00,2025-07-01 14:46:00+00:00,1,20.59900000000198,22509.809,22489.21,20.59900000000198,22530.408000000003,2025-07-01 14:48:32.160000+00:00,22508.51,22510.069,1.559000000001106,TT_EXPIRED,,0.0,False,0
usatechidxusd_2025-07-01_tick.csv,2025-07-01 14:46:00+00:00,2025-07-01 14:47:00+00:00,2025-07-01 14:48:00+00:00,-1,26.61200000000099,22472.075,22498.687,26.61200000000099,22445.463,2025-07-01 14:58:26.188000+00:00,22471.564,22473.057,1.493000000002212,TT_EXPIRED,,0.0,False,0
usatechidxusd_2025-07-01_tick.csv,2025-07-01 14:48:00+00:00,2025-07-01 14:49:00+00:00,2025-07-01 14:50:00+00:00,1,20.333999999998923,22508.51,22488.176,20.333999999998923,22528.843999999997,2025-07-01 14:51:06.457000+00:00,22507.021,22508.535,1.5139999999992142,TT_EXPIRED,,0.0,False,0
usatechidxusd_2025-07-01_tick.csv,2025-07-01 14:49:00+00:00,2025-07-01 14:50:00+00:00,2025-07-01 14:51:00+00:00,-1,17.122999999999593,22488.176,22505.299,17.122999999999593,22471.053,2025-07-01 14:52:21.203000+00:00,22486.276,22487.747,1.47099999999773,TT_EXTENSION,2025-07-01 14:58:26.238000+00:00,4.956666471996824,True,0
usatechidxusd_2025-07-01_tick.csv,2025-07-01 14:50:00+00:00,2025-07-01 14:51:00+00:00,2025-07-01 14:52:00+00:00,1,8.0,22505.299,22497.299,8.0,22513.299,2025-07-01 15:05:02.509000+00:00,22503.842,22505.325,1.4830000000001746,TT_EXPIRED,,0.0,False,0
usatechidxusd_2025-07-01_tick.csv,2025-07-01 14:52:00+00:00,2025-07-01 14:53:00+00:00,2025-07-01 14:54:00+00:00,-1,12.766999999999825,22486.276,22499.043,12.766999999999825,22473.509000000002,2025-07-01 14:56:05.886000+00:00,22486.232,22487.769,1.537000000000262,TT_EXTENSION,2025-07-01 14:58:26.188000+00:00,6.840213049267858,True,0
usatechidxusd_2025-07-01_tick.csv,2025-07-01 14:53:00+00:00,2025-07-01 14:54:00+00:00,2025-07-01 14:55:00+00:00,-1,8.0779999999977,22490.308,22498.386,8.0779999999977,22482.230000000003,2025-07-01 14:55:13.056000+00:00,22490.119,22491.301,1.1820000000006985,TT_EXPIRED,,0.0,False,0
usatechidxusd_2025-07-01_tick.csv,2025-07-01 14:54:00+00:00,2025-07-01 14:55:00+00:00,2025-07-01 14:56:00+00:00,1,8.599999999998545,22498.386,22489.786,8.599999999998545,22506.985999999997,2025-07-01 15:04:13.526000+00:00,22497.299,22498.579,1.2800000000024738,TT_EXPIRED,,0.0,False,0
usatechidxusd_2025-07-01_tick.csv,2025-07-01 14:56:00+00:00,2025-07-01 14:57:00+00:00,2025-07-01 14:58:00+00:00,-1,7.153999999998632,22483.232,22490.386,7.153999999998632,22476.078,2025-07-01 14:58:14.740000+00:00,22482.21,22483.736,1.526000000001659,TT_EXTENSION,2025-07-01 14:58:25.936000+00:00,12.566116857704534,True,0
usatechidxusd_2025-07-01_tick.csv,2025-07-01 14:57:00+00:00,2025-07-01 14:58:00+00:00,2025-07-01 14:59:00+00:00,-1,12.34599999999773,22474.753,22487.099,12.34599999999773,22462.407000000003,2025-07-01 14:59:39.153000+00:00,22474.731,22476.246,1.514999999999418,TT_EXTENSION,2025-07-01 15:01:06.652000+00:00,6.174226470113122,True,0
usatechidxusd_2025-07-01_tick.csv,2025-07-01 14:58:00+00:00,2025-07-01 14:59:00+00:00,2025-07-01 15:00:00+00:00,-1,13.565000000002328,22464.01,22477.575,13.565000000002328,22450.444999999996,2025-07-01 15:01:01.679000+00:00,22462.254,22463.501,1.2469999999993888,TT_EXPIRED,,0.0,False,0
usatechidxusd_2025-07-01_tick.csv,2025-07-01 14:59:00+00:00,2025-07-01 15:00:00+00:00,2025-07-01 15:01:00+00:00,1,11.031999999999243,22477.575,22466.543,11.031999999999243,22488.607,2025-07-01 15:01:35.628000+00:00,22476.132,22477.647,1.514999999999418,TT_EXTENSION,2025-07-01 15:02:02.454000+00:00,5.7078498912260045,True,0
usatechidxusd_2025-07-01_tick.csv,2025-07-01 15:00:00+00:00,2025-07-01 15:01:00+00:00,2025-07-01 15:02:00+00:00,-1,21.042999999997846,22466.543,22487.586,21.042999999997846,22445.500000000004,2025-07-01 15:07:40.558000+00:00,22466.143,22467.669,1.526000000001659,TT_EXTENSION,2025-07-01 15:08:00.188000+00:00,2.818989687782608,True,0
usatechidxusd_2025-07-01_tick.csv,2025-07-01 15:01:00+00:00,2025-07-01 15:02:00+00:00,2025-07-01 15:03:00+00:00,1,6.9320000000006985,22487.586,22480.654,6.9320000000006985,22494.518,2025-07-01 15:03:06.580000+00:00,22486.675,22488.136,1.4609999999993306,TT_EXTENSION,2025-07-01 15:03:46.522000+00:00,8.231102135025267,True,0
usatechidxusd_2025-07-01_tick.csv,2025-07-01 15:02:00+00:00,2025-07-01 15:03:00+00:00,2025-07-01 15:04:00+00:00,-1,14.721000000001368,22480.654,22495.375,14.721000000001368,22465.932999999997,2025-07-01 15:07:18.300000+00:00,22479.398,22480.611,1.212999999999738,TT_EXTENSION,2025-07-01 15:07:44.767000+00:00,5.41763467155693,True,0
usatechidxusd_2025-07-01_tick.csv,2025-07-01 15:05:00+00:00,2025-07-01 15:06:00+00:00,2025-07-01 15:07:00+00:00,1,19.932999999997264,22506.742,22486.809,19.932999999997264,22526.674999999996,2025-07-01 16:48:06.153000+00:00,22513.132,22514.658,1.525999999998021,TT_EXTENSION,2025-07-01 16:55:25.870000+00:00,1.2492349370395182,True,0
usatechidxusd_2025-07-01_tick.csv,2025-07-01 15:08:00+00:00,2025-07-01 15:09:00+00:00,2025-07-01 15:10:00+00:00,-1,18.531999999999243,22414.71,22433.242,18.531999999999243,22396.178,2025-07-01 15:10:32.458000+00:00,22413.919,22415.39,1.47099999999773,TT_EXTENSION,2025-07-01 15:13:23.916000+00:00,0.5394992445499677,True,0
usatechidxusd_2025-07-01_tick.csv,2025-07-01 15:09:00+00:00,2025-07-01 15:10:00+00:00,2025-07-01 15:11:00+00:00,1,26.73199999999997,22433.242,22406.51,26.73199999999997,22459.974,2025-07-01 15:20:00.213000+00:00,22432.575,22434.003,1.4279999999998836,TT_EXTENSION,2025-07-01 15:25:07.859000+00:00,3.426679634894609,True,0
usatechidxusd_2025-07-01_tick.csv,2025-07-01 15:10:00+00:00,2025-07-01 15:11:00+00:00,2025-07-01 15:12:00+00:00,-1,12.31000000000131,22406.51,22418.82,12.31000000000131,22394.199999999997,2025-07-01 15:13:02.446000+00:00,22405.119,22406.536,1.4170000000012806,TT_EXTENSION,2025-07-01 15:13:35.078000+00:00,0.6515028432165675,True,0
usatechidxusd_2025-07-01_tick.csv,2025-07-01 15:11:00+00:00,2025-07-01 15:12:00+00:00,2025-07-01 15:13:00+00:00,1,11.943999999999505,22418.82,22406.876,11.943999999999505,22430.764,2025-07-01 15:18:39.242000+00:00,22417.597,22419.024,1.4269999999996799,TT_EXTENSION,2025-07-01 15:19:33.352000+00:00,10.114869390489512,True,0
usatechidxusd_2025-07-01_tick.csv,2025-07-01 15:13:00+00:00,2025-07-01 15:14:00+00:00,2025-07-01 15:15:00+00:00,-1,8.065999999998894,22391.231,22399.297,8.065999999998894,22383.165,2025-07-01 15:15:00.980000+00:00,22390.742,22392.236,1.4940000000024156,TT_EXPIRED,,0.0,False,0
usatechidxusd_2025-07-01_tick.csv,2025-07-01 15:15:00+00:00,2025-07-01 15:16:00+00:00,2025-07-01 15:17:00+00:00,1,16.96600000000035,22403.109,22386.143,16.96600000000035,22420.075,2025-07-01 15:17:02.358000+00:00,22401.765,22403.268,1.5030000000006112,TT_EXTENSION,2025-07-01 15:18:47.731000+00:00,7.750854650477278,True,0
usatechidxusd_2025-07-01_tick.csv,2025-07-01 15:20:00+00:00,2025-07-01 15:21:00+00:00,2025-07-01 15:22:00+00:00,-1,13.611000000000786,22427.608,22441.219,13.611000000000786,22413.997,2025-07-01 15:42:29.868000+00:00,22409.397,22410.813,1.4159999999974389,TT_EXTENSION,2025-07-01 15:42:30.219000+00:00,0.33024759385781516,True,0
usatechidxusd_2025-07-01_tick.csv,2025-07-01 15:23:00+00:00,2025-07-01 15:24:00+00:00,2025-07-01 15:25:00+00:00,-1,20.912000000000262,22438.775,22459.687,20.912000000000262,22417.863,2025-07-01 15:42:29.868000+00:00,22409.397,22410.813,1.4159999999974389,TT_EXTENSION,2025-07-01 15:42:30.219000+00:00,0.39981828615152454,True,0
usatechidxusd_2025-07-01_tick.csv,2025-07-01 15:26:00+00:00,2025-07-01 15:27:00+00:00,2025-07-01 15:28:00+00:00,1,10.731999999999971,22481.597,22470.865,10.731999999999971,22492.329,2025-07-01 15:28:00.375000+00:00,22480.586,22482.08,1.4940000000024156,TT_EXPIRED,,0.0,False,0
usatechidxusd_2025-07-01_tick.csv,2025-07-01 15:27:00+00:00,2025-07-01 15:28:00+00:00,2025-07-01 15:29:00+00:00,1,8.83299999999872,22482.108,22473.275,8.83299999999872,22490.941,2025-07-01 15:31:15.798000+00:00,22481.089,22482.291,1.202000000001135,TT_EXPIRED,,0.0,False,0
usatechidxusd_2025-07-01_tick.csv,2025-07-01 15:29:00+00:00,2025-07-01 15:30:00+00:00,2025-07-01 15:31:00+00:00,-1,9.933999999997468,22468.398,22478.332,9.933999999997468,22458.464000000004,2025-07-01 15:32:33.307000+00:00,22468.176,22469.581,1.4049999999988358,TT_EXTENSION,2025-07-01 15:42:29.868000+00:00,4.9287296154636255,True,0
usatechidxusd_2025-07-01_tick.csv,2025-07-01 15:31:00+00:00,2025-07-01 15:32:00+00:00,2025-07-01 15:42:00+00:00,1,18.21099999999933,22483.809,22465.598,18.21099999999933,22502.02,2025-07-01 16:14:12.533000+00:00,22482.542,22484.09,1.547999999998865,TT_EXPIRED,,0.0,False,0
usatechidxusd_2025-07-01_tick.csv,2025-07-01 15:43:00+00:00,2025-07-01 15:44:00+00:00,2025-07-01 15:45:00+00:00,1,9.958000000002357,22433.289,22423.331,9.958000000002357,22443.247000000003,2025-07-01 15:45:12.654000+00:00,22432.309,22433.757,1.4480000000003201,TT_EXTENSION,2025-07-01 15:45:34.140000+00:00,10.878590078326196,True,0
usatechidxusd_2025-07-01_tick.csv,2025-07-01 15:44:00+00:00,2025-07-01 15:45:00+00:00,2025-07-01 15:46:00+00:00,-1,23.668000000001484,22423.331,22446.999,23.668000000001484,22399.662999999997,2025-07-01 16:07:44.910000+00:00,22422.521,22424.025,1.504000000000815,TT_EXPIRED,,0.0,False,0
usatechidxusd_2025-07-01_tick.csv,2025-07-01 15:45:00+00:00,2025-07-01 15:46:00+00:00,2025-07-01 15:47:00+00:00,1,14.101999999998952,22446.999,22432.897,14.101999999998952,22461.101,2025-07-01 15:51:14.292000+00:00,22446.198,22447.68,1.481999999999971,TT_EXTENSION,2025-07-01 15:52:38.608000+00:00,6.415756630265842,True,0
usatechidxusd_2025-07-01_tick.csv,2025-07-01 15:46:00+00:00,2025-07-01 15:47:00+00:00,2025-07-01 15:48:00+00:00,-1,9.878000000000611,22432.897,22442.775,9.878000000000611,22423.019,2025-07-01 15:48:20.300000+00:00,22432.808,22434.257,1.4490000000005239,TT_EXPIRED,,0.0,False,0
usatechidxusd_2025-07-01_tick.csv,2025-07-01 15:47:00+00:00,2025-07-01 15:48:00+00:00,2025-07-01 15:49:00+00:00,1,11.265000000003056,22442.775,22431.51,11.265000000003056,22454.040000000005,2025-07-01 15:51:02.645000+00:00,22441.398,22442.835,1.4369999999980791,TT_EXTENSION,2025-07-01 15:51:40.048000+00:00,8.658322237014644,True,0
usatechidxusd_2025-07-01_tick.csv,2025-07-01 15:48:00+00:00,2025-07-01 15:49:00+00:00,2025-07-01 15:50:00+00:00,-1,7.879000000000815,22431.51,22439.389,7.879000000000815,22423.630999999998,2025-07-01 15:50:00.692000+00:00,22431.397,22432.88,1.4830000000001746,TT_EXPIRED,,0.0,False,0
usatechidxusd_2025-07-01_tick.csv,2025-07-01 15:49:00+00:00,2025-07-01 15:50:00+00:00,2025-07-01 15:51:00+00:00,-1,14.244999999998981,22425.054,22439.299,14.244999999998981,22410.809,2025-07-01 16:05:15.179000+00:00,22424.999,22426.268,1.2690000000002328,TT_EXPIRED,,0.0,False,0
usatechidxusd_2025-07-01_tick.csv,2025-07-01 15:52:00+00:00,2025-07-01 15:53:00+00:00,2025-07-01 15:54:00+00:00,1,6.822000000000116,22461.608,22454.786,6.822000000000116,22468.43,2025-07-01 15:54:08.950000+00:00,22460.264,22461.702,1.4380000000019209,TT_EXPIRED,,0.0,False,0
usatechidxusd_2025-07-01_tick.csv,2025-07-01 15:53:00+00:00,2025-07-01 15:54:00+00:00,2025-07-01 15:55:00+00:00,-1,6.800999999999476,22454.786,22461.587,6.800999999999476,22447.985,2025-07-01 15:55:03.654000+00:00,22454.597,22456.069,1.4719999999979336,TT_EXTENSION,2025-07-01 15:57:17.976000+00:00,3.523011321864575,True,0
usatechidxusd_2025-07-01_tick.csv,2025-07-01 15:55:00+00:00,2025-07-01 15:56:00+00:00,2025-07-01 15:57:00+00:00,-1,10.735000000000582,22447.108,22457.843,10.735000000000582,22436.373,2025-07-01 15:57:17.173000+00:00,22447.099,22448.358,1.2590000000018335,TT_EXPIRED,,0.0,False,0
usatechidxusd_2025-07-01_tick.csv,2025-07-01 15:57:00+00:00,2025-07-01 15:58:00+00:00,2025-07-01 15:59:00+00:00,1,13.943999999999505,22454.219,22440.275,13.943999999999505,22468.163,2025-07-01 16:00:10.491000+00:00,22452.71,22454.224,1.5139999999992142,TT_EXPIRED,,0.0,False,0
usatechidxusd_2025-07-01_tick.csv,2025-07-01 15:58:00+00:00,2025-07-01 15:59:00+00:00,2025-07-01 16:00:00+00:00,-1,11.766999999999825,22440.275,22452.042,11.766999999999825,22428.508,2025-07-01 16:02:23.316000+00:00,22437.587,22439.079,1.4920000000020082,TT_EXPIRED,,0.0,False,0
usatechidxusd_2025-07-01_tick.csv,2025-07-01 15:59:00+00:00,2025-07-01 16:00:00+00:00,2025-07-01 16:01:00+00:00,1,7.799000000002707,22452.042,22444.243,7.799000000002707,22459.841000000004,2025-07-01 16:01:02.183000+00:00,22451.754,22453.224,1.4699999999975262,TT_EXPIRED,,0.0,False,0
usatechidxusd_2025-07-01_tick.csv,2025-07-01 16:00:00+00:00,2025-07-01 16:01:00+00:00,2025-07-01 16:02:00+00:00,-1,14.320999999999913,22444.243,22458.564,14.320999999999913,22429.922,2025-07-01 16:02:21.549000+00:00,22443.797,22445.279,1.481999999999971,TT_EXTENSION,2025-07-01 16:05:09.456000+00:00,0.41177292088522044,True,0
usatechidxusd_2025-07-01_tick.csv,2025-07-01 16:01:00+00:00,2025-07-01 16:02:00+00:00,2025-07-01 16:03:00+00:00,-1,7.268000000000029,22442.542,22449.81,7.268000000000029,22435.274,2025-07-01 16:03:05.946000+00:00,22442.287,22443.692,1.4049999999988358,TT_EXPIRED,,0.0,False,0
usatechidxusd_2025-07-01_tick.csv,2025-07-01 16:02:00+00:00,2025-07-01 16:03:00+00:00,2025-07-01 16:04:00+00:00,-1,17.79899999999907,22433.499,22451.298,17.79899999999907,22415.7,2025-07-01 16:04:18.500000+00:00,22433.376,22434.88,1.504000000000815,TT_EXPIRED,,0.0,False,0
usatechidxusd_2025-07-01_tick.csv,2025-07-01 16:03:00+00:00,2025-07-01 16:04:00+00:00,2025-07-01 16:05:00+00:00,1,21.090000000000146,22451.298,22430.208,21.090000000000146,22472.388,2025-07-01 16:10:32.303000+00:00,22450.109,22451.58,1.4710000000013679,TT_EXTENSION,2025-07-01 16:12:38.570000+00:00,3.754765291607462,True,0
usatechidxusd_2025-07-01_tick.csv,2025-07-01 16:05:00+00:00,2025-07-01 16:06:00+00:00,2025-07-01 16:07:00+00:00,1,9.45600000000195,22435.11,22425.654,9.45600000000195,22444.566000000003,2025-07-01 16:07:09.738000+00:00,22433.708,22435.18,1.4720000000015716,TT_EXPIRED,,0.0,False,0
usatechidxusd_2025-07-01_tick.csv,2025-07-01 16:06:00+00:00,2025-07-01 16:07:00+00:00,2025-07-01 16:08:00+00:00,1,15.054000000000087,22437.575,22422.521,15.054000000000087,22452.629,2025-07-01 16:08:32.730000+00:00,22436.153,22437.646,1.493000000002212,TT_EXTENSION,2025-07-01 16:10:45.298000+00:00,6.572804570213866,True,0
usatechidxusd_2025-07-01_tick.csv,2025-07-01 16:09:00+00:00,2025-07-01 16:10:00+00:00,2025-07-01 16:11:00+00:00,1,7.736000000000786,22446.389,22438.653,7.736000000000786,22454.125,2025-07-01 19:02:10.722000+00:00,22445.164,22446.69,1.525999999998021,TT_EXPIRED,,0.0,False,0
usatechidxusd_2025-07-01_tick.csv,2025-07-01 16:11:00+00:00,2025-07-01 16:12:00+00:00,2025-07-01 16:13:00+00:00,1,6.456999999998516,22470.243,22463.786,6.456999999998516,22476.699999999997,2025-07-01 16:17:49.334000+00:00,22469.097,22470.481,1.3839999999981956,TT_EXTENSION,2025-07-01 16:18:21.769000+00:00,11.596097258792172,True,0
usatechidxusd_2025-07-01_tick.csv,2025-07-01 16:12:00+00:00,2025-07-01 16:13:00+00:00,2025-07-01 16:14:00+00:00,1,6.489999999997963,22475.71,22469.22,6.489999999997963,22482.199999999997,2025-07-01 16:17:20.396000+00:00,22474.221,22475.757,1.5360000000000582,TT_EXPIRED,,0.0,False,0
usatechidxusd_2025-07-01_tick.csv,2025-07-01 16:14:00+00:00,2025-07-01 16:15:00+00:00,2025-07-01 16:16:00+00:00,1,15.166999999997643,22496.387,22481.22,15.166999999997643,22511.553999999996,2025-07-01 16:38:02.613000+00:00,22495.098,22496.524,1.4259999999994761,TT_EXPIRED,,0.0,False,0
usatechidxusd_2025-07-01_tick.csv,2025-07-01 16:15:00+00:00,2025-07-01 16:16:00+00:00,2025-07-01 16:17:00+00:00,-1,13.622999999999593,22481.22,22494.843,13.622999999999593,22467.597,2025-07-01 16:17:08.028000+00:00,22481.054,22482.557,1.5030000000006112,TT_EXTENSION,2025-07-01 16:17:47.929000+00:00,2.1193569698307195,True,0
usatechidxusd_2025-07-01_tick.csv,2025-07-01 16:16:00+00:00,2025-07-01 16:17:00+00:00,2025-07-01 16:18:00+00:00,1,29.11200000000099,22494.843,22465.731,29.11200000000099,22523.955,2025-07-01 16:38:00.604000+00:00,22493.364,22494.89,1.525999999998021,TT_EXTENSION,2025-07-01 16:53:44.412000+00:00,0.9487840065951583,True,0
usatechidxusd_2025-07-01_tick.csv,2025-07-01 16:17:00+00:00,2025-07-01 16:18:00+00:00,2025-07-01 16:19:00+00:00,-1,12.558000000000902,22465.731,22478.289,12.558000000000902,22453.173,2025-07-01 16:20:53.836000+00:00,22465.576,22466.801,1.2249999999985448,TT_EXPIRED,,0.0,False,0
usatechidxusd_2025-07-01_tick.csv,2025-07-01 16:21:00+00:00,2025-07-01 16:22:00+00:00,2025-07-01 16:23:00+00:00,-1,11.067999999999302,22462.231,22473.299,11.067999999999302,22451.163,2025-07-01 16:30:08.304000+00:00,22462.032,22463.481,1.4490000000005239,TT_EXPIRED,,0.0,False,0
usatechidxusd_2025-07-01_tick.csv,2025-07-01 16:22:00+00:00,2025-07-01 16:23:00+00:00,2025-07-01 16:24:00+00:00,1,10.133999999998196,22473.299,22463.165,10.133999999998196,22483.432999999997,2025-07-01 16:24:11.861000+00:00,22472.01,22473.546,1.5360000000000582,TT_EXPIRED,,0.0,False,0
usatechidxusd_2025-07-01_tick.csv,2025-07-01 16:23:00+00:00,2025-07-01 16:24:00+00:00,2025-07-01 16:25:00+00:00,-1,14.133999999998196,22463.165,22477.299,14.133999999998196,22449.031000000003,2025-07-01 16:30:03.201000+00:00,22463.087,22464.502,1.4150000000008731,TT_EXPIRED,,0.0,False,0
usatechidxusd_2025-07-01_tick.csv,2025-07-01 16:24:00+00:00,2025-07-01 16:25:00+00:00,2025-07-01 16:26:00+00:00,1,6.501000000000204,22477.299,22470.798,6.501000000000204,22483.8,2025-07-01 16:28:01.928000+00:00,22475.864,22477.324,1.4599999999991269,TT_EXPIRED,,0.0,False,0
usatechidxusd_2025-07-01_tick.csv,2025-07-01 16:26:00+00:00,2025-07-01 16:27:00+00:00,2025-07-01 16:28:00+00:00,-1,8.936000000001513,22466.553,22475.489,8.936000000001513,22457.617,2025-07-01 16:30:00.186000+00:00,22466.298,22467.724,1.4259999999994761,TT_EXPIRED,,0.0,False,0
usatechidxusd_2025-07-01_tick.csv,2025-07-01 16:28:00+00:00,2025-07-01 16:29:00+00:00,2025-07-01 16:30:00+00:00,-1,6.936000000001513,22470.053,22476.989,6.936000000001513,22463.117,2025-07-01 16:31:19.424000+00:00,22469.889,22471.168,1.27900000000227,TT_EXPIRED,,0.0,False,0
usatechidxusd_2025-07-01_tick.csv,2025-07-01 16:30:00+00:00,2025-07-01 16:31:00+00:00,2025-07-01 16:32:00+00:00,-1,19.056000000000495,22456.553,22475.609,19.056000000000495,22437.497,2025-07-01 19:01:13.389000+00:00,22454.364,22455.836,1.4719999999979336,TT_EXPIRED,,0.0,False,0
usatechidxusd_2025-07-01_tick.csv,2025-07-01 16:34:00+00:00,2025-07-01 16:35:00+00:00,2025-07-01 16:36:00+00:00,1,11.556000000000495,22488.287,22476.731,11.556000000000495,22499.843,2025-07-01 16:36:59.110000+00:00,22487.354,22488.846,1.4920000000020082,TT_EXTENSION,2025-07-01 16:45:24.253000+00:00,4.476722049151779,True,0
usatechidxusd_2025-07-01_tick.csv,2025-07-01 16:35:00+00:00,2025-07-01 16:36:00+00:00,2025-07-01 16:37:00+00:00,-1,11.045000000001892,22476.731,22487.776,11.045000000001892,22465.685999999998,2025-07-01 19:00:03.223000+00:00,22474.776,22476.236,1.4599999999991269,TT_EXTENSION,2025-07-01 19:00:09.702000+00:00,2.4410140334988424,True,0
usatechidxusd_2025-07-01_tick.csv,2025-07-01 16:38:00+00:00,2025-07-01 16:39:00+00:00,2025-07-01 16:40:00+00:00,1,8.609000000000378,22497.319,22488.71,8.609000000000378,22505.928,2025-07-01 16:43:25.310000+00:00,22496.299,22497.579,1.2800000000024738,TT_EXPIRED,,0.0,False,0
usatechidxusd_2025-07-01_tick.csv,2025-07-01 16:41:00+00:00,2025-07-01 16:42:00+00:00,2025-07-01 16:43:00+00:00,-1,15.38799999999901,22478.721,22494.109,15.38799999999901,22463.333000000002,2025-07-01 19:00:02.419000+00:00,22478.375,22479.869,1.4939999999987776,TT_EXTENSION,2025-07-01 19:00:10.002000+00:00,1.5991681830000906,True,0
usatechidxusd_2025-07-01_tick.csv,2025-07-01 16:43:00+00:00,2025-07-01 16:44:00+00:00,2025-07-01 16:45:00+00:00,1,6.467000000000553,22498.499,22492.032,6.467000000000553,22504.966,2025-07-01 16:45:02.650000+00:00,22497.098,22498.502,1.4039999999986321,TT_EXPIRED,,0.0,False,0
usatechidxusd_2025-07-01_tick.csv,2025-07-01 16:45:00+00:00,2025-07-01 16:46:00+00:00,2025-07-01 16:47:00+00:00,1,15.869999999998981,22501.789,22485.919,15.869999999998981,22517.659,2025-07-01 16:47:57.634000+00:00,22501.098,22502.546,1.4479999999966822,TT_EXTENSION,2025-07-01 16:53:02.241000+00:00,2.13717706364231,True,0
usatechidxusd_2025-07-01_tick.csv,2025-07-01 16:46:00+00:00,2025-07-01 16:47:00+00:00,2025-07-01 16:48:00+00:00,-1,16.43499999999767,22485.919,22502.354,16.43499999999767,22469.484000000004,2025-07-01 19:00:00.756000+00:00,22484.232,22485.703,1.4710000000013679,TT_EXTENSION,2025-07-01 19:00:08.446000+00:00,1.8715546090666157,True,0
usatechidxusd_2025-07-01_tick.csv,2025-07-01 16:48:00+00:00,2025-07-01 16:49:00+00:00,2025-07-01 16:50:00+00:00,1,11.855999999999767,22513.132,22501.276,11.855999999999767,22524.988,2025-07-01 16:52:14.151000+00:00,22511.786,22513.214,1.4279999999998836,TT_EXTENSION,2025-07-01 16:53:44.563000+00:00,2.2425775978407776,True,0
usatechidxusd_2025-07-01_tick.csv,2025-07-01 16:50:00+00:00,2025-07-01 16:51:00+00:00,2025-07-01 16:52:00+00:00,-1,7.6340000000018335,22496.675,22504.309,7.6340000000018335,22489.040999999997,2025-07-01 16:57:34.544000+00:00,22496.619,22497.991,1.3720000000030268,TT_EXPIRED,,0.0,False,0
usatechidxusd_2025-07-01_tick.csv,2025-07-01 16:53:00+00:00,2025-07-01 16:54:00+00:00,2025-07-01 16:55:00+00:00,1,8.488000000001193,22525.587,22517.099,8.488000000001193,22534.075,2025-07-01 16:55:00.505000+00:00,22524.143,22525.636,1.492999999998574,TT_EXPIRED,,0.0,False,0
usatechidxusd_2025-07-01_tick.csv,2025-07-01 16:54:00+00:00,2025-07-01 16:55:00+00:00,2025-07-01 16:56:00+00:00,1,7.433000000000902,22525.698,22518.265,7.433000000000902,22533.131,2025-07-01 17:07:36.064000+00:00,22524.543,22526.013,1.4699999999975262,TT_EXPIRED,,0.0,False,0
usatechidxusd_2025-07-01_tick.csv,2025-07-01 16:58:00+00:00,2025-07-01 16:59:00+00:00,2025-07-01 17:00:00+00:00,-1,9.010999999998603,22487.731,22496.742,9.010999999998603,22478.72,2025-07-01 19:00:00.756000+00:00,22484.232,22485.703,1.4710000000013679,TT_EXTENSION,2025-07-01 19:00:03.223000+00:00,4.438464099435004,True,0
usatechidxusd_2025-07-01_tick.csv,2025-07-01 16:59:00+00:00,2025-07-01 17:00:00+00:00,2025-07-01 17:01:00+00:00,-1,11.587999999999738,22490.043,22501.631,11.587999999999738,22478.455,2025-07-01 19:00:00.303000+00:00,22489.799,22491.036,1.2370000000009895,TT_EXTENSION,2025-07-01 19:00:03.223000+00:00,3.428546772523654,True,0
usatechidxusd_2025-07-01_tick.csv,2025-07-01 17:01:00+00:00,2025-07-01 17:02:00+00:00,2025-07-01 17:03:00+00:00,-1,10.377000000000407,22495.72,22506.097,10.377000000000407,22485.343,2025-07-01 18:58:48.593000+00:00,22495.31,22496.88,1.569999999999709,TT_EXTENSION,2025-07-01 19:00:00.908000+00:00,4.492435193215802,True,0
usatechidxusd_2025-07-01_tick.csv,2025-07-01 17:06:00+00:00,2025-07-01 17:07:00+00:00,2025-07-01 17:08:00+00:00,-1,11.18800000000192,22515.854,22527.042,11.18800000000192,22504.665999999997,2025-07-01 17:11:08.877000+00:00,22515.721,22517.28,1.558999999997468,TT_EXPIRED,,0.0,False,0
usatechidxusd_2025-07-01_tick.csv,2025-07-01 17:08:00+00:00,2025-07-01 17:09:00+00:00,2025-07-01 17:10:00+00:00,1,10.003000000000611,22529.289,22519.286,10.003000000000611,22539.292,2025-07-01 17:11:50.544000+00:00,22528.021,22529.535,1.5139999999992142,TT_EXPIRED,,0.0,False,0
usatechidxusd_2025-07-01_tick.csv,2025-07-01 17:10:00+00:00,2025-07-01 17:11:00+00:00,2025-07-01 17:12:00+00:00,-1,10.443999999999505,22517.72,22528.164,10.443999999999505,22507.276,2025-07-01 17:14:47.675000+00:00,22517.354,22518.858,1.504000000000815,TT_EXPIRED,,0.0,False,0
usatechidxusd_2025-07-01_tick.csv,2025-07-01 17:12:00+00:00,2025-07-01 17:13:00+00:00,2025-07-01 17:14:00+00:00,1,12.28900000000067,22533.032,22520.743,12.28900000000067,22545.321,2025-07-01 17:23:21.188000+00:00,22532.309,22533.724,1.4149999999972351,TT_EXPIRED,,0.0,False,0
usatechidxusd_2025-07-01_tick.csv,2025-07-01 17:14:00+00:00,2025-07-01 17:15:00+00:00,2025-07-01 17:16:00+00:00,1,8.911000000000058,22524.543,22515.632,8.911000000000058,22533.454,2025-07-01 17:16:15.730000+00:00,22523.065,22524.557,1.4920000000020082,TT_EXPIRED,,0.0,False,0
usatechidxusd_2025-07-01_tick.csv,2025-07-01 17:15:00+00:00,2025-07-01 17:16:00+00:00,2025-07-01 17:17:00+00:00,-1,12.67699999999968,22515.632,22528.309,12.67699999999968,22502.955,2025-07-01 17:17:35.697000+00:00,22515.276,22516.511,1.234999999996944,TT_EXPIRED,,0.0,False,0
usatechidxusd_2025-07-01_tick.csv,2025-07-01 17:16:00+00:00,2025-07-01 17:17:00+00:00,2025-07-01 17:18:00+00:00,1,13.099000000001979,22528.309,22515.21,13.099000000001979,22541.408000000003,2025-07-01 17:23:17.675000+00:00,22527.075,22528.568,1.492999999998574,TT_EXPIRED,,0.0,False,0
usatechidxusd_2025-07-01_tick.csv,2025-07-01 17:17:00+00:00,2025-07-01 17:18:00+00:00,2025-07-01 17:19:00+00:00,-1,9.377000000000407,22515.21,22524.587,9.377000000000407,22505.833,2025-07-01 17:20:01.238000+00:00,22515.032,22516.568,1.5360000000000582,TT_EXPIRED,,0.0,False,0
usatechidxusd_2025-07-01_tick.csv,2025-07-01 17:18:00+00:00,2025-07-01 17:19:00+00:00,2025-07-01 17:20:00+00:00,1,7.565999999998894,22524.587,22517.021,7.565999999998894,22532.153,2025-07-01 17:22:59.384000+00:00,22523.253,22524.714,1.4609999999993306,TT_EXTENSION,2025-07-01 17:23:21.188000+00:00,2.5671424795143194,True,0
usatechidxusd_2025-07-01_tick.csv,2025-07-01 17:20:00+00:00,2025-07-01 17:21:00+00:00,2025-07-01 17:22:00+00:00,-1,12.180000000000291,22509.809,22521.989,12.180000000000291,22497.629,2025-07-01 17:27:27.311000+00:00,22509.798,22511.224,1.4259999999994761,TT_EXPIRED,,0.0,False,0
usatechidxusd_2025-07-01_tick.csv,2025-07-01 17:23:00+00:00,2025-07-01 17:24:00+00:00,2025-07-01 17:25:00+00:00,1,11.809999999997672,22532.531,22520.721,11.809999999997672,22544.340999999997,2025-07-01 17:50:50.784000+00:00,22531.299,22532.547,1.2479999999995925,TT_EXTENSION,2025-07-01 17:53:13.295000+00:00,0.6126164267574638,True,0
usatechidxusd_2025-07-01_tick.csv,2025-07-01 17:24:00+00:00,2025-07-01 17:25:00+00:00,2025-07-01 17:26:00+00:00,-1,6.998999999999796,22520.721,22527.72,6.998999999999796,22513.722,2025-07-01 17:26:26.720000+00:00,22520.686,22522.147,1.4609999999993306,TT_EXTENSION,2025-07-01 17:27:21.516000+00:00,10.715387912559681,True,0
usatechidxusd_2025-07-01_tick.csv,2025-07-01 17:25:00+00:00,2025-07-01 17:26:00+00:00,2025-07-01 17:27:00+00:00,1,10.645000000000437,22527.72,22517.075,10.645000000000437,22538.365,2025-07-01 17:50:31.675000+00:00,22526.532,22528.002,1.4700000000011642,TT_EXTENSION,2025-07-01 17:51:03.006000+00:00,1.2410521371534795,True,0
usatechidxusd_2025-07-01_tick.csv,2025-07-01 17:27:00+00:00,2025-07-01 17:28:00+00:00,2025-07-01 17:29:00+00:00,-1,11.586999999999534,22507.032,22518.619,11.586999999999534,22495.445,2025-07-01 17:31:03.497000+00:00,22507.01,22508.546,1.5360000000000582,TT_EXPIRED,,0.0,False,0
usatechidxusd_2025-07-01_tick.csv,2025-07-01 17:28:00+00:00,2025-07-01 17:29:00+00:00,2025-07-01 17:30:00+00:00,1,6.242999999998574,22518.619,22512.376,6.242999999998574,22524.861999999997,2025-07-01 17:30:07.328000+00:00,22517.608,22519.036,1.4279999999998836,TT_EXPIRED,,0.0,False,0
usatechidxusd_2025-07-01_tick.csv,2025-07-01 17:29:00+00:00,2025-07-01 17:30:00+00:00,2025-07-01 17:31:00+00:00,-1,7.731999999999971,22512.376,22520.108,7.731999999999971,22504.644,2025-07-01 17:31:36.949000+00:00,22512.076,22513.568,1.4919999999983702,TT_EXTENSION,2025-07-01 17:33:42.131000+00:00,8.52547853078142,True,0
usatechidxusd_2025-07-01_tick.csv,2025-07-01 17:31:00+00:00,2025-07-01 17:32:00+00:00,2025-07-01 17:33:00+00:00,-1,12.47899999999936,22500.042,22512.521,12.47899999999936,22487.563000000002,2025-07-01 18:58:33.560000+00:00,22499.82,22501.281,1.4609999999993306,TT_EXTENSION,2025-07-01 19:00:00.756000+00:00,3.9136148729870888,True,0
usatechidxusd_2025-07-01_tick.csv,2025-07-01 17:32:00+00:00,2025-07-01 17:33:00+00:00,2025-07-01 17:34:00+00:00,1,11.14600000000064,22512.521,22501.375,11.14600000000064,22523.667,2025-07-01 17:35:04.741000+00:00,22511.042,22512.525,1.4830000000001746,TT_EXPIRED,,0.0,False,0
usatechidxusd_2025-07-01_tick.csv,2025-07-01 17:33:00+00:00,2025-07-01 17:34:00+00:00,2025-07-01 17:35:00+00:00,-1,8.734000000000378,22501.375,22510.109,8.734000000000378,22492.641,2025-07-01 17:36:26.798000+00:00,22501.264,22502.724,1.4599999999991269,TT_EXPIRED,,0.0,False,0
usatechidxusd_2025-07-01_tick.csv,2025-07-01 17:34:00+00:00,2025-07-01 17:35:00+00:00,2025-07-01 17:36:00+00:00,1,6.778000000002066,22510.109,22503.331,6.778000000002066,22516.887000000002,2025-07-01 17:37:25.395000+00:00,22508.654,22510.158,1.504000000000815,TT_EXPIRED,,0.0,False,0
usatechidxusd_2025-07-01_tick.csv,2025-07-01 17:37:00+00:00,2025-07-01 17:38:00+00:00,2025-07-01 17:39:00+00:00,1,7.044999999998254,22510.099,22503.054,7.044999999998254,22517.143999999997,2025-07-01 17:39:05.940000+00:00,22508.632,22510.124,1.4919999999983702,TT_EXTENSION,2025-07-01 17:41:22.638000+00:00,4.887437899221132,True,0
usatechidxusd_2025-07-01_tick.csv,2025-07-01 17:39:00+00:00,2025-07-01 17:40:00+00:00,2025-07-01 17:41:00+00:00,1,6.598999999998341,22512.853,22506.254,6.598999999998341,22519.451999999997,2025-07-01 17:41:39.093000+00:00,22512.242,22513.691,1.4490000000005239,TT_EXTENSION,2025-07-01 17:45:01.790000+00:00,4.868010304593349,True,0
usatechidxusd_2025-07-01_tick.csv,2025-07-01 17:41:00+00:00,2025-07-01 17:42:00+00:00,2025-07-01 17:43:00+00:00,-1,6.668000000001484,22511.231,22517.899,6.668000000001484,22504.563,2025-07-01 17:46:26.716000+00:00,22511.132,22512.613,1.4809999999997672,TT_EXPIRED,,0.0,False,0
usatechidxusd_2025-07-01_tick.csv,2025-07-01 17:45:00+00:00,2025-07-01 17:46:00+00:00,2025-07-01 17:47:00+00:00,1,13.578000000001339,22523.775,22510.197,13.578000000001339,22537.353000000003,2025-07-01 17:50:20.835000+00:00,22522.686,22524.102,1.4159999999974389,TT_EXTENSION,2025-07-01 17:51:02.805000+00:00,1.04750331418447,True,0
usatechidxusd_2025-07-01_tick.csv,2025-07-01 17:46:00+00:00,2025-07-01 17:47:00+00:00,2025-07-01 17:48:00+00:00,-1,7.5679999999993015,22510.197,22517.765,7.5679999999993015,22502.629,2025-07-01 18:51:11.518000+00:00,22510.01,22511.568,1.5580000000009022,TT_EXPIRED,,0.0,False,0
usatechidxusd_2025-07-01_tick.csv,2025-07-01 17:48:00+00:00,2025-07-01 17:49:00+00:00,2025-07-01 17:50:00+00:00,-1,10.223999999998341,22511.775,22521.999,10.223999999998341,22501.551000000003,2025-07-01 18:30:09.800000+00:00,22511.097,22512.547,1.4499999999970896,TT_EXPIRED,,0.0,False,0
usatechidxusd_2025-07-01_tick.csv,2025-07-01 17:51:00+00:00,2025-07-01 17:52:00+00:00,2025-07-01 17:53:00+00:00,-1,8.78900000000067,22532.564,22541.353,8.78900000000067,22523.774999999998,2025-07-01 17:55:01.640000+00:00,22532.51,22534.025,1.515000000003056,TT_EXPIRED,,0.0,False,0
usatechidxusd_2025-07-01_tick.csv,2025-07-01 17:55:00+00:00,2025-07-01 17:56:00+00:00,2025-07-01 17:57:00+00:00,-1,7.968000000000757,22525.021,22532.989,7.968000000000757,22517.053,2025-07-01 17:58:09.914000+00:00,22524.754,22526.257,1.5030000000006112,TT_EXPIRED,,0.0,False,0
usatechidxusd_2025-07-01_tick.csv,2025-07-01 17:58:00+00:00,2025-07-01 17:59:00+00:00,2025-07-01 18:00:00+00:00,-1,10.888000000002648,22524.21,22535.098,10.888000000002648,22513.321999999996,2025-07-01 18:17:21.445000+00:00,22524.121,22525.669,1.548000000002503,TT_EXTENSION,2025-07-01 18:29:21.789000+00:00,6.851304188095131,True,0
usatechidxusd_2025-07-01_tick.csv,2025-07-01 18:00:00+00:00,2025-07-01 18:01:00+00:00,2025-07-01 18:02:00+00:00,1,8.223999999998341,22540.499,22532.275,8.223999999998341,22548.722999999998,2025-07-01 18:02:06.918000+00:00,22539.289,22540.525,1.2360000000007858,TT_EXPIRED,,0.0,False,0
usatechidxusd_2025-07-01_tick.csv,2025-07-01 18:04:00+00:00,2025-07-01 18:05:00+00:00,2025-07-01 18:06:00+00:00,1,7.389000000002852,22537.399,22530.01,7.389000000002852,22544.788000000004,2025-07-01 18:08:18.499000+00:00,22536.232,22537.703,1.4710000000013679,TT_EXPIRED,,0.0,False,0
usatechidxusd_2025-07-01_tick.csv,2025-07-01 18:07:00+00:00,2025-07-01 18:08:00+00:00,2025-07-01 18:09:00+00:00,-1,13.222000000001572,22529.82,22543.042,13.222000000001572,22516.597999999998,2025-07-01 18:14:34.068000+00:00,22529.72,22531.235,1.514999999999418,TT_EXTENSION,2025-07-01 18:24:03.893000+00:00,5.889653607622926,True,0
usatechidxusd_2025-07-01_tick.csv,2025-07-01 18:11:00+00:00,2025-07-01 18:12:00+00:00,2025-07-01 18:13:00+00:00,-1,6.265999999999622,22530.053,22536.319,6.265999999999622,22523.787,2025-07-01 18:14:34.068000+00:00,22529.72,22531.235,1.514999999999418,TT_EXPIRED,,0.0,False,0
usatechidxusd_2025-07-01_tick.csv,2025-07-01 18:14:00+00:00,2025-07-01 18:15:00+00:00,2025-07-01 18:16:00+00:00,-1,8.366000000001804,22529.053,22537.419,8.366000000001804,22520.686999999998,2025-07-01 18:17:00.230000+00:00,22528.543,22530.046,1.5029999999969732,TT_EXTENSION,2025-07-01 18:18:09.608000+00:00,9.797035620365987,True,0
usatechidxusd_2025-07-01_tick.csv,2025-07-01 18:21:00+00:00,2025-07-01 18:22:00+00:00,2025-07-01 18:23:00+00:00,1,8.211999999999534,22527.499,22519.287,8.211999999999534,22535.711,2025-07-01 18:32:03.813000+00:00,22526.098,22527.503,1.4049999999988358,TT_EXPIRED,,0.0,False,0
usatechidxusd_2025-07-01_tick.csv,2025-07-01 18:25:00+00:00,2025-07-01 18:26:00+00:00,2025-07-01 18:27:00+00:00,1,7.54399999999805,22522.854,22515.31,7.54399999999805,22530.397999999997,2025-07-01 18:31:14.772000+00:00,22521.608,22523.058,1.4500000000007276,TT_EXTENSION,2025-07-01 18:32:16.141000+00:00,0.6862407211034803,True,0
usatechidxusd_2025-07-01_tick.csv,2025-07-01 18:27:00+00:00,2025-07-01 18:28:00+00:00,2025-07-01 18:29:00+00:00,-1,6.31000000000131,22512.765,22519.075,6.31000000000131,22506.454999999998,2025-07-01 18:29:21.186000+00:00,22512.499,22513.713,1.2139999999999418,TT_EXPIRED,,0.0,False,0
usatechidxusd_2025-07-01_tick.csv,2025-07-01 18:28:00+00:00,2025-07-01 18:29:00+00:00,2025-07-01 18:30:00+00:00,1,7.200000000000728,22519.075,22511.875,7.200000000000728,22526.275,2025-07-01 18:30:49.050000+00:00,22518.032,22519.536,1.504000000000815,TT_EXTENSION,2025-07-01 18:32:04.772000+00:00,1.2916666666664351,True,0
usatechidxusd_2025-07-01_tick.csv,2025-07-01 18:29:00+00:00,2025-07-01 18:30:00+00:00,2025-07-01 18:31:00+00:00,-1,7.200000000000728,22511.875,22519.075,7.200000000000728,22504.675,2025-07-01 18:51:06.700000+00:00,22511.776,22513.224,1.4479999999966822,TT_EXPIRED,,0.0,False,0
usatechidxusd_2025-07-01_tick.csv,2025-07-01 18:36:00+00:00,2025-07-01 18:37:00+00:00,2025-07-01 18:38:00+00:00,1,6.677999999999884,22525.399,22518.721,6.677999999999884,22532.077,2025-07-01 18:41:47.876000+00:00,22524.01,22525.491,1.4810000000034051,TT_EXPIRED,,0.0,False,0
usatechidxusd_2025-07-01_tick.csv,2025-07-01 18:38:00+00:00,2025-07-01 18:39:00+00:00,2025-07-01 18:40:00+00:00,-1,7.364999999997963,22512.754,22520.119,7.364999999997963,22505.389000000003,2025-07-01 18:49:20.911000+00:00,22512.554,22513.981,1.4269999999996799,TT_EXPIRED,,0.0,False,0
usatechidxusd_2025-07-01_tick.csv,2025-07-01 18:39:00+00:00,2025-07-01 18:40:00+00:00,2025-07-01 18:41:00+00:00,1,7.3439999999973224,22520.119,22512.775,7.3439999999973224,22527.462999999996,2025-07-01 18:41:12.032000+00:00,22518.776,22520.258,1.481999999999971,TT_EXPIRED,,0.0,False,0
usatechidxusd_2025-07-01_tick.csv,2025-07-01 18:40:00+00:00,2025-07-01 18:41:00+00:00,2025-07-01 18:42:00+00:00,-1,12.023999999997613,22512.775,22524.799,12.023999999997613,22500.751000000004,2025-07-01 18:49:20.911000+00:00,22512.554,22513.981,1.4269999999996799,TT_EXTENSION,2025-07-01 18:58:34.364000+00:00,5.158516300733334,True,0
usatechidxusd_2025-07-01_tick.csv,2025-07-01 18:44:00+00:00,2025-07-01 18:45:00+00:00,2025-07-01 18:46:00+00:00,-1,6.335999999999331,22519.553,22525.889,6.335999999999331,22513.217,2025-07-01 18:47:14.198000+00:00,22519.51,22520.981,1.4710000000013679,TT_EXTENSION,2025-07-01 18:51:07.051000+00:00,11.756944444446004,True,0
usatechidxusd_2025-07-01_tick.csv,2025-07-01 18:45:00+00:00,2025-07-01 18:46:00+00:00,2025-07-01 18:47:00+00:00,1,6.099999999998545,22525.889,22519.789,6.099999999998545,22531.988999999998,2025-07-01 19:48:24.360000+00:00,22524.532,22525.981,1.4490000000005239,TT_EXPIRED,,0.0,False,0
usatechidxusd_2025-07-01_tick.csv,2025-07-01 18:52:00+00:00,2025-07-01 18:53:00+00:00,2025-07-01 18:54:00+00:00,-1,6.84400000000096,22511.264,22518.108,6.84400000000096,22504.42,2025-07-01 18:54:35.744000+00:00,22511.253,22512.746,1.492999999998574,TT_EXPIRED,,0.0,False,0
usatechidxusd_2025-07-01_tick.csv,2025-07-01 18:53:00+00:00,2025-07-01 18:54:00+00:00,2025-07-01 18:55:00+00:00,1,7.118999999998778,22518.108,22510.989,7.118999999998778,22525.227,2025-07-01 18:55:13.111000+00:00,22517.175,22518.658,1.4830000000001746,TT_EXPIRED,,0.0,False,0
usatechidxusd_2025-07-01_tick.csv,2025-07-01 19:01:00+00:00,2025-07-01 19:02:00+00:00,2025-07-01 19:03:00+00:00,-1,8.343000000000757,22446.732,22455.075,8.343000000000757,22438.389,2025-07-01 19:03:00.570000+00:00,22446.576,22448.057,1.4809999999997672,TT_EXPIRED,,0.0,False,0
usatechidxusd_2025-07-01_tick.csv,2025-07-01 19:04:00+00:00,2025-07-01 19:05:00+00:00,2025-07-01 19:06:00+00:00,1,23.27900000000227,22485.399,22462.12,23.27900000000227,22508.678000000004,2025-07-01 19:15:18.321000+00:00,22484.11,22485.635,1.5249999999978172,TT_EXTENSION,2025-07-01 19:25:02.324000+00:00,0.9960479402034373,True,0
usatechidxusd_2025-07-01_tick.csv,2025-07-01 19:05:00+00:00,2025-07-01 19:06:00+00:00,2025-07-01 19:07:00+00:00,-1,17.601000000002387,22462.12,22479.721,17.601000000002387,22444.518999999997,2025-07-01 19:08:45.210000+00:00,22461.01,22462.59,1.5800000000017462,TT_EXPIRED,,0.0,False,0
usatechidxusd_2025-07-01_tick.csv,2025-07-01 19:06:00+00:00,2025-07-01 19:07:00+00:00,2025-07-01 19:08:00+00:00,1,15.668000000001484,22479.721,22464.053,15.668000000001484,22495.389000000003,2025-07-01 19:10:31.014000+00:00,22478.564,22479.981,1.4170000000012806,TT_EXPIRED,,0.0,False,0
usatechidxusd_2025-07-01_tick.csv,2025-07-01 19:07:00+00:00,2025-07-01 19:08:00+00:00,2025-07-01 19:09:00+00:00,1,18.076999999997497,22474.742,22456.665,18.076999999997497,22492.818999999996,2025-07-01 19:10:10.838000+00:00,22474.031,22475.568,1.537000000000262,TT_EXTENSION,2025-07-01 19:19:33.648000+00:00,2.1599822979482846,True,0
usatechidxusd_2025-07-01_tick.csv,2025-07-01 19:10:00+00:00,2025-07-01 19:11:00+00:00,2025-07-01 19:12:00+00:00,1,7.97899999999936,22480.799,22472.82,7.97899999999936,22488.778,2025-07-01 19:14:28.795000+00:00,22479.721,22481.224,1.5029999999969732,TT_EXTENSION,2025-07-01 19:19:11.866000+00:00,5.400050131596269,True,0
usatechidxusd_2025-07-01_tick.csv,2025-07-01 19:14:00+00:00,2025-07-01 19:15:00+00:00,2025-07-01 19:16:00+00:00,1,6.3990000000012515,22481.409,22475.01,6.3990000000012515,22487.808,2025-07-01 19:16:15+00:00,22480.409,22481.814,1.4049999999988358,TT_EXTENSION,2025-07-01 19:19:10.559000+00:00,6.884982028440707,True,0
usatechidxusd_2025-07-01_tick.csv,2025-07-01 19:15:00+00:00,2025-07-01 19:16:00+00:00,2025-07-01 19:17:00+00:00,1,9.522000000000844,22487.309,22477.787,9.522000000000844,22496.831000000002,2025-07-01 19:17:01.714000+00:00,22486.054,22487.59,1.5360000000000582,TT_EXPIRED,,0.0,False,0
usatechidxusd_2025-07-01_tick.csv,2025-07-01 19:16:00+00:00,2025-07-01 19:17:00+00:00,2025-07-01 19:18:00+00:00,1,6.510999999998603,22485.053,22478.542,6.510999999998603,22491.564,2025-07-01 19:18:17.508000+00:00,22483.586,22485.058,1.4720000000015716,TT_EXTENSION,2025-07-01 19:19:29.682000+00:00,6.18967900476298,True,0
usatechidxusd_2025-07-01_tick.csv,2025-07-01 19:17:00+00:00,2025-07-01 19:18:00+00:00,2025-07-01 19:19:00+00:00,-1,8.877000000000407,22478.542,22487.419,8.877000000000407,22469.665,2025-07-01 19:37:42.110000+00:00,22478.419,22479.611,1.1919999999990978,TT_EXPIRED,,0.0,False,0
usatechidxusd_2025-07-01_tick.csv,2025-07-01 19:21:00+00:00,2025-07-01 19:22:00+00:00,2025-07-01 19:23:00+00:00,-1,12.343999999997322,22488.809,22501.153,12.343999999997322,22476.465000000004,2025-07-01 19:35:30.942000+00:00,22488.798,22490.268,1.4700000000011642,TT_EXPIRED,,0.0,False,0
usatechidxusd_2025-07-01_tick.csv,2025-07-01 19:24:00+00:00,2025-07-01 19:25:00+00:00,2025-07-01 19:26:00+00:00,1,6.189000000002125,22508.399,22502.21,6.189000000002125,22514.588000000003,2025-07-01 19:26:44.262000+00:00,22507.086,22508.568,1.481999999999971,TT_EXTENSION,2025-07-01 19:27:19.179000+00:00,2.791565681045774,True,0
usatechidxusd_2025-07-01_tick.csv,2025-07-01 19:25:00+00:00,2025-07-01 19:26:00+00:00,2025-07-01 19:27:00+00:00,-1,10.933000000000902,22502.21,22513.143,10.933000000000902,22491.277,2025-07-01 19:31:39.931000+00:00,22502.209,22503.602,1.393000000000029,TT_EXTENSION,2025-07-01 19:32:49.668000+00:00,2.8789902131159013,True,0
usatechidxusd_2025-07-01_tick.csv,2025-07-01 19:28:00+00:00,2025-07-01 19:29:00+00:00,2025-07-01 19:30:00+00:00,-1,7.765999999999622,22507.553,22515.319,7.765999999999622,22499.787,2025-07-01 19:31:04.706000+00:00,22507.398,22508.802,1.4039999999986321,TT_EXTENSION,2025-07-01 19:31:56.273000+00:00,5.148853978882659,True,0
usatechidxusd_2025-07-01_tick.csv,2025-07-01 19:29:00+00:00,2025-07-01 19:30:00+00:00,2025-07-01 19:31:00+00:00,1,6.754000000000815,22515.319,22508.565,6.754000000000815,22522.073,2025-07-01 19:47:29.007000+00:00,22513.821,22515.325,1.504000000000815,TT_EXTENSION,2025-07-01 19:48:10.133000+00:00,1.449807521468774,True,0
usatechidxusd_2025-07-01_tick.csv,2025-07-01 19:32:00+00:00,2025-07-01 19:33:00+00:00,2025-07-01 19:34:00+00:00,-1,9.690999999998894,22489.308,22498.999,9.690999999998894,22479.617000000002,2025-07-01 19:34:45.477000+00:00,22489.131,22490.625,1.4939999999987776,TT_EXTENSION,2025-07-01 19:37:42.110000+00:00,2.044783820039706,True,0
usatechidxusd_2025-07-01_tick.csv,2025-07-01 19:33:00+00:00,2025-07-01 19:34:00+00:00,2025-07-01 19:35:00+00:00,1,9.867999999998574,22498.999,22489.131,9.867999999998574,22508.867,2025-07-01 19:44:37.872000+00:00,22497.576,22499.014,1.4379999999982829,TT_EXTENSION,2025-07-01 19:47:10.385000+00:00,2.3305634373739923,True,0
usatechidxusd_2025-07-01_tick.csv,2025-07-01 19:35:00+00:00,2025-07-01 19:36:00+00:00,2025-07-01 19:37:00+00:00,-1,12.532999999999447,22483.021,22495.554,12.532999999999447,22470.488,2025-07-01 19:37:25.682000+00:00,22482.097,22483.514,1.4169999999976426,TT_EXPIRED,,0.0,False,0
usatechidxusd_2025-07-01_tick.csv,2025-07-01 19:36:00+00:00,2025-07-01 19:37:00+00:00,2025-07-01 19:38:00+00:00,1,17.1349999999984,22495.554,22478.419,17.1349999999984,22512.689,2025-07-01 19:44:29.885000+00:00,22494.764,22496.001,1.2370000000009895,TT_EXTENSION,2025-07-01 19:47:17.214000+00:00,1.1191129267583837,True,0
usatechidxusd_2025-07-01_tick.csv,2025-07-01 19:37:00+00:00,2025-07-01 19:38:00+00:00,2025-07-01 19:39:00+00:00,-1,15.399999999997817,22478.419,22493.819,15.399999999997817,22463.019000000004,2025-07-01 19:59:47.164000+00:00,22478.332,22479.89,1.5580000000009022,TT_EXTENSION,2025-07-01 20:10:37.919000+00:00,0.20896103896135396,True,0
usatechidxusd_2025-07-01_tick.csv,2025-07-01 19:38:00+00:00,2025-07-01 19:39:00+00:00,2025-07-01 19:40:00+00:00,1,9.586999999999534,22493.819,22484.232,9.586999999999534,22503.406,2025-07-01 19:44:00.500000+00:00,22492.597,22493.991,1.3940000000002328,TT_EXTENSION,2025-07-01 19:45:05.699000+00:00,2.9684990090752,True,0
usatechidxusd_2025-07-01_tick.csv,2025-07-01 19:40:00+00:00,2025-07-01 19:41:00+00:00,2025-07-01 19:42:00+00:00,-1,9.587999999999738,22480.254,22489.842,9.587999999999738,22470.666,2025-07-01 19:59:44.248000+00:00,22479.197,22480.614,1.4170000000012806,TT_EXTENSION,2025-07-01 20:00:55.280000+00:00,1.1331873174803815,True,0
usatechidxusd_2025-07-01_tick.csv,2025-07-01 19:42:00+00:00,2025-07-01 19:43:00+00:00,2025-07-01 19:44:00+00:00,-1,8.276999999998225,22484.042,22492.319,8.276999999998225,22475.765000000003,2025-07-01 19:55:02.496000+00:00,22483.708,22485.114,1.4060000000026776,TT_EXPIRED,,0.0,False,0
usatechidxusd_2025-07-01_tick.csv,2025-07-01 19:45:00+00:00,2025-07-01 19:46:00+00:00,2025-07-01 19:47:00+00:00,1,7.822000000000116,22507.108,22499.286,7.822000000000116,22514.93,2025-07-01 19:47:02.502000+00:00,22505.889,22507.124,1.235000000000582,TT_EXTENSION,2025-07-01 19:47:29.610000+00:00,2.1650473024803194,True,0
usatechidxusd_2025-07-01_tick.csv,2025-07-01 19:48:00+00:00,2025-07-01 19:49:00+00:00,2025-07-01 19:50:00+00:00,1,12.967000000000553,22525.71,22512.743,12.967000000000553,22538.677,2025-07-01 19:50:00.581000+00:00,22525.11,22526.624,1.5139999999992142,TT_EXPIRED,,0.0,False,0
usatechidxusd_2025-07-01_tick.csv,2025-07-01 19:50:00+00:00,2025-07-01 19:51:00+00:00,2025-07-01 19:52:00+00:00,-1,6.688999999998487,22506.142,22512.831,6.688999999998487,22499.453,2025-07-01 19:52:27.646000+00:00,22505.565,22507.079,1.5140000000028522,TT_EXPIRED,,0.0,False,0
usatechidxusd_2025-07-01_tick.csv,2025-07-01 19:51:00+00:00,2025-07-01 19:52:00+00:00,2025-07-01 19:53:00+00:00,-1,17.199000000000524,22497.354,22514.553,17.199000000000524,22480.155,2025-07-01 19:55:00.586000+00:00,22496.089,22497.38,1.2910000000010768,TT_EXTENSION,2025-07-01 19:59:47.164000+00:00,1.1834408977265387,True,0
usatechidxusd_2025-07-01_tick.csv,2025-07-01 19:52:00+00:00,2025-07-01 19:53:00+00:00,2025-07-01 19:54:00+00:00,1,9.043000000001484,22514.553,22505.51,9.043000000001484,22523.596,2025-07-01 23:01:11.783000+00:00,22511.643,22514.911,3.268000000000029,TT_EXPIRED,,0.0,False,0
usatechidxusd_2025-07-01_tick.csv,2025-07-01 19:53:00+00:00,2025-07-01 19:54:00+00:00,2025-07-01 19:55:00+00:00,-1,7.210000000002765,22505.51,22512.72,7.210000000002765,22498.299999999996,2025-07-01 22:45:32.392000+00:00,22505.442,22508.979,3.537000000000262,TT_EXPIRED,,0.0,False,0
usatechidxusd_2025-07-01_tick.csv,2025-07-01 19:55:00+00:00,2025-07-01 19:56:00+00:00,2025-07-01 19:57:00+00:00,-1,18.098000000001775,22482.821,22500.919,18.098000000001775,22464.722999999998,2025-07-01 19:59:39.303000+00:00,22482.321,22483.802,1.4809999999997672,TT_EXTENSION,2025-07-01 20:10:34.351000+00:00,0.27196375290077235,True,0
usatechidxusd_2025-07-01_tick.csv,2025-07-01 19:56:00+00:00,2025-07-01 19:57:00+00:00,2025-07-01 19:58:00+00:00,-1,7.444999999999709,22490.308,22497.753,7.444999999999709,22482.863,2025-07-01 19:58:38.493000+00:00,22490.143,22491.592,1.4490000000005239,TT_EXTENSION,2025-07-01 19:59:40.256000+00:00,3.09764942914743,True,0
usatechidxusd_2025-07-01_tick.csv,2025-07-01 19:58:00+00:00,2025-07-01 19:59:00+00:00,2025-07-01 20:00:00+00:00,1,17.513999999999214,22491.289,22473.775,17.513999999999214,22508.803,2025-07-01 22:06:18.701000+00:00,22489.775,22493.257,3.481999999999971,TT_EXTENSION,2025-07-01 22:43:14.192000+00:00,0.40630352860580815,True,0
usatechidxusd_2025-07-01_tick.csv,2025-07-01 19:59:00+00:00,2025-07-01 20:00:00+00:00,2025-07-01 20:01:00+00:00,-1,11.501000000000204,22473.775,22485.276,11.501000000000204,22462.274,2025-07-01 20:02:11.094000+00:00,22472.01,22473.568,1.5580000000009022,TT_EXTENSION,2025-07-01 20:11:26.066000+00:00,0.21502478045402412,True,0
usatechidxusd_2025-07-01_tick.csv,2025-07-01 20:03:00+00:00,2025-07-01 20:04:00+00:00,2025-07-01 20:05:00+00:00,1,6.623999999999796,22475.289,22468.665,6.623999999999796,22481.913,2025-07-01 22:06:18.701000+00:00,22489.775,22493.257,3.481999999999971,TT_EXTENSION,2025-07-01 22:06:18.851000+00:00,5.133756038647685,True,0
usatechidxusd_2025-07-01_tick.csv,2025-07-01 20:05:00+00:00,2025-07-01 20:06:00+00:00,2025-07-01 20:07:00+00:00,-1,6.745000000002619,22463.619,22470.364,6.745000000002619,22456.873999999996,2025-07-01 20:10:05.895000+00:00,22463.576,22465.025,1.4490000000005239,TT_EXPIRED,,0.0,False,0
usatechidxusd_2025-07-01_tick.csv,2025-07-01 22:09:00+00:00,2025-07-01 22:10:00+00:00,2025-07-01 22:11:00+00:00,1,6.470000000001164,22488.489,22482.019,6.470000000001164,22494.959000000003,2025-07-01 22:12:21.068000+00:00,22485.243,22488.757,3.514000000002852,TT_EXPIRED,,0.0,False,0
usatechidxusd_2025-07-01_tick.csv,2025-07-01 22:35:00+00:00,2025-07-01 22:36:00+00:00,2025-07-01 22:37:00+00:00,-1,10.046000000002095,22492.443,22502.489,10.046000000002095,22482.396999999997,2025-07-01 23:53:10.078000+00:00,22492.443,22495.924,3.480999999999767,TT_EXPIRED,,0.0,False,0
usatechidxusd_2025-07-01_tick.csv,2025-07-01 22:36:00+00:00,2025-07-01 22:37:00+00:00,2025-07-01 22:38:00+00:00,1,6.679000000000087,22502.489,22495.81,6.679000000000087,22509.168,2025-07-01 22:40:35.320000+00:00,22499.754,22503.213,3.458999999998923,TT_EXTENSION,2025-07-01 22:43:14.344000+00:00,1.010780056894762,True,0
usatechidxusd_2025-07-02_tick.csv,2025-07-02 00:05:00+00:00,2025-07-02 00:06:00+00:00,2025-07-02 00:07:00+00:00,1,9.30199999999968,22503.489,22494.187,9.30199999999968,22512.791,2025-07-02 00:09:22.458000+00:00,22500.354,22503.781,3.42699999999968,TT_EXPIRED,,0.0,False,0
usatechidxusd_2025-07-02_tick.csv,2025-07-02 01:52:00+00:00,2025-07-02 01:53:00+00:00,2025-07-02 01:54:00+00:00,-1,6.143000000000029,22487.31,22493.453,6.143000000000029,22481.167,2025-07-02 01:56:29.184000+00:00,22487.232,22490.714,3.481999999999971,TT_EXTENSION,2025-07-02 01:57:14.641000+00:00,17.153670844863992,True,0
usatechidxusd_2025-07-02_tick.csv,2025-07-02 02:03:00+00:00,2025-07-02 02:04:00+00:00,2025-07-02 02:05:00+00:00,1,7.898000000001048,22480.019,22472.121,7.898000000001048,22487.917,2025-07-02 02:07:28.191000+00:00,22476.999,22480.235,3.236000000000786,TT_EXPIRED,,0.0,False,0
usatechidxusd_2025-07-02_tick.csv,2025-07-02 02:09:00+00:00,2025-07-02 02:10:00+00:00,2025-07-02 02:11:00+00:00,1,6.010999999998603,22472.297,22466.286,6.010999999998603,22478.307999999997,2025-07-02 02:14:54.542000+00:00,22470.089,22473.324,3.235000000000582,TT_EXTENSION,2025-07-02 02:16:36.713000+00:00,27.17617700882405,True,0
usatechidxusd_2025-07-02_tick.csv,2025-07-02 02:33:00+00:00,2025-07-02 02:34:00+00:00,2025-07-02 02:35:00+00:00,-1,6.502999999996973,22495.186,22501.689,6.502999999996973,22488.683000000005,2025-07-02 08:32:05.155000+00:00,22494.843,22498.314,3.47099999999773,TT_EXPIRED,,0.0,False,0
usatechidxusd_2025-07-02_tick.csv,2025-07-02 02:43:00+00:00,2025-07-02 02:44:00+00:00,2025-07-02 02:45:00+00:00,1,8.942999999999302,22517.719,22508.776,8.942999999999302,22526.662,2025-07-02 02:45:13.707000+00:00,22514.376,22517.89,3.513999999999214,TT_EXTENSION,2025-07-02 02:59:58.414000+00:00,12.859443139886995,True,0
usatechidxusd_2025-07-02_tick.csv,2025-07-02 02:44:00+00:00,2025-07-02 02:45:00+00:00,2025-07-02 02:46:00+00:00,-1,6.322999999996682,22508.776,22515.099,6.322999999996682,22502.453000000005,2025-07-02 07:50:23.502000+00:00,22508.387,22511.791,3.40400000000227,TT_EXPIRED,,0.0,False,0
usatechidxusd_2025-07-02_tick.csv,2025-07-02 04:06:00+00:00,2025-07-02 04:07:00+00:00,2025-07-02 04:08:00+00:00,1,6.18999999999869,22534.698,22528.508,6.18999999999869,22540.888,2025-07-02 04:12:43.801000+00:00,22531.421,22534.701,3.280000000002474,TT_EXTENSION,2025-07-02 04:20:25.903000+00:00,16.280452342491596,True,0
usatechidxusd_2025-07-02_tick.csv,2025-07-02 04:21:00+00:00,2025-07-02 04:22:00+00:00,2025-07-02 04:23:00+00:00,1,7.1560000000026776,22550.453,22543.297,7.1560000000026776,22557.609000000004,2025-07-02 04:23:18.168000+00:00,22548.199,22551.469,3.2700000000004366,TT_EXTENSION,2025-07-02 04:25:22.893000+00:00,11.74608719954796,True,0
usatechidxusd_2025-07-02_tick.csv,2025-07-02 05:05:00+00:00,2025-07-02 05:06:00+00:00,2025-07-02 05:07:00+00:00,-1,6.312000000001717,22550.497,22556.809,6.312000000001717,22544.184999999998,2025-07-02 05:19:49.641000+00:00,22550.187,22553.647,3.459999999999127,TT_EXTENSION,2025-07-02 05:28:46.338000+00:00,26.67823193915567,True,0
usatechidxusd_2025-07-02_tick.csv,2025-07-02 05:19:00+00:00,2025-07-02 05:20:00+00:00,2025-07-02 05:21:00+00:00,-1,7.655000000002474,22545.12,22552.775,7.655000000002474,22537.464999999997,2025-07-02 05:24:53.631000+00:00,22544.876,22548.368,3.49199999999837,TT_EXTENSION,2025-07-02 05:33:28.265000+00:00,21.119921619848853,True,0
usatechidxusd_2025-07-02_tick.csv,2025-07-02 05:20:00+00:00,2025-07-02 05:21:00+00:00,2025-07-02 05:22:00+00:00,1,6.3990000000012515,22552.775,22546.376,6.3990000000012515,22559.174000000003,2025-07-02 05:36:49.760000+00:00,22549.689,22552.968,3.27900000000227,TT_EXPIRED,,0.0,False,0
usatechidxusd_2025-07-02_tick.csv,2025-07-02 05:33:00+00:00,2025-07-02 05:34:00+00:00,2025-07-02 05:35:00+00:00,-1,12.421999999998661,22533.931,22546.353,12.421999999998661,22521.509000000002,2025-07-02 07:22:25.319000+00:00,22533.61,22537.146,3.536000000000058,TT_EXTENSION,2025-07-02 07:43:58.299000+00:00,11.730558686203208,True,0
usatechidxusd_2025-07-02_tick.csv,2025-07-02 05:38:00+00:00,2025-07-02 05:39:00+00:00,2025-07-02 05:40:00+00:00,-1,6.376000000000204,22541.843,22548.219,6.376000000000204,22535.467,2025-07-02 07:15:43.213000+00:00,22541.764,22545.224,3.459999999999127,TT_EXTENSION,2025-07-02 07:26:31.129000+00:00,25.043130489334093,True,0
usatechidxusd_2025-07-02_tick.csv,2025-07-02 06:00:00+00:00,2025-07-02 06:01:00+00:00,2025-07-02 06:02:00+00:00,-1,9.868000000002212,22551.621,22561.489,9.868000000002212,22541.752999999997,2025-07-02 06:11:05.695000+00:00,22551.475,22554.903,3.4279999999998836,TT_EXPIRED,,0.0,False,0
usatechidxusd_2025-07-02_tick.csv,2025-07-02 06:06:00+00:00,2025-07-02 06:07:00+00:00,2025-07-02 06:08:00+00:00,1,8.013000000002648,22564.31,22556.297,8.013000000002648,22572.323000000004,2025-07-02 06:09:28.540000+00:00,22560.975,22564.48,3.5050000000010186,TT_EXPIRED,,0.0,False,0
usatechidxusd_2025-07-02_tick.csv,2025-07-02 06:30:00+00:00,2025-07-02 06:31:00+00:00,2025-07-02 06:32:00+00:00,1,6.655000000002474,22553.308,22546.653,6.655000000002474,22559.963000000003,2025-07-02 06:33:13.033000+00:00,22550.019,22553.381,3.3620000000009895,TT_EXTENSION,2025-07-02 06:59:31.186000+00:00,12.276634109686992,True,0
usatechidxusd_2025-07-02_tick.csv,2025-07-02 06:35:00+00:00,2025-07-02 06:36:00+00:00,2025-07-02 06:37:00+00:00,1,6.934999999997672,22558.421,22551.486,6.934999999997672,22565.355999999996,2025-07-02 06:42:47.947000+00:00,22555.209,22558.592,3.38300000000163,TT_EXPIRED,,0.0,False,0
usatechidxusd_2025-07-02_tick.csv,2025-07-02 07:01:00+00:00,2025-07-02 07:02:00+00:00,2025-07-02 07:03:00+00:00,1,7.855999999999767,22561.809,22553.953,7.855999999999767,22569.665,2025-07-02 07:03:36.437000+00:00,22558.397,22561.846,3.449000000000524,TT_EXPIRED,,0.0,False,0
usatechidxusd_2025-07-02_tick.csv,2025-07-02 07:02:00+00:00,2025-07-02 07:03:00+00:00,2025-07-02 07:04:00+00:00,-1,7.0459999999984575,22553.953,22560.999,7.0459999999984575,22546.907000000003,2025-07-02 07:05:28.972000+00:00,22553.92,22557.391,3.471000000001368,TT_EXPIRED,,0.0,False,0
usatechidxusd_2025-07-02_tick.csv,2025-07-02 07:04:00+00:00,2025-07-02 07:05:00+00:00,2025-07-02 07:06:00+00:00,1,13.013000000002648,22563.221,22550.208,13.013000000002648,22576.234000000004,2025-07-02 07:09:26.537000+00:00,22559.764,22563.246,3.481999999999971,TT_EXPIRED,,0.0,False,0
usatechidxusd_2025-07-02_tick.csv,2025-07-02 07:07:00+00:00,2025-07-02 07:08:00+00:00,2025-07-02 07:09:00+00:00,-1,10.621999999999389,22546.187,22556.809,10.621999999999389,22535.565000000002,2025-07-02 07:15:07.838000+00:00,22545.742,22549.257,3.515000000003056,TT_EXTENSION,2025-07-02 07:26:29.440000+00:00,15.041705893429697,True,0
usatechidxusd_2025-07-02_tick.csv,2025-07-02 07:09:00+00:00,2025-07-02 07:10:00+00:00,2025-07-02 07:11:00+00:00,1,9.055000000000291,22562.186,22553.131,9.055000000000291,22571.241,2025-07-02 14:25:50.290000+00:00,22561.186,22562.613,1.4269999999996799,TT_EXTENSION,2025-07-02 14:25:50.542000+00:00,7.777250138044904,True,0
usatechidxusd_2025-07-02_tick.csv,2025-07-02 07:29:00+00:00,2025-07-02 07:30:00+00:00,2025-07-02 07:31:00+00:00,-1,7.546999999998661,22520.142,22527.689,7.546999999998661,22512.595,2025-07-02 07:43:43.656000+00:00,22519.932,22523.48,3.547999999998865,TT_EXTENSION,2025-07-02 07:50:22.649000+00:00,18.126805353123647,True,0
usatechidxusd_2025-07-02_tick.csv,2025-07-02 07:35:00+00:00,2025-07-02 07:36:00+00:00,2025-07-02 07:37:00+00:00,-1,8.02100000000064,22524.732,22532.753,8.02100000000064,22516.711,2025-07-02 07:43:07.805000+00:00,22523.808,22527.214,3.4059999999990396,TT_EXTENSION,2025-07-02 07:44:58.906000+00:00,17.568757012839647,True,0
usatechidxusd_2025-07-02_tick.csv,2025-07-02 07:38:00+00:00,2025-07-02 07:39:00+00:00,2025-07-02 07:40:00+00:00,1,6.4539999999979045,22532.908,22526.454,6.4539999999979045,22539.361999999997,2025-07-02 07:40:01.225000+00:00,22529.443,22532.958,3.514999999999418,TT_EXPIRED,,0.0,False,0
usatechidxusd_2025-07-02_tick.csv,2025-07-02 07:45:00+00:00,2025-07-02 07:46:00+00:00,2025-07-02 07:47:00+00:00,1,7.268000000000029,22518.643,22511.375,7.268000000000029,22525.911,2025-07-02 07:47:13.551000+00:00,22515.219,22518.647,3.4279999999998836,TT_EXPIRED,,0.0,False,0
usatechidxusd_2025-07-02_tick.csv,2025-07-02 07:46:00+00:00,2025-07-02 07:47:00+00:00,2025-07-02 07:48:00+00:00,-1,6.614000000001397,22511.375,22517.989,6.614000000001397,22504.761,2025-07-02 07:49:07.983000+00:00,22510.276,22513.691,3.414999999997235,TT_EXPIRED,,0.0,False,0
usatechidxusd_2025-07-02_tick.csv,2025-07-02 07:55:00+00:00,2025-07-02 07:56:00+00:00,2025-07-02 07:57:00+00:00,1,6.167000000001281,22515.409,22509.242,6.167000000001281,22521.576,2025-07-02 07:57:55.799000+00:00,22512.589,22515.601,3.0119999999988067,TT_EXPIRED,,0.0,False,0
usatechidxusd_2025-07-02_tick.csv,2025-07-02 08:01:00+00:00,2025-07-02 08:02:00+00:00,2025-07-02 08:03:00+00:00,-1,7.680000000000291,22508.709,22516.389,7.680000000000291,22501.029,2025-07-02 08:26:51.472000+00:00,22508.176,22511.624,3.44800000000032,TT_EXTENSION,2025-07-02 08:31:02.547000+00:00,16.306901041665704,True,0
usatechidxusd_2025-07-02_tick.csv,2025-07-02 08:03:00+00:00,2025-07-02 08:04:00+00:00,2025-07-02 08:05:00+00:00,1,8.923999999999069,22523.199,22514.275,8.923999999999069,22532.123,2025-07-02 08:06:50.352000+00:00,22519.72,22523.257,3.537000000000262,TT_EXPIRED,,0.0,False,0
usatechidxusd_2025-07-02_tick.csv,2025-07-02 08:05:00+00:00,2025-07-02 08:06:00+00:00,2025-07-02 08:07:00+00:00,-1,8.944999999999709,22510.964,22519.909,8.944999999999709,22502.019,2025-07-02 08:24:58.153000+00:00,22510.443,22513.979,3.536000000000058,TT_EXTENSION,2025-07-02 08:31:02.195000+00:00,14.111458915595646,True,0
usatechidxusd_2025-07-02_tick.csv,2025-07-02 08:07:00+00:00,2025-07-02 08:08:00+00:00,2025-07-02 08:09:00+00:00,1,9.599000000001979,22524.309,22514.71,9.599000000001979,22533.908000000003,2025-07-02 08:10:05.550000+00:00,22521.008,22524.435,3.42699999999968,TT_EXPIRED,,0.0,False,0
usatechidxusd_2025-07-02_tick.csv,2025-07-02 08:20:00+00:00,2025-07-02 08:21:00+00:00,2025-07-02 08:22:00+00:00,1,7.411000000000058,22524.631,22517.22,7.411000000000058,22532.042,2025-07-02 08:22:14.842000+00:00,22522.298,22525.702,3.40400000000227,TT_EXPIRED,,0.0,False,0
usatechidxusd_2025-07-02_tick.csv,2025-07-02 08:25:00+00:00,2025-07-02 08:26:00+00:00,2025-07-02 08:27:00+00:00,1,14.378999999997177,22516.189,22501.81,14.378999999997177,22530.567999999996,2025-07-02 13:47:01.039000+00:00,22515.154,22516.658,1.504000000000815,TT_EXPIRED,,0.0,False,0
usatechidxusd_2025-07-02_tick.csv,2025-07-02 08:32:00+00:00,2025-07-02 08:33:00+00:00,2025-07-02 08:34:00+00:00,-1,10.443999999999505,22489.854,22500.298,10.443999999999505,22479.41,2025-07-02 09:04:00.662000+00:00,22489.753,22493.257,3.504000000000815,TT_EXPIRED,,0.0,False,0
usatechidxusd_2025-07-02_tick.csv,2025-07-02 08:37:00+00:00,2025-07-02 08:38:00+00:00,2025-07-02 08:39:00+00:00,1,6.577000000001135,22502.498,22495.921,6.577000000001135,22509.075,2025-07-02 08:39:03.357000+00:00,22499.787,22503.214,3.42699999999968,TT_EXPIRED,,0.0,False,0
usatechidxusd_2025-07-02_tick.csv,2025-07-02 09:09:00+00:00,2025-07-02 09:10:00+00:00,2025-07-02 09:11:00+00:00,-1,7.822000000000116,22483.921,22491.743,7.822000000000116,22476.099,2025-07-02 09:19:54.408000+00:00,22483.487,22486.936,3.449000000000524,TT_EXPIRED,,0.0,False,0
usatechidxusd_2025-07-02_tick.csv,2025-07-02 09:19:00+00:00,2025-07-02 09:20:00+00:00,2025-07-02 09:21:00+00:00,-1,7.311000000001513,22481.708,22489.019,7.311000000001513,22474.396999999997,2025-07-02 10:29:22.370000+00:00,22481.654,22485.113,3.459000000002561,TT_EXPIRED,,0.0,False,0
usatechidxusd_2025-07-02_tick.csv,2025-07-02 09:21:00+00:00,2025-07-02 09:22:00+00:00,2025-07-02 09:23:00+00:00,-1,9.153999999998632,22484.843,22493.997,9.153999999998632,22475.689000000002,2025-07-02 10:29:01.800000+00:00,22484.399,22487.668,3.269000000000233,TT_EXPIRED,,0.0,False,0
usatechidxusd_2025-07-02_tick.csv,2025-07-02 09:34:00+00:00,2025-07-02 09:35:00+00:00,2025-07-02 09:36:00+00:00,1,9.524999999997817,22502.389,22492.864,9.524999999997817,22511.913999999997,2025-07-02 09:43:24.730000+00:00,22498.954,22502.413,3.458999999998923,TT_EXPIRED,,0.0,False,0
usatechidxusd_2025-07-02_tick.csv,2025-07-02 09:36:00+00:00,2025-07-02 09:37:00+00:00,2025-07-02 09:38:00+00:00,1,7.8770000000004075,22494.164,22486.287,7.8770000000004075,22502.041,2025-07-02 09:40:27.189000+00:00,22490.964,22494.403,3.4389999999984866,TT_EXTENSION,2025-07-02 09:46:08.803000+00:00,17.725403072234656,True,0
usatechidxusd_2025-07-02_tick.csv,2025-07-02 09:39:00+00:00,2025-07-02 09:40:00+00:00,2025-07-02 09:41:00+00:00,-1,9.878000000000611,22484.986,22494.864,9.878000000000611,22475.108,2025-07-02 10:29:01.800000+00:00,22484.399,22487.668,3.269000000000233,TT_EXPIRED,,0.0,False,0
usatechidxusd_2025-07-02_tick.csv,2025-07-02 10:30:00+00:00,2025-07-02 10:31:00+00:00,2025-07-02 10:32:00+00:00,-1,11.066999999999098,22476.22,22487.287,11.066999999999098,22465.153000000002,2025-07-02 10:39:06.167000+00:00,22476.22,22479.78,3.5599999999976717,TT_EXTENSION,2025-07-02 10:57:18.927000+00:00,8.074545947411952,True,0
usatechidxusd_2025-07-02_tick.csv,2025-07-02 10:35:00+00:00,2025-07-02 10:36:00+00:00,2025-07-02 10:37:00+00:00,-1,7.467000000000553,22476.319,22483.786,7.467000000000553,22468.852,2025-07-02 10:39:06.167000+00:00,22476.22,22479.78,3.5599999999976717,TT_EXPIRED,,0.0,False,0
usatechidxusd_2025-07-02_tick.csv,2025-07-02 10:39:00+00:00,2025-07-02 10:40:00+00:00,2025-07-02 10:41:00+00:00,-1,7.523000000001048,22473.476,22480.999,7.523000000001048,22465.952999999998,2025-07-02 10:43:03.929000+00:00,22473.398,22476.89,3.49199999999837,TT_EXTENSION,2025-07-02 10:57:18.927000+00:00,11.984713545126128,True,0
usatechidxusd_2025-07-02_tick.csv,2025-07-02 10:41:00+00:00,2025-07-02 10:42:00+00:00,2025-07-02 10:43:00+00:00,1,9.320999999999913,22483.764,22474.443,9.320999999999913,22493.085,2025-07-02 11:06:41.769000+00:00,22480.332,22483.813,3.480999999999767,TT_EXPIRED,,0.0,False,0
usatechidxusd_2025-07-02_tick.csv,2025-07-02 10:56:00+00:00,2025-07-02 10:57:00+00:00,2025-07-02 10:58:00+00:00,1,14.113000000001193,22474.399,22460.286,14.113000000001193,22488.512000000002,2025-07-02 10:58:57.407000+00:00,22470.953,22474.436,3.4830000000001746,TT_EXTENSION,2025-07-02 11:32:44.476000+00:00,10.851838730247664,True,0
usatechidxusd_2025-07-02_tick.csv,2025-07-02 10:57:00+00:00,2025-07-02 10:58:00+00:00,2025-07-02 10:59:00+00:00,-1,10.989000000001397,22460.286,22471.275,10.989000000001397,22449.297,2025-07-02 11:48:44.320000+00:00,22458.375,22461.802,3.42699999999968,TT_EXTENSION,2025-07-02 11:50:10.301000+00:00,6.6889616889606005,True,0
usatechidxusd_2025-07-02_tick.csv,2025-07-02 10:59:00+00:00,2025-07-02 11:00:00+00:00,2025-07-02 11:01:00+00:00,1,7.245999999999185,22475.199,22467.953,7.245999999999185,22482.445,2025-07-02 11:01:48.145000+00:00,22471.864,22475.325,3.4609999999993306,TT_EXTENSION,2025-07-02 11:08:54.999000+00:00,21.97336461496258,True,0
usatechidxusd_2025-07-02_tick.csv,2025-07-02 11:01:00+00:00,2025-07-02 11:02:00+00:00,2025-07-02 11:03:00+00:00,-1,8.78900000000067,22467.375,22476.164,8.78900000000067,22458.586,2025-07-02 11:47:00.332000+00:00,22466.631,22470.169,3.5380000000004657,TT_EXTENSION,2025-07-02 11:48:59.665000+00:00,9.42018432130979,True,0
usatechidxusd_2025-07-02_tick.csv,2025-07-02 11:03:00+00:00,2025-07-02 11:04:00+00:00,2025-07-02 11:05:00+00:00,-1,6.65599999999904,22472.22,22478.876,6.65599999999904,22465.564000000002,2025-07-02 11:33:23.593000+00:00,22471.998,22475.457,3.458999999998923,TT_EXPIRED,,0.0,False,0
usatechidxusd_2025-07-02_tick.csv,2025-07-02 11:34:00+00:00,2025-07-02 11:35:00+00:00,2025-07-02 11:36:00+00:00,-1,8.855000000003201,22467.92,22476.775,8.855000000003201,22459.064999999995,2025-07-02 11:47:00.131000+00:00,22467.487,22470.913,3.425999999999476,TT_EXTENSION,2025-07-02 11:48:58.812000+00:00,9.404065499713571,True,0
usatechidxusd_2025-07-02_tick.csv,2025-07-02 11:39:00+00:00,2025-07-02 11:40:00+00:00,2025-07-02 11:41:00+00:00,-1,6.088999999999942,22472.91,22478.999,6.088999999999942,22466.821,2025-07-02 11:45:19.134000+00:00,22472.454,22475.99,3.536000000000058,TT_EXPIRED,,0.0,False,0
usatechidxusd_2025-07-02_tick.csv,2025-07-02 11:52:00+00:00,2025-07-02 11:53:00+00:00,2025-07-02 11:54:00+00:00,-1,6.5790000000015425,22434.41,22440.989,6.5790000000015425,22427.831,2025-07-02 11:54:01.647000+00:00,22434.142,22437.411,3.269000000000233,TT_EXPIRED,,0.0,False,0
usatechidxusd_2025-07-02_tick.csv,2025-07-02 11:54:00+00:00,2025-07-02 11:55:00+00:00,2025-07-02 11:56:00+00:00,-1,14.187999999998283,22425.72,22439.908,14.187999999998283,22411.532000000003,2025-07-02 12:24:16.310000+00:00,22425.71,22429.225,3.514999999999418,TT_EXTENSION,2025-07-02 12:33:10.777000+00:00,2.519030166338168,True,0
usatechidxusd_2025-07-02_tick.csv,2025-07-02 12:00:00+00:00,2025-07-02 12:01:00+00:00,2025-07-02 12:02:00+00:00,-1,6.933999999997468,22436.72,22443.654,6.933999999997468,22429.786000000004,2025-07-02 12:02:05.578000+00:00,22436.497,22439.711,3.213999999999942,TT_EXPIRED,,0.0,False,0
usatechidxusd_2025-07-02_tick.csv,2025-07-02 12:03:00+00:00,2025-07-02 12:04:00+00:00,2025-07-02 12:05:00+00:00,-1,13.843999999997322,22434.864,22448.708,13.843999999997322,22421.020000000004,2025-07-02 12:15:16.133000+00:00,22432.32,22435.814,3.4939999999987776,TT_EXPIRED,,0.0,False,0
usatechidxusd_2025-07-02_tick.csv,2025-07-02 12:10:00+00:00,2025-07-02 12:11:00+00:00,2025-07-02 12:12:00+00:00,-1,11.277999999998428,22454.431,22465.709,11.277999999998428,22443.153000000002,2025-07-02 12:15:12.826000+00:00,22454.389,22457.613,3.224000000001979,TT_EXTENSION,2025-07-02 12:15:15.626000+00:00,5.972778861501168,True,0
usatechidxusd_2025-07-02_tick.csv,2025-07-02 12:15:00+00:00,2025-07-02 12:16:00+00:00,2025-07-02 12:17:00+00:00,-1,22.96599999999671,22431.276,22454.242,22.96599999999671,22408.310000000005,2025-07-02 12:24:00.507000+00:00,22431.175,22434.657,3.481999999999971,TT_EXTENSION,2025-07-02 12:33:14.793000+00:00,1.415919184882362,True,0
usatechidxusd_2025-07-02_tick.csv,2025-07-02 12:16:00+00:00,2025-07-02 12:17:00+00:00,2025-07-02 12:18:00+00:00,1,11.333999999998923,22454.242,22442.908,11.333999999998923,22465.575999999997,2025-07-02 12:18:03.942000+00:00,22452.654,22456.125,3.471000000001368,TT_EXPIRED,,0.0,False,0
usatechidxusd_2025-07-02_tick.csv,2025-07-02 12:17:00+00:00,2025-07-02 12:18:00+00:00,2025-07-02 12:19:00+00:00,1,16.155000000002474,22456.864,22440.709,16.155000000002474,22473.019000000004,2025-07-02 12:21:19.322000+00:00,22453.443,22456.957,3.513999999999214,TT_EXPIRED,,0.0,False,0
usatechidxusd_2025-07-02_tick.csv,2025-07-02 12:19:00+00:00,2025-07-02 12:20:00+00:00,2025-07-02 12:21:00+00:00,-1,11.820999999999913,22437.943,22449.764,11.820999999999913,22426.122,2025-07-02 12:23:46.465000+00:00,22437.91,22441.468,3.558000000000902,TT_EXTENSION,2025-07-02 12:24:21.265000+00:00,4.2576770154807955,True,0
usatechidxusd_2025-07-02_tick.csv,2025-07-02 12:20:00+00:00,2025-07-02 12:21:00+00:00,2025-07-02 12:22:00+00:00,1,6.120999999999185,22449.764,22443.643,6.120999999999185,22455.885,2025-07-02 12:22:18.630000+00:00,22446.999,22450.213,3.213999999999942,TT_EXPIRED,,0.0,False,0
usatechidxusd_2025-07-02_tick.csv,2025-07-02 12:21:00+00:00,2025-07-02 12:22:00+00:00,2025-07-02 12:23:00+00:00,1,11.045000000001892,22453.698,22442.653,11.045000000001892,22464.743000000002,2025-07-02 13:30:15.121000+00:00,22452.876,22454.357,1.4809999999997672,TT_EXPIRED,,0.0,False,0
usatechidxusd_2025-07-02_tick.csv,2025-07-02 12:24:00+00:00,2025-07-02 12:25:00+00:00,2025-07-02 12:26:00+00:00,-1,8.386999999998807,22410.321,22418.708,8.386999999998807,22401.934,2025-07-02 12:26:01.294000+00:00,22409.821,22413.292,3.471000000001368,TT_EXPIRED,,0.0,False,0
usatechidxusd_2025-07-02_tick.csv,2025-07-02 12:25:00+00:00,2025-07-02 12:26:00+00:00,2025-07-02 12:27:00+00:00,-1,15.278999999998632,22409.72,22424.999,15.278999999998632,22394.441000000003,2025-07-02 12:33:02.600000+00:00,22408.997,22412.457,3.459999999999127,TT_EXTENSION,2025-07-02 12:41:24.175000+00:00,1.2205641730481656,True,0
usatechidxusd_2025-07-02_tick.csv,2025-07-02 12:26:00+00:00,2025-07-02 12:27:00+00:00,2025-07-02 12:28:00+00:00,1,6.656999999999243,22424.999,22418.342,6.656999999999243,22431.656,2025-07-02 12:28:01.030000+00:00,22422.189,22425.457,3.268000000000029,TT_EXTENSION,2025-07-02 12:28:31.811000+00:00,31.54694306745163,True,0
usatechidxusd_2025-07-02_tick.csv,2025-07-02 12:27:00+00:00,2025-07-02 12:28:00+00:00,2025-07-02 12:29:00+00:00,-1,16.299999999999272,22418.342,22434.642,16.299999999999272,22402.042,2025-07-02 12:31:18.985000+00:00,22417.975,22421.402,3.42699999999968,TT_EXTENSION,2025-07-02 12:40:55.163000+00:00,1.6104294478528327,True,0
usatechidxusd_2025-07-02_tick.csv,2025-07-02 12:28:00+00:00,2025-07-02 12:29:00+00:00,2025-07-02 12:30:00+00:00,1,9.299999999999272,22434.642,22425.342,9.299999999999272,22443.942,2025-07-02 12:30:10.121000+00:00,22431.165,22434.669,3.504000000000815,TT_EXPIRED,,0.0,False,0
usatechidxusd_2025-07-02_tick.csv,2025-07-02 12:33:00+00:00,2025-07-02 12:34:00+00:00,2025-07-02 12:35:00+00:00,-1,13.733000000000175,22399.686,22413.419,13.733000000000175,22385.953,2025-07-02 12:40:36.352000+00:00,22399.465,22402.98,3.514999999999418,TT_EXTENSION,2025-07-02 12:42:07.474000+00:00,0.7398965994320199,True,0
usatechidxusd_2025-07-02_tick.csv,2025-07-02 12:34:00+00:00,2025-07-02 12:35:00+00:00,2025-07-02 12:36:00+00:00,-1,9.934999999997672,22404.986,22414.921,9.934999999997672,22395.051000000003,2025-07-02 12:39:54.120000+00:00,22404.754,22408.213,3.458999999998923,TT_EXTENSION,2025-07-02 12:41:23.272000+00:00,1.9385002516362704,True,0
usatechidxusd_2025-07-02_tick.csv,2025-07-02 12:36:00+00:00,2025-07-02 12:37:00+00:00,2025-07-02 12:38:00+00:00,1,7.501000000000204,22419.954,22412.453,7.501000000000204,22427.455,2025-07-02 12:38:00.416000+00:00,22416.642,22420.135,3.492999999998574,TT_EXPIRED,,0.0,False,0
usatechidxusd_2025-07-02_tick.csv,2025-07-02 12:37:00+00:00,2025-07-02 12:38:00+00:00,2025-07-02 12:39:00+00:00,1,8.257000000001426,22418.989,22410.732,8.257000000001426,22427.246000000003,2025-07-02 12:39:17.545000+00:00,22416.231,22419.758,3.5270000000018626,TT_EXPIRED,,0.0,False,0
usatechidxusd_2025-07-02_tick.csv,2025-07-02 12:38:00+00:00,2025-07-02 12:39:00+00:00,2025-07-02 12:40:00+00:00,1,13.735000000000582,22418.489,22404.754,13.735000000000582,22432.224000000002,2025-07-02 13:01:27.822000+00:00,22415.699,22418.711,3.0119999999988067,TT_EXPIRED,,0.0,False,0
usatechidxusd_2025-07-02_tick.csv,2025-07-02 12:44:00+00:00,2025-07-02 12:45:00+00:00,2025-07-02 12:46:00+00:00,1,6.943999999999505,22387.208,22380.264,6.943999999999505,22394.152,2025-07-02 12:51:40.580000+00:00,22383.931,22387.425,3.4939999999987776,TT_EXTENSION,2025-07-02 12:53:59.192000+00:00,35.64400921659276,True,0
usatechidxusd_2025-07-02_tick.csv,2025-07-02 12:54:00+00:00,2025-07-02 12:55:00+00:00,2025-07-02 12:56:00+00:00,1,7.300999999999476,22398.309,22391.008,7.300999999999476,22405.61,2025-07-02 12:56:56.573000+00:00,22395.099,22398.335,3.236000000000786,TT_EXPIRED,,0.0,False,0
usatechidxusd_2025-07-02_tick.csv,2025-07-02 13:01:00+00:00,2025-07-02 13:02:00+00:00,2025-07-02 13:03:00+00:00,1,20.74199999999837,22425.231,22404.489,20.74199999999837,22445.972999999998,2025-07-02 13:03:50.206000+00:00,22421.853,22425.346,3.493000000002212,TT_EXTENSION,2025-07-02 13:05:20.733000+00:00,9.43452897502738,True,0
usatechidxusd_2025-07-02_tick.csv,2025-07-02 13:05:00+00:00,2025-07-02 13:06:00+00:00,2025-07-02 13:07:00+00:00,-1,6.201000000000931,22436.142,22442.343,6.201000000000931,22429.941,2025-07-02 13:08:24.445000+00:00,22435.865,22439.336,3.47099999999773,TT_EXTENSION,2025-07-02 13:13:12.035000+00:00,0.8450249959679368,True,0
usatechidxusd_2025-07-02_tick.csv,2025-07-02 13:06:00+00:00,2025-07-02 13:07:00+00:00,2025-07-02 13:08:00+00:00,-1,12.098999999998341,22431.41,22443.509,12.098999999998341,22419.311,2025-07-02 13:08:35.319000+00:00,22430.798,22434.257,3.459000000002561,TT_EXPIRED,,0.0,False,0
usatechidxusd_2025-07-02_tick.csv,2025-07-02 13:07:00+00:00,2025-07-02 13:08:00+00:00,2025-07-02 13:09:00+00:00,1,15.511999999998807,22443.509,22427.997,15.511999999998807,22459.020999999997,2025-07-02 13:15:35.015000+00:00,22440.121,22443.603,3.481999999999971,TT_EXPIRED,,0.0,False,0
usatechidxusd_2025-07-02_tick.csv,2025-07-02 13:09:00+00:00,2025-07-02 13:10:00+00:00,2025-07-02 13:11:00+00:00,-1,9.25800000000163,22427.731,22436.989,9.25800000000163,22418.472999999998,2025-07-02 13:12:56.969000+00:00,22427.731,22431.28,3.5489999999990687,TT_EXPIRED,,0.0,False,0
usatechidxusd_2025-07-02_tick.csv,2025-07-02 13:10:00+00:00,2025-07-02 13:11:00+00:00,2025-07-02 13:12:00+00:00,1,7.558000000000902,22436.989,22429.431,7.558000000000902,22444.547000000002,2025-07-02 13:12:00.680000+00:00,22433.665,22437.157,3.49199999999837,TT_EXPIRED,,0.0,False,0
usatechidxusd_2025-07-02_tick.csv,2025-07-02 13:12:00+00:00,2025-07-02 13:13:00+00:00,2025-07-02 13:14:00+00:00,-1,7.036000000000058,22427.653,22434.689,7.036000000000058,22420.617,2025-07-02 13:16:53.563000+00:00,22427.131,22430.581,3.4499999999970896,TT_EXPIRED,,0.0,False,0
usatechidxusd_2025-07-02_tick.csv,2025-07-02 13:17:00+00:00,2025-07-02 13:18:00+00:00,2025-07-02 13:19:00+00:00,-1,8.788999999997031,22421.419,22430.208,8.788999999997031,22412.630000000005,2025-07-02 13:19:54.096000+00:00,22421.32,22424.846,3.526000000001659,TT_EXPIRED,,0.0,False,0
usatechidxusd_2025-07-02_tick.csv,2025-07-02 13:18:00+00:00,2025-07-02 13:19:00+00:00,2025-07-02 13:20:00+00:00,1,8.88799999999901,22430.208,22421.32,8.88799999999901,22439.095999999998,2025-07-02 13:20:43.539000+00:00,22426.71,22430.28,3.569999999999709,TT_EXTENSION,2025-07-02 13:28:00.262000+00:00,22.79117911791466,True,0
usatechidxusd_2025-07-02_tick.csv,2025-07-02 13:21:00+00:00,2025-07-02 13:22:00+00:00,2025-07-02 13:23:00+00:00,1,9.433999999997468,22432.599,22423.165,9.433999999997468,22442.032999999996,2025-07-02 13:25:02.858000+00:00,22429.175,22432.68,3.5050000000010186,TT_EXTENSION,2025-07-02 13:28:01.168000+00:00,21.160801356800768,True,0
usatechidxusd_2025-07-02_tick.csv,2025-07-02 13:30:00+00:00,2025-07-02 13:31:00+00:00,2025-07-02 13:32:00+00:00,1,16.253999999997177,22460.243,22443.989,16.253999999997177,22476.496999999996,2025-07-02 13:32:25.122000+00:00,22459.009,22460.469,1.4600000000027649,TT_EXTENSION,2025-07-02 13:32:52.761000+00:00,10.161621754647078,True,0
usatechidxusd_2025-07-02_tick.csv,2025-07-02 13:32:00+00:00,2025-07-02 13:33:00+00:00,2025-07-02 13:34:00+00:00,1,14.33299999999872,22478.297,22463.964,14.33299999999872,22492.629999999997,2025-07-02 13:36:26.756000+00:00,22476.91,22478.413,1.5030000000006112,TT_EXTENSION,2025-07-02 13:38:31.382000+00:00,10.39796274332077,True,0
usatechidxusd_2025-07-02_tick.csv,2025-07-02 13:33:00+00:00,2025-07-02 13:34:00+00:00,2025-07-02 13:35:00+00:00,-1,11.525000000001455,22463.964,22475.489,11.525000000001455,22452.439,2025-07-02 13:35:49.300000+00:00,22463.921,22465.48,1.559000000001106,TT_EXPIRED,,0.0,False,0
usatechidxusd_2025-07-02_tick.csv,2025-07-02 13:36:00+00:00,2025-07-02 13:37:00+00:00,2025-07-02 13:38:00+00:00,1,14.02100000000064,22485.231,22471.21,14.02100000000064,22499.252,2025-07-02 13:38:01.673000+00:00,22484.509,22485.958,1.4490000000005239,TT_EXPIRED,,0.0,False,0
usatechidxusd_2025-07-02_tick.csv,2025-07-02 13:38:00+00:00,2025-07-02 13:39:00+00:00,2025-07-02 13:40:00+00:00,1,9.977999999999156,22493.731,22483.753,9.977999999999156,22503.709,2025-07-02 13:45:14.902000+00:00,22492.81,22494.313,1.5029999999969732,TT_EXTENSION,2025-07-02 13:45:29.878000+00:00,13.825917017439709,True,0
usatechidxusd_2025-07-02_tick.csv,2025-07-02 13:39:00+00:00,2025-07-02 13:40:00+00:00,2025-07-02 13:41:00+00:00,1,18.610000000000582,22494.731,22476.121,18.610000000000582,22513.341,2025-07-02 13:45:16.005000+00:00,22493.642,22495.157,1.514999999999418,TT_EXTENSION,2025-07-02 13:46:30.818000+00:00,6.8953788285865825,True,0
usatechidxusd_2025-07-02_tick.csv,2025-07-02 13:41:00+00:00,2025-07-02 13:42:00+00:00,2025-07-02 13:43:00+00:00,1,6.235000000000582,22481.389,22475.154,6.235000000000582,22487.624,2025-07-02 13:43:02.330000+00:00,22480.142,22481.614,1.4720000000015716,TT_EXPIRED,,0.0,False,0
usatechidxusd_2025-07-02_tick.csv,2025-07-02 13:42:00+00:00,2025-07-02 13:43:00+00:00,2025-07-02 13:44:00+00:00,1,11.569999999999709,22483.589,22472.019,11.569999999999709,22495.159,2025-07-02 13:44:18.727000+00:00,22482.309,22483.724,1.4149999999972351,TT_EXTENSION,2025-07-02 13:45:21.534000+00:00,12.662489196197468,True,0
usatechidxusd_2025-07-02_tick.csv,2025-07-02 13:45:00+00:00,2025-07-02 13:46:00+00:00,2025-07-02 13:47:00+00:00,1,8.588999999999942,22509.953,22501.364,8.588999999999942,22518.542,2025-07-02 13:47:22.960000+00:00,22508.508,22509.969,1.4609999999993306,TT_EXPIRED,,0.0,False,0
usatechidxusd_2025-07-02_tick.csv,2025-07-02 13:46:00+00:00,2025-07-02 13:47:00+00:00,2025-07-02 13:48:00+00:00,1,10.290000000000873,22514.665,22504.375,10.290000000000873,22524.955,2025-07-02 13:49:10.791000+00:00,22513.487,22514.935,1.4480000000003201,TT_EXPIRED,,0.0,False,0
usatechidxusd_2025-07-02_tick.csv,2025-07-02 13:47:00+00:00,2025-07-02 13:48:00+00:00,2025-07-02 13:49:00+00:00,-1,8.412000000000262,22504.375,22512.787,8.412000000000262,22495.963,2025-07-02 13:49:36.179000+00:00,22504.265,22505.768,1.5030000000006112,TT_EXTENSION,2025-07-02 13:50:08.148000+00:00,0.367926771279252,True,0
usatechidxusd_2025-07-02_tick.csv,2025-07-02 13:48:00+00:00,2025-07-02 13:49:00+00:00,2025-07-02 13:50:00+00:00,1,14.11200000000099,22512.787,22498.675,14.11200000000099,22526.899,2025-07-02 13:51:16.380000+00:00,22511.421,22512.892,1.4710000000013679,TT_EXPIRED,,0.0,False,0
usatechidxusd_2025-07-02_tick.csv,2025-07-02 13:49:00+00:00,2025-07-02 13:50:00+00:00,2025-07-02 13:51:00+00:00,-1,10.723000000001775,22498.675,22509.398,10.723000000001775,22487.951999999997,2025-07-02 13:56:28.801000+00:00,22498.399,22499.679,1.2799999999988358,TT_EXPIRED,,0.0,False,0
usatechidxusd_2025-07-02_tick.csv,2025-07-02 13:50:00+00:00,2025-07-02 13:51:00+00:00,2025-07-02 13:52:00+00:00,1,6.755000000001019,22509.398,22502.643,6.755000000001019,22516.153000000002,2025-07-02 13:52:34.996000+00:00,22508.897,22510.101,1.2039999999979045,TT_EXTENSION,2025-07-02 13:54:25.047000+00:00,18.580458919316015,True,0
usatechidxusd_2025-07-02_tick.csv,2025-07-02 13:51:00+00:00,2025-07-02 13:52:00+00:00,2025-07-02 13:53:00+00:00,-1,9.33299999999872,22502.643,22511.976,9.33299999999872,22493.31,2025-07-02 13:55:28.869000+00:00,22502.389,22503.581,1.1919999999990978,TT_EXPIRED,,0.0,False,0
usatechidxusd_2025-07-02_tick.csv,2025-07-02 13:55:00+00:00,2025-07-02 13:56:00+00:00,2025-07-02 13:57:00+00:00,-1,8.810999999997875,22499.343,22508.154,8.810999999997875,22490.532000000003,2025-07-02 13:57:11.843000+00:00,22499.121,22500.69,1.5689999999995052,TT_EXPIRED,,0.0,False,0
usatechidxusd_2025-07-02_tick.csv,2025-07-02 13:56:00+00:00,2025-07-02 13:57:00+00:00,2025-07-02 13:58:00+00:00,-1,16.467000000000553,22495.843,22512.31,16.467000000000553,22479.376,2025-07-02 13:59:30.584000+00:00,22495.342,22496.869,1.5269999999982247,TT_EXPIRED,,0.0,False,0
usatechidxusd_2025-07-02_tick.csv,2025-07-02 13:57:00+00:00,2025-07-02 13:58:00+00:00,2025-07-02 13:59:00+00:00,1,11.911000000000058,22512.31,22500.399,11.911000000000058,22524.221,2025-07-02 14:01:06.870000+00:00,22510.908,22512.347,1.4390000000021246,TT_EXTENSION,2025-07-02 14:03:48.861000+00:00,9.8600453362437,True,0
usatechidxusd_2025-07-02_tick.csv,2025-07-02 13:58:00+00:00,2025-07-02 13:59:00+00:00,2025-07-02 14:00:00+00:00,1,15.011000000002241,22507.897,22492.886,15.011000000002241,22522.908000000003,2025-07-02 14:00:38.749000+00:00,22506.643,22508.18,1.537000000000262,TT_EXTENSION,2025-07-02 14:03:48.208000+00:00,7.911265072278986,True,0
usatechidxusd_2025-07-02_tick.csv,2025-07-02 14:01:00+00:00,2025-07-02 14:02:00+00:00,2025-07-02 14:03:00+00:00,1,10.111999999997352,22515.243,22505.131,10.111999999997352,22525.354999999996,2025-07-02 14:03:01.195000+00:00,22514.697,22516.146,1.4490000000005239,TT_EXTENSION,2025-07-02 14:06:41.457000+00:00,11.50207674050981,True,0
usatechidxusd_2025-07-02_tick.csv,2025-07-02 14:06:00+00:00,2025-07-02 14:07:00+00:00,2025-07-02 14:08:00+00:00,1,7.6229999999995925,22531.876,22524.253,7.6229999999995925,22539.499,2025-07-02 14:08:05.436000+00:00,22530.697,22532.158,1.4609999999993306,TT_EXPIRED,,0.0,False,0
usatechidxusd_2025-07-02_tick.csv,2025-07-02 14:07:00+00:00,2025-07-02 14:08:00+00:00,2025-07-02 14:09:00+00:00,-1,7.466000000000349,22524.253,22531.719,7.466000000000349,22516.787,2025-07-02 14:09:23.419000+00:00,22523.831,22525.314,1.4830000000001746,TT_EXPIRED,,0.0,False,0
usatechidxusd_2025-07-02_tick.csv,2025-07-02 14:08:00+00:00,2025-07-02 14:09:00+00:00,2025-07-02 14:10:00+00:00,1,7.8880000000026484,22531.719,22523.831,7.8880000000026484,22539.607000000004,2025-07-02 14:10:01.263000+00:00,22530.589,22531.88,1.2910000000010768,TT_EXTENSION,2025-07-02 14:10:58.403000+00:00,12.938260649082505,True,0
usatechidxusd_2025-07-02_tick.csv,2025-07-02 14:12:00+00:00,2025-07-02 14:13:00+00:00,2025-07-02 14:14:00+00:00,1,9.556000000000495,22549.22,22539.664,9.556000000000495,22558.776,2025-07-02 14:15:35.119000+00:00,22548.809,22550.235,1.4259999999994761,TT_EXTENSION,2025-07-02 14:25:50.290000+00:00,8.673922143155579,True,0
usatechidxusd_2025-07-02_tick.csv,2025-07-02 14:20:00+00:00,2025-07-02 14:21:00+00:00,2025-07-02 14:22:00+00:00,-1,7.391999999999825,22543.997,22551.389,7.391999999999825,22536.605,2025-07-02 14:22:16.579000+00:00,22543.887,22545.325,1.4380000000019209,TT_EXPIRED,,0.0,False,0
usatechidxusd_2025-07-02_tick.csv,2025-07-02 14:21:00+00:00,2025-07-02 14:22:00+00:00,2025-07-02 14:23:00+00:00,1,8.057000000000698,22551.389,22543.332,8.057000000000698,22559.446,2025-07-02 14:23:02.482000+00:00,22550.632,22552.136,1.503999999997177,TT_EXTENSION,2025-07-02 14:25:50.290000+00:00,10.20454263373385,True,0
usatechidxusd_2025-07-02_tick.csv,2025-07-02 14:25:00+00:00,2025-07-02 14:26:00+00:00,2025-07-02 14:27:00+00:00,1,10.501000000000204,22574.798,22564.297,10.501000000000204,22585.299,2025-07-02 14:27:11.266000+00:00,22573.643,22575.157,1.5139999999992142,TT_EXTENSION,2025-07-02 14:29:28.141000+00:00,5.367584039615323,True,0
usatechidxusd_2025-07-02_tick.csv,2025-07-02 14:27:00+00:00,2025-07-02 14:28:00+00:00,2025-07-02 14:29:00+00:00,1,9.99199999999837,22578.389,22568.397,9.99199999999837,22588.380999999998,2025-07-02 14:44:28.145000+00:00,22577.397,22578.836,1.4389999999984866,TT_EXPIRED,,0.0,False,0
usatechidxusd_2025-07-02_tick.csv,2025-07-02 14:29:00+00:00,2025-07-02 14:30:00+00:00,2025-07-02 14:31:00+00:00,1,6.988000000001193,22585.686,22578.698,6.988000000001193,22592.674000000003,2025-07-02 14:31:01.339000+00:00,22584.364,22585.791,1.4269999999996799,TT_EXTENSION,2025-07-02 14:34:36.249000+00:00,7.010589582139324,True,0
usatechidxusd_2025-07-02_tick.csv,2025-07-02 14:32:00+00:00,2025-07-02 14:33:00+00:00,2025-07-02 14:34:00+00:00,1,6.968000000000757,22590.089,22583.121,6.968000000000757,22597.057,2025-07-02 14:34:01.797000+00:00,22588.664,22590.179,1.514999999999418,TT_EXTENSION,2025-07-02 14:36:22.584000+00:00,6.401693455797234,True,0
usatechidxusd_2025-07-02_tick.csv,2025-07-02 14:33:00+00:00,2025-07-02 14:34:00+00:00,2025-07-02 14:35:00+00:00,-1,10.989000000001397,22583.121,22594.11,10.989000000001397,22572.131999999998,2025-07-02 14:44:26.082000+00:00,22581.387,22582.868,1.4809999999997672,TT_EXTENSION,2025-07-02 14:44:42.976000+00:00,0.4871234871233484,True,0
usatechidxusd_2025-07-02_tick.csv,2025-07-02 14:34:00+00:00,2025-07-02 14:35:00+00:00,2025-07-02 14:36:00+00:00,1,6.799999999999272,22594.11,22587.31,6.799999999999272,22600.91,2025-07-02 14:36:11.005000+00:00,22592.709,22594.19,1.4809999999997672,TT_EXTENSION,2025-07-02 14:37:02.972000+00:00,5.993235294118408,True,0
usatechidxusd_2025-07-02_tick.csv,2025-07-02 14:35:00+00:00,2025-07-02 14:36:00+00:00,2025-07-02 14:37:00+00:00,-1,12.354999999999563,22587.31,22599.665,12.354999999999563,22574.955,2025-07-02 14:44:17.351000+00:00,22586.742,22588.269,1.5270000000018626,TT_EXTENSION,2025-07-02 14:44:28.497000+00:00,0.6617563739379525,True,0
usatechidxusd_2025-07-02_tick.csv,2025-07-02 14:38:00+00:00,2025-07-02 14:39:00+00:00,2025-07-02 14:40:00+00:00,-1,6.790000000000873,22593.975,22600.765,6.790000000000873,22587.184999999998,2025-07-02 14:40:04.680000+00:00,22593.832,22595.111,1.27900000000227,TT_EXPIRED,,0.0,False,0
usatechidxusd_2025-07-02_tick.csv,2025-07-02 14:39:00+00:00,2025-07-02 14:40:00+00:00,2025-07-02 14:41:00+00:00,-1,10.911999999996624,22592.187,22603.099,10.911999999996624,22581.275000000005,2025-07-02 14:44:17.149000+00:00,22591.419,22592.89,1.47099999999773,TT_EXTENSION,2025-07-02 14:44:27.292000+00:00,1.3284457478015896,True,0
usatechidxusd_2025-07-02_tick.csv,2025-07-02 14:42:00+00:00,2025-07-02 14:43:00+00:00,2025-07-02 14:44:00+00:00,-1,6.511999999998807,22597.687,22604.199,6.511999999998807,22591.175000000003,2025-07-02 14:44:16.948000+00:00,22594.821,22596.313,1.4919999999983702,TT_EXTENSION,2025-07-02 14:44:17.351000+00:00,3.74631449631584,True,0
usatechidxusd_2025-07-02_tick.csv,2025-07-02 14:43:00+00:00,2025-07-02 14:44:00+00:00,2025-07-02 14:45:00+00:00,1,38.93500000000131,22604.199,22565.264,38.93500000000131,22643.134000000002,2025-07-02 14:47:52.495000+00:00,22603.164,22604.646,1.481999999999971,TT_AUTOCUT,,0.0,False,0
usatechidxusd_2025-07-02_tick.csv,2025-07-02 14:47:00+00:00,2025-07-02 14:48:00+00:00,2025-07-02 14:49:00+00:00,1,6.13300000000163,22610.842,22604.709,6.13300000000163,22616.975000000002,2025-07-02 14:49:15.831000+00:00,22609.419,22610.89,1.47099999999773,TT_EXPIRED,,0.0,False,0
usatechidxusd_2025-07-02_tick.csv,2025-07-02 14:48:00+00:00,2025-07-02 14:49:00+00:00,2025-07-02 14:50:00+00:00,-1,7.510000000002037,22604.709,22612.219,7.510000000002037,22597.198999999997,2025-07-02 14:50:07.651000+00:00,22604.676,22606.135,1.4589999999989232,TT_EXPIRED,,0.0,False,0
usatechidxusd_2025-07-02_tick.csv,2025-07-02 14:49:00+00:00,2025-07-02 14:50:00+00:00,2025-07-02 14:51:00+00:00,1,9.264999999999418,22612.219,22602.954,9.264999999999418,22621.484,2025-07-02 14:54:42.551000+00:00,22611.099,22612.369,1.2700000000004366,TT_EXPIRED,,0.0,False,0
usatechidxusd_2025-07-02_tick.csv,2025-07-02 14:50:00+00:00,2025-07-02 14:51:00+00:00,2025-07-02 14:52:00+00:00,1,6.523000000001048,22622.409,22615.886,6.523000000001048,22628.932,2025-07-02 14:52:02.620000+00:00,22621.12,22622.581,1.4609999999993306,TT_EXPIRED,,0.0,False,0
usatechidxusd_2025-07-02_tick.csv,2025-07-02 14:51:00+00:00,2025-07-02 14:52:00+00:00,2025-07-02 14:53:00+00:00,-1,6.278000000002066,22615.886,22622.164,6.278000000002066,22609.607999999997,2025-07-02 14:54:18.319000+00:00,22615.643,22616.911,1.268000000000029,TT_EXTENSION,2025-07-02 14:55:00.185000+00:00,2.708983752786268,True,0
usatechidxusd_2025-07-02_tick.csv,2025-07-02 14:52:00+00:00,2025-07-02 14:53:00+00:00,2025-07-02 14:54:00+00:00,-1,11.498999999999796,22612.176,22623.675,11.498999999999796,22600.677,2025-07-02 14:54:40.092000+00:00,22611.864,22613.357,1.492999999998574,TT_EXTENSION,2025-07-02 14:55:10.530000+00:00,0.7023219410384446,True,0
usatechidxusd_2025-07-02_tick.csv,2025-07-02 14:53:00+00:00,2025-07-02 14:54:00+00:00,2025-07-02 14:55:00+00:00,1,14.06499999999869,22623.675,22609.61,14.06499999999869,22637.739999999998,2025-07-02 15:01:57.737000+00:00,22623.297,22624.757,1.4600000000027649,TT_EXTENSION,2025-07-02 15:06:04.063000+00:00,0.27899040170658174,True,0
usatechidxusd_2025-07-02_tick.csv,2025-07-02 14:55:00+00:00,2025-07-02 14:56:00+00:00,2025-07-02 14:57:00+00:00,-1,8.489000000001397,22597.642,22606.131,8.489000000001397,22589.153,2025-07-02 14:57:06.249000+00:00,22597.376,22598.89,1.5139999999992142,TT_EXPIRED,,0.0,False,0
usatechidxusd_2025-07-02_tick.csv,2025-07-02 14:56:00+00:00,2025-07-02 14:57:00+00:00,2025-07-02 14:58:00+00:00,-1,8.878999999997177,22593.81,22602.689,8.878999999997177,22584.931000000004,2025-07-02 15:28:45.553000+00:00,22593.442,22594.935,1.493000000002212,TT_EXPIRED,,0.0,False,0
usatechidxusd_2025-07-02_tick.csv,2025-07-02 14:58:00+00:00,2025-07-02 14:59:00+00:00,2025-07-02 15:00:00+00:00,1,8.825000000000728,22604.989,22596.164,8.825000000000728,22613.814000000002,2025-07-02 15:27:17.547000+00:00,22603.708,22605.179,1.4710000000013679,TT_EXPIRED,,0.0,False,0
usatechidxusd_2025-07-02_tick.csv,2025-07-02 15:01:00+00:00,2025-07-02 15:02:00+00:00,2025-07-02 15:03:00+00:00,1,9.287999999996828,22623.92,22614.632,9.287999999996828,22633.207999999995,2025-07-02 15:03:06.234000+00:00,22622.719,22624.114,1.3950000000004366,TT_EXTENSION,2025-07-02 15:05:32.323000+00:00,0.9104220499578463,True,0
usatechidxusd_2025-07-02_tick.csv,2025-07-02 15:02:00+00:00,2025-07-02 15:03:00+00:00,2025-07-02 15:04:00+00:00,1,7.878000000000611,22624.709,22616.831,7.878000000000611,22632.587,2025-07-02 15:05:03.348000+00:00,22623.265,22624.78,1.514999999999418,TT_EXTENSION,2025-07-02 15:05:32.323000+00:00,1.1521959888297069,True,0
usatechidxusd_2025-07-02_tick.csv,2025-07-02 15:03:00+00:00,2025-07-02 15:04:00+00:00,2025-07-02 15:05:00+00:00,-1,6.356000000003405,22616.831,22623.187,6.356000000003405,22610.474999999995,2025-07-02 15:10:17.942000+00:00,22616.376,22617.611,1.235000000000582,TT_EXPIRED,,0.0,False,0
usatechidxusd_2025-07-02_tick.csv,2025-07-02 15:06:00+00:00,2025-07-02 15:07:00+00:00,2025-07-02 15:08:00+00:00,1,8.633999999998196,22637.999,22629.365,8.633999999998196,22646.632999999998,2025-07-02 16:40:04.058000+00:00,22636.687,22638.135,1.4479999999966822,TT_EXPIRED,,0.0,False,0
usatechidxusd_2025-07-02_tick.csv,2025-07-02 15:07:00+00:00,2025-07-02 15:08:00+00:00,2025-07-02 15:09:00+00:00,1,7.52100000000064,22635.908,22628.387,7.52100000000064,22643.429,2025-07-02 15:09:09.048000+00:00,22634.519,22635.935,1.4160000000010768,TT_EXPIRED,,0.0,False,0
usatechidxusd_2025-07-02_tick.csv,2025-07-02 15:08:00+00:00,2025-07-02 15:09:00+00:00,2025-07-02 15:10:00+00:00,-1,7.032000000002881,22628.387,22635.419,7.032000000002881,22621.354999999996,2025-07-02 16:08:58.449000+00:00,22628.354,22629.814,1.4599999999991269,TT_EXTENSION,2025-07-02 16:10:02.533000+00:00,3.262798634810362,True,0
usatechidxusd_2025-07-02_tick.csv,2025-07-02 15:10:00+00:00,2025-07-02 15:11:00+00:00,2025-07-02 15:12:00+00:00,-1,12.877000000000407,22613.832,22626.709,12.877000000000407,22600.954999999998,2025-07-02 15:12:23.048000+00:00,22613.653,22615.179,1.526000000001659,TT_EXTENSION,2025-07-02 15:27:27.227000+00:00,0.6487535916750093,True,0
usatechidxusd_2025-07-02_tick.csv,2025-07-02 15:15:00+00:00,2025-07-02 15:16:00+00:00,2025-07-02 15:17:00+00:00,1,14.299999999999272,22622.976,22608.676,14.299999999999272,22637.275999999998,2025-07-02 15:22:17.889000+00:00,22621.843,22623.357,1.5139999999992142,TT_EXPIRED,,0.0,False,0
usatechidxusd_2025-07-02_tick.csv,2025-07-02 15:16:00+00:00,2025-07-02 15:17:00+00:00,2025-07-02 15:18:00+00:00,-1,9.654999999998836,22608.676,22618.331,9.654999999998836,22599.021,2025-07-02 15:20:09.582000+00:00,22608.298,22609.713,1.4150000000008731,TT_EXPIRED,,0.0,False,0
usatechidxusd_2025-07-02_tick.csv,2025-07-02 15:17:00+00:00,2025-07-02 15:18:00+00:00,2025-07-02 15:19:00+00:00,1,7.577999999997701,22618.331,22610.753,7.577999999997701,22625.908999999996,2025-07-02 15:19:00.862000+00:00,22617.121,22618.614,1.493000000002212,TT_EXPIRED,,0.0,False,0
usatechidxusd_2025-07-02_tick.csv,2025-07-02 15:18:00+00:00,2025-07-02 15:19:00+00:00,2025-07-02 15:20:00+00:00,1,7.189000000002125,22618.399,22611.21,7.189000000002125,22625.588000000003,2025-07-02 15:20:32.952000+00:00,22616.931,22618.435,1.504000000000815,TT_EXPIRED,,0.0,False,0
usatechidxusd_2025-07-02_tick.csv,2025-07-02 15:19:00+00:00,2025-07-02 15:20:00+00:00,2025-07-02 15:21:00+00:00,-1,6.488000000001193,22611.21,22617.698,6.488000000001193,22604.721999999998,2025-07-02 15:21:15.099000+00:00,22610.665,22612.092,1.4269999999996799,TT_EXPIRED,,0.0,False,0
usatechidxusd_2025-07-02_tick.csv,2025-07-02 15:20:00+00:00,2025-07-02 15:21:00+00:00,2025-07-02 15:22:00+00:00,-1,10.855999999999767,22608.298,22619.154,10.855999999999767,22597.442,2025-07-02 15:24:21.830000+00:00,22608.154,22609.411,1.257000000001426,TT_EXTENSION,2025-07-02 15:28:40.781000+00:00,0.4459285187914935,True,0
usatechidxusd_2025-07-02_tick.csv,2025-07-02 15:22:00+00:00,2025-07-02 15:23:00+00:00,2025-07-02 15:24:00+00:00,1,9.96900000000096,22623.089,22613.12,9.96900000000096,22633.058,2025-07-02 16:08:33.237000+00:00,22621.854,22623.292,1.4380000000019209,TT_EXPIRED,,0.0,False,0
usatechidxusd_2025-07-02_tick.csv,2025-07-02 15:27:00+00:00,2025-07-02 15:28:00+00:00,2025-07-02 15:29:00+00:00,-1,7.332999999998719,22598.875,22606.208,7.332999999998719,22591.542,2025-07-02 15:29:44.769000+00:00,22598.686,22600.102,1.4159999999974389,TT_EXPIRED,,0.0,False,0
usatechidxusd_2025-07-02_tick.csv,2025-07-02 15:30:00+00:00,2025-07-02 15:31:00+00:00,2025-07-02 15:32:00+00:00,1,6.0459999999984575,22606.889,22600.843,6.0459999999984575,22612.934999999998,2025-07-02 15:32:26.762000+00:00,22605.908,22607.346,1.4380000000019209,TT_EXTENSION,2025-07-02 15:35:11.402000+00:00,4.751736685413551,True,0
usatechidxusd_2025-07-02_tick.csv,2025-07-02 15:31:00+00:00,2025-07-02 15:32:00+00:00,2025-07-02 15:33:00+00:00,1,7.066000000002532,22608.219,22601.153,7.066000000002532,22615.285000000003,2025-07-02 15:33:24.582000+00:00,22606.908,22608.291,1.3830000000016298,TT_EXTENSION,2025-07-02 15:35:27.662000+00:00,3.733229549955806,True,0
usatechidxusd_2025-07-02_tick.csv,2025-07-02 15:32:00+00:00,2025-07-02 15:33:00+00:00,2025-07-02 15:34:00+00:00,-1,8.74500000000262,22601.153,22609.898,8.74500000000262,22592.407999999996,2025-07-02 15:39:32.211000+00:00,22600.621,22602.146,1.5250000000014552,TT_EXPIRED,,0.0,False,0
usatechidxusd_2025-07-02_tick.csv,2025-07-02 15:35:00+00:00,2025-07-02 15:36:00+00:00,2025-07-02 15:37:00+00:00,1,7.82300000000032,22618.187,22610.364,7.82300000000032,22626.010000000002,2025-07-02 15:37:06.172000+00:00,22616.843,22618.368,1.5249999999978172,TT_EXPIRED,,0.0,False,0
usatechidxusd_2025-07-02_tick.csv,2025-07-02 15:37:00+00:00,2025-07-02 15:38:00+00:00,2025-07-02 15:39:00+00:00,1,13.532999999999447,22619.143,22605.61,13.532999999999447,22632.676,2025-07-02 15:46:52.533000+00:00,22617.754,22619.29,1.5360000000000582,TT_EXPIRED,,0.0,False,0
usatechidxusd_2025-07-02_tick.csv,2025-07-02 15:39:00+00:00,2025-07-02 15:40:00+00:00,2025-07-02 15:41:00+00:00,-1,8.278999999998632,22598.32,22606.599,8.278999999998632,22590.041,2025-07-02 15:45:13.057000+00:00,22597.876,22599.368,1.4919999999983702,TT_EXPIRED,,0.0,False,0
usatechidxusd_2025-07-02_tick.csv,2025-07-02 15:40:00+00:00,2025-07-02 15:41:00+00:00,2025-07-02 15:42:00+00:00,1,7.188999999998487,22606.599,22599.41,7.188999999998487,22613.787999999997,2025-07-02 15:42:01.487000+00:00,22605.165,22606.647,1.481999999999971,TT_EXPIRED,,0.0,False,0
usatechidxusd_2025-07-02_tick.csv,2025-07-02 15:41:00+00:00,2025-07-02 15:42:00+00:00,2025-07-02 15:43:00+00:00,1,7.945999999999913,22607.854,22599.908,7.945999999999913,22615.8,2025-07-02 15:45:37.113000+00:00,22606.397,22607.88,1.4830000000001746,TT_EXTENSION,2025-07-02 15:46:50.927000+00:00,3.2549710546188875,True,0
usatechidxusd_2025-07-02_tick.csv,2025-07-02 15:44:00+00:00,2025-07-02 15:45:00+00:00,2025-07-02 15:46:00+00:00,-1,7.954999999998108,22599.454,22607.409,7.954999999998108,22591.499000000003,2025-07-02 17:38:02.065000+00:00,22599.408,22600.814,1.4059999999990396,TT_EXPIRED,,0.0,False,0
usatechidxusd_2025-07-02_tick.csv,2025-07-02 15:50:00+00:00,2025-07-02 15:51:00+00:00,2025-07-02 15:52:00+00:00,-1,6.67699999999968,22610.154,22616.831,6.67699999999968,22603.477,2025-07-02 15:52:38.126000+00:00,22609.632,22611.136,1.503999999997177,TT_EXPIRED,,0.0,False,0
usatechidxusd_2025-07-02_tick.csv,2025-07-02 15:51:00+00:00,2025-07-02 15:52:00+00:00,2025-07-02 15:53:00+00:00,1,7.198999999996886,22616.831,22609.632,7.198999999996886,22624.029999999995,2025-07-02 15:55:55.881000+00:00,22615.331,22616.835,1.504000000000815,TT_EXPIRED,,0.0,False,0
usatechidxusd_2025-07-02_tick.csv,2025-07-02 15:54:00+00:00,2025-07-02 15:55:00+00:00,2025-07-02 15:56:00+00:00,-1,11.577000000001135,22605.321,22616.898,11.577000000001135,22593.744,2025-07-02 16:02:46.463000+00:00,22605.154,22606.658,1.504000000000815,TT_EXPIRED,,0.0,False,0
usatechidxusd_2025-07-02_tick.csv,2025-07-02 15:55:00+00:00,2025-07-02 15:56:00+00:00,2025-07-02 15:57:00+00:00,1,7.578000000001339,22616.898,22609.32,7.578000000001339,22624.476000000002,2025-07-02 15:59:09.649000+00:00,22615.81,22617.368,1.5579999999972642,TT_EXPIRED,,0.0,False,0
usatechidxusd_2025-07-02_tick.csv,2025-07-02 16:00:00+00:00,2025-07-02 16:01:00+00:00,2025-07-02 16:02:00+00:00,1,12.524000000001251,22620.899,22608.375,12.524000000001251,22633.423000000003,2025-07-02 16:06:25.077000+00:00,22619.453,22620.924,1.47099999999773,TT_EXTENSION,2025-07-02 16:24:20.639000+00:00,0.658016608112212,True,0
usatechidxusd_2025-07-02_tick.csv,2025-07-02 16:07:00+00:00,2025-07-02 16:08:00+00:00,2025-07-02 16:09:00+00:00,-1,14.913000000000466,22613.986,22628.899,14.913000000000466,22599.073,2025-07-02 16:10:31.880000+00:00,22613.864,22615.281,1.4169999999976426,TT_EXPIRED,,0.0,False,0
usatechidxusd_2025-07-02_tick.csv,2025-07-02 16:08:00+00:00,2025-07-02 16:09:00+00:00,2025-07-02 16:10:00+00:00,1,8.479000000002998,22628.899,22620.42,8.479000000002998,22637.378000000004,2025-07-02 16:17:05.026000+00:00,22627.686,22629.18,1.4939999999987776,TT_EXPIRED,,0.0,False,0
usatechidxusd_2025-07-02_tick.csv,2025-07-02 16:10:00+00:00,2025-07-02 16:11:00+00:00,2025-07-02 16:12:00+00:00,-1,8.934999999997672,22611.664,22620.599,8.934999999997672,22602.729000000003,2025-07-02 16:14:40.276000+00:00,22611.364,22612.813,1.448999999996886,TT_EXPIRED,,0.0,False,0
usatechidxusd_2025-07-02_tick.csv,2025-07-02 16:20:00+00:00,2025-07-02 16:21:00+00:00,2025-07-02 16:22:00+00:00,-1,8.04399999999805,22623.453,22631.497,8.04399999999805,22615.409000000003,2025-07-02 16:26:06.077000+00:00,22622.908,22624.313,1.4049999999988358,TT_EXTENSION,2025-07-02 16:31:25.404000+00:00,2.1131277971167766,True,0
usatechidxusd_2025-07-02_tick.csv,2025-07-02 16:26:00+00:00,2025-07-02 16:27:00+00:00,2025-07-02 16:28:00+00:00,-1,10.331999999998516,22614.876,22625.208,10.331999999998516,22604.544,2025-07-02 16:30:50.647000+00:00,22614.843,22616.111,1.268000000000029,TT_EXPIRED,,0.0,False,0
usatechidxusd_2025-07-02_tick.csv,2025-07-02 16:28:00+00:00,2025-07-02 16:29:00+00:00,2025-07-02 16:30:00+00:00,1,7.221000000001368,22627.897,22620.676,7.221000000001368,22635.118000000002,2025-07-02 16:34:49.434000+00:00,22626.889,22628.147,1.2580000000016298,TT_EXTENSION,2025-07-02 16:39:37.486000+00:00,0.9065226422929258,True,0
usatechidxusd_2025-07-02_tick.csv,2025-07-02 16:31:00+00:00,2025-07-02 16:32:00+00:00,2025-07-02 16:33:00+00:00,-1,6.688999999998487,22613.81,22620.499,6.688999999998487,22607.121000000003,2025-07-02 17:17:36.768000+00:00,22613.676,22614.901,1.2250000000021828,TT_EXTENSION,2025-07-02 17:20:40.676000+00:00,1.3021378382425977,True,0
usatechidxusd_2025-07-02_tick.csv,2025-07-02 16:39:00+00:00,2025-07-02 16:40:00+00:00,2025-07-02 16:41:00+00:00,1,7.275999999998021,22635.886,22628.61,7.275999999998021,22643.161999999997,2025-07-02 16:42:08.951000+00:00,22634.698,22636.19,1.4919999999983702,TT_EXPIRED,,0.0,False,0
usatechidxusd_2025-07-02_tick.csv,2025-07-02 16:45:00+00:00,2025-07-02 16:46:00+00:00,2025-07-02 16:47:00+00:00,1,11.603000000002794,22631.489,22619.886,11.603000000002794,22643.092000000004,2025-07-02 16:48:59.062000+00:00,22630.208,22631.591,1.3830000000016298,TT_EXPIRED,,0.0,False,0
usatechidxusd_2025-07-02_tick.csv,2025-07-02 16:50:00+00:00,2025-07-02 16:51:00+00:00,2025-07-02 16:52:00+00:00,1,10.81000000000131,22632.164,22621.354,10.81000000000131,22642.974000000002,2025-07-02 16:55:33.615000+00:00,22630.886,22632.346,1.4600000000027649,TT_EXPIRED,,0.0,False,0
usatechidxusd_2025-07-02_tick.csv,2025-07-02 16:52:00+00:00,2025-07-02 16:53:00+00:00,2025-07-02 16:54:00+00:00,-1,6.679000000000087,22620.797,22627.476,6.679000000000087,22614.118,2025-07-02 17:09:34.687000+00:00,22620.72,22622.001,1.2809999999990396,TT_EXPIRED,,0.0,False,0
usatechidxusd_2025-07-02_tick.csv,2025-07-02 16:54:00+00:00,2025-07-02 16:55:00+00:00,2025-07-02 16:56:00+00:00,-1,6.924999999999272,22624.664,22631.589,6.924999999999272,22617.739,2025-07-02 17:07:33.993000+00:00,22624.209,22625.679,1.4700000000011642,TT_EXPIRED,,0.0,False,0
usatechidxusd_2025-07-02_tick.csv,2025-07-02 17:02:00+00:00,2025-07-02 17:03:00+00:00,2025-07-02 17:04:00+00:00,1,10.098999999998341,22638.319,22628.22,10.098999999998341,22648.417999999998,2025-07-02 19:04:12.649000+00:00,22637.709,22639.102,1.393000000000029,TT_EXPIRED,,0.0,False,0
usatechidxusd_2025-07-02_tick.csv,2025-07-02 17:03:00+00:00,2025-07-02 17:04:00+00:00,2025-07-02 17:05:00+00:00,-1,6.199000000000524,22628.22,22634.419,6.199000000000524,22622.021,2025-07-02 17:06:18.322000+00:00,22627.975,22629.458,1.4830000000001746,TT_EXTENSION,2025-07-02 17:09:34.687000+00:00,3.8086788191641534,True,0
usatechidxusd_2025-07-02_tick.csv,2025-07-02 17:05:00+00:00,2025-07-02 17:06:00+00:00,2025-07-02 17:07:00+00:00,1,9.989000000001397,22634.699,22624.71,9.989000000001397,22644.688000000002,2025-07-02 17:12:06.327000+00:00,22633.376,22634.858,1.481999999999971,TT_EXPIRED,,0.0,False,0
usatechidxusd_2025-07-02_tick.csv,2025-07-02 17:07:00+00:00,2025-07-02 17:08:00+00:00,2025-07-02 17:09:00+00:00,1,6.098999999998341,22629.319,22623.22,6.098999999998341,22635.417999999998,2025-07-02 17:11:13.335000+00:00,22627.91,22629.403,1.492999999998574,TT_EXPIRED,,0.0,False,0
usatechidxusd_2025-07-02_tick.csv,2025-07-02 17:16:00+00:00,2025-07-02 17:17:00+00:00,2025-07-02 17:18:00+00:00,1,8.221000000001368,22620.875,22612.654,8.221000000001368,22629.096,2025-07-02 17:24:40.770000+00:00,22619.421,22620.946,1.5250000000014552,TT_EXPIRED,,0.0,False,0
usatechidxusd_2025-07-02_tick.csv,2025-07-02 17:24:00+00:00,2025-07-02 17:25:00+00:00,2025-07-02 17:26:00+00:00,1,8.578000000001339,22623.399,22614.821,8.578000000001339,22631.977000000003,2025-07-02 17:26:28.847000+00:00,22621.931,22623.403,1.4719999999979336,TT_EXPIRED,,0.0,False,0
usatechidxusd_2025-07-02_tick.csv,2025-07-02 17:25:00+00:00,2025-07-02 17:26:00+00:00,2025-07-02 17:27:00+00:00,-1,8.077000000001135,22614.821,22622.898,8.077000000001135,22606.744,2025-07-02 17:27:04.161000+00:00,22614.82,22616.346,1.526000000001659,TT_EXTENSION,2025-07-02 17:29:15.087000+00:00,1.031694936238399,True,0
usatechidxusd_2025-07-02_tick.csv,2025-07-02 17:26:00+00:00,2025-07-02 17:27:00+00:00,2025-07-02 17:28:00+00:00,1,12.578000000001339,22622.898,22610.32,12.578000000001339,22635.476000000002,2025-07-02 17:53:00.631000+00:00,22621.797,22623.011,1.2139999999999418,TT_EXPIRED,,0.0,False,0
usatechidxusd_2025-07-02_tick.csv,2025-07-02 17:29:00+00:00,2025-07-02 17:30:00+00:00,2025-07-02 17:31:00+00:00,-1,10.222000000001572,22604.921,22615.143,10.222000000001572,22594.698999999997,2025-07-02 17:36:07.188000+00:00,22604.875,22606.325,1.4500000000007276,TT_EXPIRED,,0.0,False,0
usatechidxusd_2025-07-02_tick.csv,2025-07-02 17:37:00+00:00,2025-07-02 17:38:00+00:00,2025-07-02 17:39:00+00:00,-1,7.477999999999156,22600.32,22607.798,7.477999999999156,22592.842,2025-07-02 17:41:08.009000+00:00,22600.175,22601.613,1.4380000000019209,TT_EXPIRED,,0.0,False,0
usatechidxusd_2025-07-02_tick.csv,2025-07-02 17:56:00+00:00,2025-07-02 17:57:00+00:00,2025-07-02 17:58:00+00:00,1,6.044000000001688,22620.919,22614.875,6.044000000001688,22626.963000000003,2025-07-02 18:09:31.555000+00:00,22619.42,22620.947,1.5270000000018626,TT_EXPIRED,,0.0,False,0
usatechidxusd_2025-07-02_tick.csv,2025-07-02 18:02:00+00:00,2025-07-02 18:03:00+00:00,2025-07-02 18:04:00+00:00,-1,7.367000000002008,22602.42,22609.787,7.367000000002008,22595.052999999996,2025-07-02 19:43:06.980000+00:00,22602.354,22603.879,1.5250000000014552,TT_EXPIRED,,0.0,False,0
usatechidxusd_2025-07-02_tick.csv,2025-07-02 18:17:00+00:00,2025-07-02 18:18:00+00:00,2025-07-02 18:19:00+00:00,-1,11.0099999999984,22606.898,22617.908,11.0099999999984,22595.888000000003,2025-07-02 19:42:15.251000+00:00,22606.12,22607.411,1.2910000000010768,TT_EXPIRED,,0.0,False,0
usatechidxusd_2025-07-02_tick.csv,2025-07-02 18:19:00+00:00,2025-07-02 18:20:00+00:00,2025-07-02 18:21:00+00:00,1,6.299999999999272,22624.431,22618.131,6.299999999999272,22630.731,2025-07-02 18:28:17.301000+00:00,22622.931,22624.48,1.5489999999990687,TT_EXPIRED,,0.0,False,0
usatechidxusd_2025-07-02_tick.csv,2025-07-02 18:24:00+00:00,2025-07-02 18:25:00+00:00,2025-07-02 18:26:00+00:00,-1,6.098000000001775,22613.099,22619.197,6.098000000001775,22607.000999999997,2025-07-02 18:46:05.843000+00:00,22612.864,22614.39,1.525999999998021,TT_EXPIRED,,0.0,False,0
usatechidxusd_2025-07-02_tick.csv,2025-07-02 18:29:00+00:00,2025-07-02 18:30:00+00:00,2025-07-02 18:31:00+00:00,-1,6.32300000000032,22615.676,22621.999,6.32300000000032,22609.353,2025-07-02 18:31:08.430000+00:00,22615.676,22617.103,1.4269999999996799,TT_EXPIRED,,0.0,False,0
usatechidxusd_2025-07-02_tick.csv,2025-07-02 18:31:00+00:00,2025-07-02 18:32:00+00:00,2025-07-02 18:33:00+00:00,-1,8.256999999997788,22613.932,22622.189,8.256999999997788,22605.675000000003,2025-07-02 18:45:49.424000+00:00,22613.908,22615.313,1.4049999999988358,TT_EXPIRED,,0.0,False,0
usatechidxusd_2025-07-02_tick.csv,2025-07-02 18:44:00+00:00,2025-07-02 18:45:00+00:00,2025-07-02 18:46:00+00:00,1,6.0,22619.82,22613.82,6.0,22625.82,2025-07-02 18:47:09.155000+00:00,22618.331,22619.879,1.548000000002503,TT_EXTENSION,2025-07-02 18:48:53.512000+00:00,2.6406666666668266,True,0
usatechidxusd_2025-07-02_tick.csv,2025-07-02 18:46:00+00:00,2025-07-02 18:47:00+00:00,2025-07-02 18:48:00+00:00,-1,10.388999999999214,22610.397,22620.786,10.388999999999214,22600.008,2025-07-02 18:51:10.058000+00:00,22609.91,22611.457,1.5469999999986612,TT_EXPIRED,,0.0,False,0
usatechidxusd_2025-07-02_tick.csv,2025-07-02 18:48:00+00:00,2025-07-02 18:49:00+00:00,2025-07-02 18:50:00+00:00,1,9.287000000000262,22625.919,22616.632,9.287000000000262,22635.206000000002,2025-07-02 19:01:17.142000+00:00,22624.464,22625.936,1.4720000000015716,TT_EXTENSION,2025-07-02 19:03:40.460000+00:00,0.6953806396035896,True,0
usatechidxusd_2025-07-02_tick.csv,2025-07-02 18:59:00+00:00,2025-07-02 19:00:00+00:00,2025-07-02 19:01:00+00:00,-1,6.645999999997002,22615.953,22622.599,6.645999999997002,22609.307000000004,2025-07-02 19:11:47.391000+00:00,22615.787,22617.192,1.4049999999988358,TT_EXTENSION,2025-07-02 19:20:01.733000+00:00,0.89843514896294,True,0
usatechidxusd_2025-07-02_tick.csv,2025-07-02 19:03:00+00:00,2025-07-02 19:04:00+00:00,2025-07-02 19:05:00+00:00,1,6.188000000001921,22635.309,22629.121,6.188000000001921,22641.497000000003,2025-07-02 19:54:42.420000+00:00,22634.832,22636.302,1.4700000000011642,TT_EXPIRED,,0.0,False,0
usatechidxusd_2025-07-02_tick.csv,2025-07-02 19:09:00+00:00,2025-07-02 19:10:00+00:00,2025-07-02 19:11:00+00:00,1,7.355999999999767,22625.798,22618.442,7.355999999999767,22633.154,2025-07-02 19:54:37.345000+00:00,22624.31,22625.89,1.5799999999981083,TT_EXTENSION,2025-07-02 19:54:40.359000+00:00,1.1568787384451205,True,0
usatechidxusd_2025-07-02_tick.csv,2025-07-02 19:24:00+00:00,2025-07-02 19:25:00+00:00,2025-07-02 19:26:00+00:00,-1,7.878999999997177,22614.953,22622.832,7.878999999997177,22607.074000000004,2025-07-02 19:27:16.026000+00:00,22614.875,22616.303,1.4279999999998836,TT_EXTENSION,2025-07-02 19:42:35.407000+00:00,0.4744256885399379,True,0
usatechidxusd_2025-07-02_tick.csv,2025-07-02 19:42:00+00:00,2025-07-02 19:43:00+00:00,2025-07-02 19:44:00+00:00,-1,9.191999999999098,22603.397,22612.589,9.191999999999098,22594.205,2025-07-02 19:49:13.973000+00:00,22603.187,22604.411,1.223999999998341,TT_EXPIRED,,0.0,False,0
usatechidxusd_2025-07-02_tick.csv,2025-07-02 19:44:00+00:00,2025-07-02 19:45:00+00:00,2025-07-02 19:46:00+00:00,1,6.147000000000844,22614.589,22608.442,6.147000000000844,22620.736,2025-07-02 19:50:00.374000+00:00,22620.932,22622.436,1.504000000000815,TT_EXPIRED,,0.0,False,0
usatechidxusd_2025-07-02_tick.csv,2025-07-02 19:50:00+00:00,2025-07-02 19:51:00+00:00,2025-07-02 19:52:00+00:00,1,9.078000000001339,22620.932,22611.854,9.078000000001339,22630.010000000002,2025-07-02 19:53:12.352000+00:00,22619.665,22621.158,1.492999999998574,TT_EXTENSION,2025-07-02 19:54:40.158000+00:00,1.283762943379259,True,0
usatechidxusd_2025-07-02_tick.csv,2025-07-02 19:54:00+00:00,2025-07-02 19:55:00+00:00,2025-07-02 19:56:00+00:00,1,9.344999999997526,22636.331,22626.986,9.344999999997526,22645.675999999996,2025-07-02 19:56:01.414000+00:00,22634.864,22636.335,1.47099999999773,TT_EXPIRED,,0.0,False,0
usatechidxusd_2025-07-02_tick.csv,2025-07-02 19:59:00+00:00,2025-07-02 20:00:00+00:00,2025-07-02 20:01:00+00:00,-1,8.433999999997468,22625.665,22634.099,8.433999999997468,22617.231000000003,2025-07-02 20:01:34.902000+00:00,22625.621,22627.157,1.5360000000000582,TT_EXPIRED,,0.0,False,0
usatechidxusd_2025-07-02_tick.csv,2025-07-02 20:00:00+00:00,2025-07-02 20:01:00+00:00,2025-07-02 20:02:00+00:00,-1,7.8769999999967695,22624.632,22632.509,7.8769999999967695,22616.755000000005,2025-07-02 20:02:28.318000+00:00,22624.464,22625.957,1.492999999998574,TT_EXPIRED,,0.0,False,0
usatechidxusd_2025-07-02_tick.csv,2025-07-02 20:14:00+00:00,2025-07-02 22:05:00+00:00,2025-07-02 22:06:00+00:00,-1,12.33299999999872,22623.61,22635.943,12.33299999999872,22611.277000000002,2025-07-02 22:12:00.676000+00:00,22623.487,22626.99,3.503000000000611,TT_EXPIRED,,0.0,False,0
