plan;t_in;t_out;pattern;side;step;lot;ep;sl;tp;out;reason;pnl;spread
P1_FIXED_01;2024-01-02 16:30:00;2024-01-02 16:31:00;TT;BUY;1;0.1;16587.199;16582.199;16599.199;16582.199;SL;-0.45;2.5
P1_FIXED_01;2024-01-02 16:31:00;2024-01-02 16:32:00;TT;BUY;1;0.1;16591.969;16586.969;16603.969;16586.969;SL;-0.45;2.5
P1_FIXED_01;2024-01-02 16:35:00;2024-01-02 16:36:00;TT;BUY;1;0.1;16595.569;16590.569;16607.569;16590.569;SL;-0.45;2.5
P2_01_02_EUR1;2024-01-02 16:30:00;2024-01-02 16:40:00;TT;BUY;1;0.1;16587.199;16581.199;16599.199;16588.609;TIME;0.13;2.5
P3_01_02_03_EUR1;2024-01-02 16:30:00;2024-01-02 16:40:00;TT;BUY;1;0.1;16587.199;16581.199;16601.199;16588.609;TIME;0.13;2.5
P4_01_02_03_EUR2;2024-01-02 16:30:00;2024-01-02 16:40:00;TT;BUY;1;0.1;16587.199;16579.199;16609.421222222223;16588.609;TIME;0.13;2.5
P5_01_02_03_EUR3;2024-01-02 16:30:00;2024-01-02 16:40:00;TT;BUY;1;0.1;16587.199;16577.199;16620.532333333333;16588.609;TIME;0.13;2.5
P6_01_02_03_04_EUR2;2024-01-02 16:30:00;2024-01-02 16:40:00;TT;BUY;1;0.1;16587.199;16579.199;16609.421222222223;16588.609;TIME;0.13;2.5
P7_01_02_03_04_EUR3;2024-01-02 16:30:00;2024-01-02 16:40:00;TT;BUY;1;0.1;16587.199;16577.199;16620.532333333333;16588.609;TIME;0.13;2.5
P8_01_02_03_04_EUR5;2024-01-02 16:30:00;2024-01-02 16:40:00;TT;BUY;1;0.1;16587.199;16577.199;16642.754555555555;16588.609;TIME;0.13;2.5
P1_FIXED_01;2024-01-02 16:45:00;2024-01-02 16:46:00;TT;BUY;1;0.1;16596.989;16591.989;16608.989;16591.989;SL;-0.45;2.5
P1_FIXED_01;2024-01-02 16:46:00;2024-01-02 16:47:00;TT;BUY;1;0.1;16605.799;16600.799;16617.799;16600.799;SL;-0.45;2.5
P2_01_02_EUR1;2024-01-02 16:45:00;2024-01-02 16:47:00;TT;BUY;1;0.1;16596.989;16590.989;16608.989;16608.989;TP;1.08;2.5
P3_01_02_03_EUR1;2024-01-02 16:45:00;2024-01-02 16:55:00;TT;BUY;1;0.1;16596.989;16590.989;16610.989;16597.139;TIME;0.01;2.5
P4_01_02_03_EUR2;2024-01-02 16:45:00;2024-01-02 16:55:00;TT;BUY;1;0.1;16596.989;16588.989;16619.211222222224;16597.139;TIME;0.01;2.5
P5_01_02_03_EUR3;2024-01-02 16:45:00;2024-01-02 16:55:00;TT;BUY;1;0.1;16596.989;16586.989;16630.322333333334;16597.139;TIME;0.01;2.5
P6_01_02_03_04_EUR2;2024-01-02 16:45:00;2024-01-02 16:55:00;TT;BUY;1;0.1;16596.989;16588.989;16619.211222222224;16597.139;TIME;0.01;2.5
P7_01_02_03_04_EUR3;2024-01-02 16:45:00;2024-01-02 16:55:00;TT;BUY;1;0.1;16596.989;16586.989;16630.322333333334;16597.139;TIME;0.01;2.5
P8_01_02_03_04_EUR5;2024-01-02 16:45:00;2024-01-02 16:55:00;TT;BUY;1;0.1;16596.989;16586.989;16652.544555555556;16597.139;TIME;0.01;2.5
P1_FIXED_01;2024-01-02 17:18:00;2024-01-02 17:20:00;TT;SELL;1;0.1;16585.039;16590.039;16573.039;16590.039;SL;-0.45;2.5
P2_01_02_EUR1;2024-01-02 17:18:00;2024-01-02 17:21:00;TT;SELL;1;0.1;16585.039;16591.039;16573.039;16591.039;SL;-0.54;2.5
P3_01_02_03_EUR1;2024-01-02 17:18:00;2024-01-02 17:21:00;TT;SELL;1;0.1;16585.039;16591.039;16571.039;16591.039;SL;-0.54;2.5
P4_01_02_03_EUR2;2024-01-02 17:18:00;2024-01-02 17:21:00;TT;SELL;1;0.1;16585.039;16593.039;16562.816777777778;16593.039;SL;-0.72;2.5
P5_01_02_03_EUR3;2024-01-02 17:18:00;2024-01-02 17:21:00;TT;SELL;1;0.1;16585.039;16595.039;16551.70566666667;16595.039;SL;-0.9;2.5
P6_01_02_03_04_EUR2;2024-01-02 17:18:00;2024-01-02 17:21:00;TT;SELL;1;0.1;16585.039;16593.039;16562.816777777778;16593.039;SL;-0.72;2.5
P7_01_02_03_04_EUR3;2024-01-02 17:18:00;2024-01-02 17:21:00;TT;SELL;1;0.1;16585.039;16595.039;16551.70566666667;16595.039;SL;-0.9;2.5
P8_01_02_03_04_EUR5;2024-01-02 17:18:00;2024-01-02 17:21:00;TT;SELL;1;0.1;16585.039;16595.039;16529.483444444446;16595.039;SL;-0.9;2.5
P1_FIXED_01;2024-01-02 17:21:00;2024-01-02 17:23:00;TT;BUY;1;0.1;16594.129;16589.129;16606.129;16589.129;SL;-0.45;2.5
P2_01_02_EUR1;2024-01-02 17:21:00;2024-01-02 17:23:00;TT;BUY;2;0.2;16594.129;16588.129;16606.129;16588.129;SL;-1.08;2.5
P3_01_02_03_EUR1;2024-01-02 17:21:00;2024-01-02 17:23:00;TT;BUY;2;0.2;16594.129;16588.129;16608.129;16588.129;SL;-1.08;2.5
P4_01_02_03_EUR2;2024-01-02 17:21:00;2024-01-02 17:23:00;TT;BUY;2;0.2;16594.129;16586.129;16610.129;16586.129;SL;-1.44;2.5
P6_01_02_03_04_EUR2;2024-01-02 17:21:00;2024-01-02 17:23:00;TT;BUY;2;0.2;16594.129;16586.129;16612.129;16586.129;SL;-1.44;2.5
P5_01_02_03_EUR3;2024-01-02 17:21:00;2024-01-02 17:26:00;TT;BUY;2;0.2;16594.129;16584.129;16615.79566666667;16584.129;SL;-1.8;2.5
P7_01_02_03_04_EUR3;2024-01-02 17:21:00;2024-01-02 17:26:00;TT;BUY;2;0.2;16594.129;16584.129;16616.129;16584.129;SL;-1.8;2.5
P8_01_02_03_04_EUR5;2024-01-02 17:21:00;2024-01-02 17:26:00;TT;BUY;2;0.2;16594.129;16584.129;16626.90677777778;16584.129;SL;-1.8;2.5
P1_FIXED_01;2024-01-02 17:31:00;2024-01-02 17:32:00;TT;SELL;1;0.1;16578.429;16583.429;16566.429;16583.429;SL;-0.45;2.5
P2_01_02_EUR1;2024-01-02 17:31:00;2024-01-02 17:32:00;TT;SELL;1;0.1;16578.429;16584.429;16566.429;16584.429;SL;-0.54;2.5
P3_01_02_03_EUR1;2024-01-02 17:31:00;2024-01-02 17:32:00;TT;SELL;3;0.3;16578.429;16584.429;16564.429;16584.429;SL;-1.62;2.5
P4_01_02_03_EUR2;2024-01-02 17:31:00;2024-01-02 17:32:00;TT;SELL;3;0.3;16578.429;16586.429;16562.429;16586.429;SL;-2.16;2.5
P5_01_02_03_EUR3;2024-01-02 17:31:00;2024-01-02 17:32:00;TT;SELL;3;0.3;16578.429;16588.429;16557.31788888889;16588.429;SL;-2.7;2.5
P6_01_02_03_04_EUR2;2024-01-02 17:31:00;2024-01-02 17:32:00;TT;SELL;3;0.3;16578.429;16586.429;16560.429;16586.429;SL;-2.16;2.5
P7_01_02_03_04_EUR3;2024-01-02 17:31:00;2024-01-02 17:32:00;TT;SELL;3;0.3;16578.429;16588.429;16556.429;16588.429;SL;-2.7;2.5
P8_01_02_03_04_EUR5;2024-01-02 17:31:00;2024-01-02 17:32:00;TT;SELL;3;0.3;16578.429;16588.429;16549.910481481482;16588.429;SL;-2.7;2.5
P1_FIXED_01;2024-01-02 17:34:00;2024-01-02 17:35:00;FT;SELL;1;0.1;16593.139;16598.139;16581.139;16598.139;SL;-0.45;2.5
P2_01_02_EUR1;2024-01-02 17:34:00;2024-01-02 17:36:00;FT;SELL;2;0.2;16593.139;16599.139;16581.139;16599.139;SL;-1.08;2.5
P3_01_02_03_EUR1;2024-01-02 17:34:00;2024-01-02 17:36:00;FT;SELL;1;0.1;16593.139;16599.139;16579.139;16599.139;SL;-0.54;2.5
P4_01_02_03_EUR2;2024-01-02 17:34:00;2024-01-02 17:37:00;FT;SELL;1;0.1;16593.139;16601.139;16570.916777777777;16601.139;SL;-0.72;2.5
P5_01_02_03_EUR3;2024-01-02 17:34:00;2024-01-02 17:37:00;FT;SELL;1;0.1;16593.139;16603.139;16559.805666666667;16603.139;SL;-0.9;2.5
P6_01_02_03_04_EUR2;2024-01-02 17:34:00;2024-01-02 17:37:00;FT;SELL;4;0.4;16593.139;16601.139;16575.139;16601.139;SL;-2.88;2.5
P7_01_02_03_04_EUR3;2024-01-02 17:34:00;2024-01-02 17:37:00;FT;SELL;4;0.4;16593.139;16603.139;16569.805666666667;16603.139;SL;-3.6;2.5
P8_01_02_03_04_EUR5;2024-01-02 17:34:00;2024-01-02 17:37:00;FT;SELL;4;0.4;16593.139;16603.139;16564.25011111111;16603.139;SL;-3.6;2.5
P1_FIXED_01;2024-01-02 17:39:00;2024-01-02 17:40:00;TT;BUY;1;0.1;16601.999;16596.999;16613.999;16596.999;SL;-0.45;2.5
P1_FIXED_01;2024-01-02 17:41:00;2024-01-02 17:42:00;TT;BUY;1;0.1;16611.259;16606.259;16623.259;16606.259;SL;-0.45;2.5
P2_01_02_EUR1;2024-01-02 17:39:00;2024-01-02 17:46:00;TT;BUY;1;0.1;16601.999;16595.999;16613.999;16595.999;SL;-0.54;2.5
P3_01_02_03_EUR1;2024-01-02 17:39:00;2024-01-02 17:46:00;TT;BUY;2;0.2;16601.999;16595.999;16615.999;16595.999;SL;-1.08;2.5
P4_01_02_03_EUR2;2024-01-02 17:39:00;2024-01-02 17:46:00;TT;BUY;2;0.2;16601.999;16593.999;16617.999;16593.999;SL;-1.44;2.5
P6_01_02_03_04_EUR2;2024-01-02 17:39:00;2024-01-02 17:46:00;TT;BUY;1;0.1;16601.999;16593.999;16624.221222222222;16593.999;SL;-0.72;2.5
P5_01_02_03_EUR3;2024-01-02 17:39:00;2024-01-02 17:47:00;TT;BUY;2;0.2;16601.999;16591.999;16623.665666666668;16591.999;SL;-1.8;2.5
P7_01_02_03_04_EUR3;2024-01-02 17:39:00;2024-01-02 17:47:00;TT;BUY;1;0.1;16601.999;16591.999;16635.332333333332;16591.999;SL;-0.9;2.5
P8_01_02_03_04_EUR5;2024-01-02 17:39:00;2024-01-02 17:47:00;TT;BUY;1;0.1;16601.999;16591.999;16657.554555555555;16591.999;SL;-0.9;2.5
P1_FIXED_01;2024-01-02 17:44:00;2024-01-02 17:48:00;TT;SELL;1;0.1;16600.969;16605.969;16588.969;16588.969;TP;1.08;2.5
P1_FIXED_01;2024-01-02 17:48:00;2024-01-02 17:49:00;TT;SELL;1;0.1;16583.799;16588.799;16571.799;16571.799;TP;1.08;2.5
P2_01_02_EUR1;2024-01-02 17:46:00;2024-01-02 17:49:00;TT;SELL;2;0.2;16592.919;16598.919;16580.919;16580.919;TP;2.16;2.5
P3_01_02_03_EUR1;2024-01-02 17:46:00;2024-01-02 17:49:00;TT;SELL;3;0.3;16592.919;16598.919;16578.919;16578.919;TP;3.78;2.5
P4_01_02_03_EUR2;2024-01-02 17:46:00;2024-01-02 17:49:00;TT;SELL;3;0.3;16592.919;16600.919;16576.919;16576.919;TP;4.32;2.5
P6_01_02_03_04_EUR2;2024-01-02 17:46:00;2024-01-02 17:49:00;TT;SELL;2;0.2;16592.919;16600.919;16574.919;16574.919;TP;3.24;2.5
P1_FIXED_01;2024-01-02 17:49:00;2024-01-02 17:50:00;TT;SELL;1;0.1;16572.669;16577.669;16560.669;16577.669;SL;-0.45;2.5
P2_01_02_EUR1;2024-01-02 17:49:00;2024-01-02 17:50:00;TT;SELL;1;0.1;16572.669;16578.669;16560.669;16578.669;SL;-0.54;2.5
P3_01_02_03_EUR1;2024-01-02 17:49:00;2024-01-02 17:50:00;TT;SELL;1;0.1;16572.669;16578.669;16558.669;16578.669;SL;-0.54;2.5
P5_01_02_03_EUR3;2024-01-02 17:48:00;2024-01-02 17:52:00;TT;SELL;3;0.3;16583.799;16593.799;16562.68788888889;16562.68788888889;TP;5.7;2.5
P1_FIXED_01;2024-01-02 17:53:00;2024-01-02 17:55:00;FT;BUY;1;0.1;16565.949;16560.949;16577.949;16560.949;SL;-0.45;2.5
P2_01_02_EUR1;2024-01-02 17:53:00;2024-01-02 17:55:00;FT;BUY;2;0.2;16565.949;16559.949;16577.949;16559.949;SL;-1.08;2.5
P3_01_02_03_EUR1;2024-01-02 17:53:00;2024-01-02 17:55:00;FT;BUY;2;0.2;16565.949;16559.949;16579.949;16559.949;SL;-1.08;2.5
P7_01_02_03_04_EUR3;2024-01-02 17:48:00;2024-01-02 17:55:00;TT;SELL;2;0.2;16583.799;16593.799;16561.799;16561.799;TP;3.96;2.5
P5_01_02_03_EUR3;2024-01-02 17:53:00;2024-01-02 17:56:00;FT;BUY;1;0.1;16565.949;16555.949;16599.282333333333;16555.949;SL;-0.9;2.5
P1_FIXED_01;2024-01-02 17:56:00;2024-01-02 17:57:00;TT;SELL;1;0.1;16550.659;16555.659;16538.659;16555.659;SL;-0.45;2.5
P2_01_02_EUR1;2024-01-02 17:56:00;2024-01-02 17:57:00;TT;SELL;1;0.1;16550.659;16556.659;16538.659;16556.659;SL;-0.54;2.5
P3_01_02_03_EUR1;2024-01-02 17:56:00;2024-01-02 17:57:00;TT;SELL;3;0.3;16550.659;16556.659;16536.659;16556.659;SL;-1.62;2.5
P4_01_02_03_EUR2;2024-01-02 17:49:00;2024-01-02 17:57:00;TT;SELL;1;0.1;16572.669;16580.669;16550.44677777778;16550.44677777778;TP;2.0;2.5
P6_01_02_03_04_EUR2;2024-01-02 17:49:00;2024-01-02 17:57:00;TT;SELL;1;0.1;16572.669;16580.669;16550.44677777778;16550.44677777778;TP;2.0;2.5
P8_01_02_03_04_EUR5;2024-01-02 17:48:00;2024-01-02 17:57:00;TT;SELL;2;0.2;16583.799;16593.799;16551.02122222222;16551.02122222222;TP;5.9;2.5
P5_01_02_03_EUR3;2024-01-02 17:56:00;2024-01-02 18:06:00;TT;SELL;2;0.2;16550.659;16560.659;16528.99233333333;16544.409;TIME;1.12;2.5
P7_01_02_03_04_EUR3;2024-01-02 17:56:00;2024-01-02 18:06:00;TT;SELL;1;0.1;16550.659;16560.659;16517.325666666668;16544.409;TIME;0.56;2.5
P1_FIXED_01;2024-01-02 18:27:00;2024-01-02 18:28:00;TT;BUY;1;0.1;16566.089;16561.089;16578.089;16561.089;SL;-0.45;2.5
P2_01_02_EUR1;2024-01-02 18:27:00;2024-01-02 18:28:00;TT;BUY;2;0.2;16566.089;16560.089;16578.089;16560.089;SL;-1.08;2.5
P3_01_02_03_EUR1;2024-01-02 18:27:00;2024-01-02 18:28:00;TT;BUY;1;0.1;16566.089;16560.089;16580.089;16560.089;SL;-0.54;2.5
P4_01_02_03_EUR2;2024-01-02 18:27:00;2024-01-02 18:28:00;TT;BUY;1;0.1;16566.089;16558.089;16588.311222222223;16558.089;SL;-0.72;2.5
P6_01_02_03_04_EUR2;2024-01-02 18:27:00;2024-01-02 18:28:00;TT;BUY;1;0.1;16566.089;16558.089;16588.311222222223;16558.089;SL;-0.72;2.5
P5_01_02_03_EUR3;2024-01-02 18:27:00;2024-01-02 18:29:00;TT;BUY;1;0.1;16566.089;16556.089;16599.422333333332;16556.089;SL;-0.9;2.5
P7_01_02_03_04_EUR3;2024-01-02 18:27:00;2024-01-02 18:29:00;TT;BUY;1;0.1;16566.089;16556.089;16599.422333333332;16556.089;SL;-0.9;2.5
P8_01_02_03_04_EUR5;2024-01-02 18:27:00;2024-01-02 18:29:00;TT;BUY;1;0.1;16566.089;16556.089;16621.644555555555;16556.089;SL;-0.9;2.5
P1_FIXED_01;2024-01-03 16:34:00;2024-01-03 16:35:00;TT;BUY;1;0.1;16428.649;16423.649;16440.649;16423.649;SL;-0.45;2.5
P2_01_02_EUR1;2024-01-03 16:34:00;2024-01-03 16:35:00;TT;BUY;1;0.1;16428.649;16422.649;16440.649;16422.649;SL;-0.54;2.5
P3_01_02_03_EUR1;2024-01-03 16:34:00;2024-01-03 16:35:00;TT;BUY;2;0.2;16428.649;16422.649;16442.649;16422.649;SL;-1.08;2.5
P4_01_02_03_EUR2;2024-01-03 16:34:00;2024-01-03 16:35:00;TT;BUY;2;0.2;16428.649;16420.649;16444.649;16420.649;SL;-1.44;2.5
P5_01_02_03_EUR3;2024-01-03 16:34:00;2024-01-03 16:35:00;TT;BUY;2;0.2;16428.649;16418.649;16450.31566666667;16418.649;SL;-1.8;2.5
P6_01_02_03_04_EUR2;2024-01-03 16:34:00;2024-01-03 16:35:00;TT;BUY;2;0.2;16428.649;16420.649;16446.649;16420.649;SL;-1.44;2.5
P7_01_02_03_04_EUR3;2024-01-03 16:34:00;2024-01-03 16:35:00;TT;BUY;2;0.2;16428.649;16418.649;16450.649;16418.649;SL;-1.8;2.5
P8_01_02_03_04_EUR5;2024-01-03 16:34:00;2024-01-03 16:35:00;TT;BUY;2;0.2;16428.649;16418.649;16461.42677777778;16418.649;SL;-1.8;2.5
P1_FIXED_01;2024-01-03 16:40:00;2024-01-03 16:45:00;TT;SELL;1;0.1;16398.909;16403.909;16386.909;16403.909;SL;-0.45;2.5
P2_01_02_EUR1;2024-01-03 16:40:00;2024-01-03 16:45:00;TT;SELL;2;0.2;16398.909;16404.909;16386.909;16404.909;SL;-1.08;2.5
P3_01_02_03_EUR1;2024-01-03 16:40:00;2024-01-03 16:45:00;TT;SELL;3;0.3;16398.909;16404.909;16384.909;16404.909;SL;-1.62;2.5
P4_01_02_03_EUR2;2024-01-03 16:40:00;2024-01-03 16:46:00;TT;SELL;3;0.3;16398.909;16406.909;16382.909;16406.909;SL;-2.16;2.5
P6_01_02_03_04_EUR2;2024-01-03 16:40:00;2024-01-03 16:46:00;TT;SELL;3;0.3;16398.909;16406.909;16380.909;16406.909;SL;-2.16;2.5
P5_01_02_03_EUR3;2024-01-03 16:40:00;2024-01-03 16:47:00;TT;SELL;3;0.3;16398.909;16408.909;16377.797888888888;16408.909;SL;-2.7;2.5
P7_01_02_03_04_EUR3;2024-01-03 16:40:00;2024-01-03 16:47:00;TT;SELL;3;0.3;16398.909;16408.909;16376.909;16408.909;SL;-2.7;2.5
P8_01_02_03_04_EUR5;2024-01-03 16:40:00;2024-01-03 16:47:00;TT;SELL;3;0.3;16398.909;16408.909;16370.390481481481;16408.909;SL;-2.7;2.5
P1_FIXED_01;2024-01-03 16:45:00;2024-01-03 16:49:00;TT;BUY;1;0.1;16405.109;16400.109;16417.109;16400.109;SL;-0.45;2.5
P2_01_02_EUR1;2024-01-03 16:45:00;2024-01-03 16:49:00;TT;BUY;1;0.1;16405.109;16399.109;16417.109;16399.109;SL;-0.54;2.5
P3_01_02_03_EUR1;2024-01-03 16:45:00;2024-01-03 16:49:00;TT;BUY;1;0.1;16405.109;16399.109;16419.109;16399.109;SL;-0.54;2.5
P1_FIXED_01;2024-01-03 16:49:00;2024-01-03 16:50:00;TT;SELL;1;0.1;16396.589;16401.589;16384.589;16401.589;SL;-0.45;2.5
P2_01_02_EUR1;2024-01-03 16:49:00;2024-01-03 16:50:00;TT;SELL;2;0.2;16396.589;16402.589;16384.589;16402.589;SL;-1.08;2.5
P3_01_02_03_EUR1;2024-01-03 16:49:00;2024-01-03 16:50:00;TT;SELL;2;0.2;16396.589;16402.589;16382.589;16402.589;SL;-1.08;2.5
P5_01_02_03_EUR3;2024-01-03 16:49:00;2024-01-03 16:51:00;TT;SELL;1;0.1;16396.589;16406.589;16363.255666666666;16406.589;SL;-0.9;2.5
P7_01_02_03_04_EUR3;2024-01-03 16:49:00;2024-01-03 16:51:00;TT;SELL;4;0.4;16396.589;16406.589;16373.255666666666;16406.589;SL;-3.6;2.5
P8_01_02_03_04_EUR5;2024-01-03 16:49:00;2024-01-03 16:51:00;TT;SELL;4;0.4;16396.589;16406.589;16367.700111111111;16406.589;SL;-3.6;2.5
P4_01_02_03_EUR2;2024-01-03 16:46:00;2024-01-03 16:56:00;FT;SELL;1;0.1;16404.689;16412.689;16382.466777777776;16398.549;TIME;0.55;2.5
P6_01_02_03_04_EUR2;2024-01-03 16:46:00;2024-01-03 16:56:00;FT;SELL;4;0.4;16404.689;16412.689;16386.689;16398.549;TIME;2.21;2.5
P1_FIXED_01;2024-01-03 16:58:00;2024-01-03 16:59:00;TT;SELL;1;0.1;16387.859;16392.859;16375.859;16392.859;SL;-0.45;2.5
P2_01_02_EUR1;2024-01-03 16:58:00;2024-01-03 17:00:00;TT;SELL;1;0.1;16387.859;16393.859;16375.859;16393.859;SL;-0.54;2.5
P3_01_02_03_EUR1;2024-01-03 16:58:00;2024-01-03 17:00:00;TT;SELL;3;0.3;16387.859;16393.859;16373.859;16393.859;SL;-1.62;2.5
P1_FIXED_01;2024-01-03 16:59:00;2024-01-03 17:01:00;FT;BUY;1;0.1;16389.959;16384.959;16401.959;16384.959;SL;-0.45;2.5
P4_01_02_03_EUR2;2024-01-03 16:58:00;2024-01-03 17:03:00;TT;SELL;1;0.1;16387.859;16395.859;16365.636777777778;16395.859;SL;-0.72;2.5
P6_01_02_03_04_EUR2;2024-01-03 16:58:00;2024-01-03 17:03:00;TT;SELL;1;0.1;16387.859;16395.859;16365.636777777778;16395.859;SL;-0.72;2.5
P5_01_02_03_EUR3;2024-01-03 16:58:00;2024-01-03 17:05:00;TT;SELL;2;0.2;16387.859;16397.859;16366.192333333334;16397.859;SL;-1.8;2.5
P7_01_02_03_04_EUR3;2024-01-03 16:58:00;2024-01-03 17:05:00;TT;SELL;1;0.1;16387.859;16397.859;16354.525666666666;16397.859;SL;-0.9;2.5
P8_01_02_03_04_EUR5;2024-01-03 16:58:00;2024-01-03 17:05:00;TT;SELL;1;0.1;16387.859;16397.859;16332.303444444446;16397.859;SL;-0.9;2.5
P1_FIXED_01;2024-01-03 17:11:00;2024-01-03 17:15:00;FT;BUY;1;0.1;16384.859;16379.859;16396.859;16379.859;SL;-0.45;2.5
P2_01_02_EUR1;2024-01-03 17:11:00;2024-01-03 17:15:00;FT;BUY;2;0.2;16384.859;16378.859;16396.859;16378.859;SL;-1.08;2.5
P3_01_02_03_EUR1;2024-01-03 17:11:00;2024-01-03 17:15:00;FT;BUY;1;0.1;16384.859;16378.859;16398.859;16378.859;SL;-0.54;2.5
P4_01_02_03_EUR2;2024-01-03 17:11:00;2024-01-03 17:17:00;FT;BUY;2;0.2;16384.859;16376.859;16400.859;16376.859;SL;-1.44;2.5
P6_01_02_03_04_EUR2;2024-01-03 17:11:00;2024-01-03 17:17:00;FT;BUY;2;0.2;16384.859;16376.859;16402.859;16376.859;SL;-1.44;2.5
P5_01_02_03_EUR3;2024-01-03 17:11:00;2024-01-03 17:21:00;FT;BUY;3;0.3;16384.859;16374.859;16405.97011111111;16377.359;TIME;-2.02;2.5
P7_01_02_03_04_EUR3;2024-01-03 17:11:00;2024-01-03 17:21:00;FT;BUY;2;0.2;16384.859;16374.859;16406.859;16377.359;TIME;-1.35;2.5
P8_01_02_03_04_EUR5;2024-01-03 17:11:00;2024-01-03 17:21:00;FT;BUY;2;0.2;16384.859;16374.859;16417.636777777778;16377.359;TIME;-1.35;2.5
P1_FIXED_01;2024-01-03 17:23:00;2024-01-03 17:24:00;TT;BUY;1;0.1;16382.299;16377.299;16394.299;16377.299;SL;-0.45;2.5
P2_01_02_EUR1;2024-01-03 17:23:00;2024-01-03 17:28:00;TT;BUY;1;0.1;16382.299;16376.299;16394.299;16394.299;TP;1.08;2.5
P3_01_02_03_EUR1;2024-01-03 17:23:00;2024-01-03 17:28:00;TT;BUY;2;0.2;16382.299;16376.299;16396.299;16396.299;TP;2.52;2.5
P4_01_02_03_EUR2;2024-01-03 17:23:00;2024-01-03 17:28:00;TT;BUY;3;0.3;16382.299;16374.299;16398.299;16398.299;TP;4.32;2.5
P1_FIXED_01;2024-01-03 17:24:00;2024-01-03 17:29:00;TT;BUY;1;0.1;16387.419;16382.419000000002;16399.419;16399.419;TP;1.08;2.5
P6_01_02_03_04_EUR2;2024-01-03 17:23:00;2024-01-03 17:29:00;TT;BUY;3;0.3;16382.299;16374.299;16400.299;16400.299;TP;4.86;2.5
P7_01_02_03_04_EUR3;2024-01-03 17:23:00;2024-01-03 17:30:00;TT;BUY;3;0.3;16382.299;16372.299;16404.299;16404.299;TP;5.94;2.5
P5_01_02_03_EUR3;2024-01-03 17:23:00;2024-01-03 17:33:00;TT;BUY;1;0.1;16382.299;16372.299;16415.632333333335;16402.379;TIME;1.81;2.5
P8_01_02_03_04_EUR5;2024-01-03 17:23:00;2024-01-03 17:33:00;TT;BUY;3;0.3;16382.299;16372.299;16409.150851851853;16402.379;TIME;5.42;2.5
P1_FIXED_01;2024-01-03 17:31:00;2024-01-03 17:35:00;FT;SELL;1;0.1;16407.419;16412.419;16395.419;16412.419;SL;-0.45;2.5
P2_01_02_EUR1;2024-01-03 17:31:00;2024-01-03 17:36:00;FT;SELL;1;0.1;16407.419;16413.419;16395.419;16413.419;SL;-0.54;2.5
P3_01_02_03_EUR1;2024-01-03 17:31:00;2024-01-03 17:36:00;FT;SELL;1;0.1;16407.419;16413.419;16393.419;16413.419;SL;-0.54;2.5
P4_01_02_03_EUR2;2024-01-03 17:31:00;2024-01-03 17:36:00;FT;SELL;1;0.1;16407.419;16415.419;16385.19677777778;16415.419;SL;-0.72;2.5
P6_01_02_03_04_EUR2;2024-01-03 17:31:00;2024-01-03 17:36:00;FT;SELL;1;0.1;16407.419;16415.419;16385.19677777778;16415.419;SL;-0.72;2.5
P1_FIXED_01;2024-01-03 17:36:00;2024-01-03 17:37:00;TT;BUY;1;0.1;16412.329;16407.329;16424.329;16407.329;SL;-0.45;2.5
P2_01_02_EUR1;2024-01-03 17:36:00;2024-01-03 17:37:00;TT;BUY;2;0.2;16412.329;16406.329;16424.329;16406.329;SL;-1.08;2.5
P3_01_02_03_EUR1;2024-01-03 17:36:00;2024-01-03 17:37:00;TT;BUY;2;0.2;16412.329;16406.329;16426.329;16406.329;SL;-1.08;2.5
P4_01_02_03_EUR2;2024-01-03 17:36:00;2024-01-03 17:39:00;TT;BUY;2;0.2;16412.329;16404.329;16428.329;16404.329;SL;-1.44;2.5
P6_01_02_03_04_EUR2;2024-01-03 17:36:00;2024-01-03 17:39:00;TT;BUY;2;0.2;16412.329;16404.329;16430.329;16404.329;SL;-1.44;2.5
P7_01_02_03_04_EUR3;2024-01-03 17:31:00;2024-01-03 17:41:00;FT;SELL;1;0.1;16407.419;16417.419;16374.085666666668;16414.199;TIME;-0.61;2.5
P5_01_02_03_EUR3;2024-01-03 17:36:00;2024-01-03 17:45:00;TT;BUY;1;0.1;16412.329;16402.329;16445.662333333334;16402.329;SL;-0.9;2.5
P8_01_02_03_04_EUR5;2024-01-03 17:36:00;2024-01-03 17:45:00;TT;BUY;1;0.1;16412.329;16402.329;16467.884555555556;16402.329;SL;-0.9;2.5
P1_FIXED_01;2024-01-03 18:00:00;2024-01-03 18:01:00;FT;SELL;1;0.1;16425.479;16430.479;16413.479;16430.479;SL;-0.45;2.5
P2_01_02_EUR1;2024-01-03 18:00:00;2024-01-03 18:01:00;FT;SELL;1;0.1;16425.479;16431.479;16413.479;16431.479;SL;-0.54;2.5
P3_01_02_03_EUR1;2024-01-03 18:00:00;2024-01-03 18:01:00;FT;SELL;3;0.3;16425.479;16431.479;16411.479;16431.479;SL;-1.62;2.5
P4_01_02_03_EUR2;2024-01-03 18:00:00;2024-01-03 18:01:00;FT;SELL;3;0.3;16425.479;16433.479;16409.479;16433.479;SL;-2.16;2.5
P5_01_02_03_EUR3;2024-01-03 18:00:00;2024-01-03 18:01:00;FT;SELL;2;0.2;16425.479;16435.479;16403.81233333333;16435.479;SL;-1.8;2.5
P6_01_02_03_04_EUR2;2024-01-03 18:00:00;2024-01-03 18:01:00;FT;SELL;3;0.3;16425.479;16433.479;16407.479;16433.479;SL;-2.16;2.5
P7_01_02_03_04_EUR3;2024-01-03 18:00:00;2024-01-03 18:01:00;FT;SELL;2;0.2;16425.479;16435.479;16403.479;16435.479;SL;-1.8;2.5
P8_01_02_03_04_EUR5;2024-01-03 18:00:00;2024-01-03 18:01:00;FT;SELL;2;0.2;16425.479;16435.479;16392.701222222222;16435.479;SL;-1.8;2.5
P1_FIXED_01;2024-01-03 18:02:00;2024-01-03 18:03:00;TT;BUY;1;0.1;16438.709;16433.709;16450.709;16433.709;SL;-0.45;2.5
P2_01_02_EUR1;2024-01-03 18:02:00;2024-01-03 18:03:00;TT;BUY;2;0.2;16438.709;16432.709;16450.709;16432.709;SL;-1.08;2.5
P3_01_02_03_EUR1;2024-01-03 18:02:00;2024-01-03 18:03:00;TT;BUY;1;0.1;16438.709;16432.709;16452.709;16432.709;SL;-0.54;2.5
P4_01_02_03_EUR2;2024-01-03 18:02:00;2024-01-03 18:03:00;TT;BUY;1;0.1;16438.709;16430.709;16460.93122222222;16430.709;SL;-0.72;2.5
P6_01_02_03_04_EUR2;2024-01-03 18:02:00;2024-01-03 18:03:00;TT;BUY;4;0.4;16438.709;16430.709;16456.709;16430.709;SL;-2.88;2.5
P5_01_02_03_EUR3;2024-01-03 18:02:00;2024-01-03 18:04:00;TT;BUY;3;0.3;16438.709;16428.709;16459.82011111111;16428.709;SL;-2.7;2.5
P7_01_02_03_04_EUR3;2024-01-03 18:02:00;2024-01-03 18:04:00;TT;BUY;3;0.3;16438.709;16428.709;16460.709;16428.709;SL;-2.7;2.5
P8_01_02_03_04_EUR5;2024-01-03 18:02:00;2024-01-03 18:04:00;TT;BUY;3;0.3;16438.709;16428.709;16467.227518518517;16428.709;SL;-2.7;2.5
P1_FIXED_01;2024-01-03 18:10:00;2024-01-03 18:11:00;TT;SELL;1;0.1;16423.889;16428.889;16411.889;16428.889;SL;-0.45;2.5
P2_01_02_EUR1;2024-01-03 18:10:00;2024-01-03 18:12:00;TT;SELL;1;0.1;16423.889;16429.889;16411.889;16429.889;SL;-0.54;2.5
P3_01_02_03_EUR1;2024-01-03 18:10:00;2024-01-03 18:12:00;TT;SELL;2;0.2;16423.889;16429.889;16409.889;16429.889;SL;-1.08;2.5
P4_01_02_03_EUR2;2024-01-03 18:10:00;2024-01-03 18:12:00;TT;SELL;2;0.2;16423.889;16431.889;16407.889;16431.889;SL;-1.44;2.5
P5_01_02_03_EUR3;2024-01-03 18:10:00;2024-01-03 18:12:00;TT;SELL;1;0.1;16423.889;16433.889;16390.555666666667;16433.889;SL;-0.9;2.5
P6_01_02_03_04_EUR2;2024-01-03 18:10:00;2024-01-03 18:12:00;TT;SELL;1;0.1;16423.889;16431.889;16401.666777777777;16431.889;SL;-0.72;2.5
P7_01_02_03_04_EUR3;2024-01-03 18:10:00;2024-01-03 18:12:00;TT;SELL;4;0.4;16423.889;16433.889;16401.360666666667;16433.889;SL;-3.6;2.5
P8_01_02_03_04_EUR5;2024-01-03 18:10:00;2024-01-03 18:12:00;TT;SELL;4;0.4;16423.889;16433.889;16395.00011111111;16433.889;SL;-3.6;2.5
P1_FIXED_01;2024-01-03 18:21:00;2024-01-03 18:27:00;TT;SELL;1;0.1;16416.959;16421.959;16404.959;16421.959;SL;-0.45;2.5
P2_01_02_EUR1;2024-01-03 18:21:00;2024-01-03 18:27:00;TT;SELL;2;0.2;16416.959;16422.959;16404.959;16422.959;SL;-1.08;2.5
P3_01_02_03_EUR1;2024-01-03 18:21:00;2024-01-03 18:27:00;TT;SELL;3;0.3;16416.959;16422.959;16402.959;16422.959;SL;-1.62;2.5
P4_01_02_03_EUR2;2024-01-03 18:21:00;2024-01-03 18:30:00;TT;SELL;3;0.3;16416.959;16424.959;16400.959;16416.529;SESSION_END;0.12;2.5
P5_01_02_03_EUR3;2024-01-03 18:21:00;2024-01-03 18:30:00;TT;SELL;2;0.2;16416.959;16426.959;16395.29233333333;16416.529;SESSION_END;0.08;2.5
P6_01_02_03_04_EUR2;2024-01-03 18:21:00;2024-01-03 18:30:00;TT;SELL;2;0.2;16416.959;16424.959;16398.959;16416.529;SESSION_END;0.08;2.5
P7_01_02_03_04_EUR3;2024-01-03 18:21:00;2024-01-03 18:30:00;TT;SELL;1;0.1;16416.959;16426.959;16383.625666666665;16416.529;SESSION_END;0.04;2.5
P8_01_02_03_04_EUR5;2024-01-03 18:21:00;2024-01-03 18:30:00;TT;SELL;1;0.1;16416.959;16426.959;16361.403444444444;16416.529;SESSION_END;0.04;2.5
P1_FIXED_01;2024-01-04 16:30:00;2024-01-04 16:31:00;TT;SELL;1;0.1;16403.099;16408.099;16391.099;16408.099;SL_SAME_BAR;-0.45;2.5
P2_01_02_EUR1;2024-01-04 16:30:00;2024-01-04 16:31:00;TT;SELL;1;0.1;16403.099;16409.099;16391.099;16391.099;TP;1.08;2.5
P3_01_02_03_EUR1;2024-01-04 16:30:00;2024-01-04 16:32:00;TT;SELL;1;0.1;16403.099;16409.099;16389.099;16389.099;TP;1.26;2.5
P1_FIXED_01;2024-01-04 16:31:00;2024-01-04 16:34:00;TT;SELL;1;0.1;16392.589;16397.589;16380.589;16397.589;SL;-0.45;2.5
P2_01_02_EUR1;2024-01-04 16:31:00;2024-01-04 16:34:00;TT;SELL;1;0.1;16392.589;16398.589;16380.589;16398.589;SL;-0.54;2.5
P4_01_02_03_EUR2;2024-01-04 16:30:00;2024-01-04 16:38:00;TT;SELL;1;0.1;16403.099;16411.099;16380.876777777776;16411.099;SL;-0.72;2.5
P5_01_02_03_EUR3;2024-01-04 16:30:00;2024-01-04 16:38:00;TT;SELL;1;0.1;16403.099;16413.099;16369.765666666664;16413.099;SL;-0.9;2.5
P6_01_02_03_04_EUR2;2024-01-04 16:30:00;2024-01-04 16:38:00;TT;SELL;1;0.1;16403.099;16411.099;16380.876777777776;16411.099;SL;-0.72;2.5
P7_01_02_03_04_EUR3;2024-01-04 16:30:00;2024-01-04 16:38:00;TT;SELL;1;0.1;16403.099;16413.099;16369.765666666664;16413.099;SL;-0.9;2.5
P8_01_02_03_04_EUR5;2024-01-04 16:30:00;2024-01-04 16:38:00;TT;SELL;1;0.1;16403.099;16413.099;16347.543444444444;16413.099;SL;-0.9;2.5
P1_FIXED_01;2024-01-04 16:38:00;2024-01-04 16:40:00;FT;SELL;1;0.1;16408.769;16413.769;16396.769;16396.769;TP;1.08;2.5
P2_01_02_EUR1;2024-01-04 16:38:00;2024-01-04 16:40:00;FT;SELL;2;0.2;16408.769;16414.769;16396.769;16396.769;TP;2.16;2.5
P1_FIXED_01;2024-01-04 16:41:00;2024-01-04 16:42:00;FT;BUY;1;0.1;16399.009;16394.009;16411.009;16394.009;SL;-0.45;2.5
P2_01_02_EUR1;2024-01-04 16:41:00;2024-01-04 16:42:00;FT;BUY;1;0.1;16399.009;16393.009;16411.009;16393.009;SL;-0.54;2.5
P3_01_02_03_EUR1;2024-01-04 16:38:00;2024-01-04 16:43:00;FT;SELL;1;0.1;16408.769;16414.769;16394.769;16394.769;TP;1.26;2.5
P4_01_02_03_EUR2;2024-01-04 16:38:00;2024-01-04 16:43:00;FT;SELL;2;0.2;16408.769;16416.769;16392.769;16392.769;TP;2.88;2.5
P6_01_02_03_04_EUR2;2024-01-04 16:38:00;2024-01-04 16:44:00;FT;SELL;2;0.2;16408.769;16416.769;16390.769;16390.769;TP;3.24;2.5
P5_01_02_03_EUR3;2024-01-04 16:38:00;2024-01-04 16:47:00;FT;SELL;2;0.2;16408.769;16418.769;16387.102333333332;16387.102333333332;TP;3.9;2.5
P7_01_02_03_04_EUR3;2024-01-04 16:38:00;2024-01-04 16:47:00;FT;SELL;2;0.2;16408.769;16418.769;16386.769;16386.769;TP;3.96;2.5
P1_FIXED_01;2024-01-04 16:47:00;2024-01-04 16:48:00;TT;SELL;1;0.1;16383.829;16388.828999999998;16371.829;16388.828999999998;SL;-0.45;2.5
P2_01_02_EUR1;2024-01-04 16:47:00;2024-01-04 16:48:00;TT;SELL;2;0.2;16383.829;16389.828999999998;16371.829;16389.828999999998;SL;-1.08;2.5
P3_01_02_03_EUR1;2024-01-04 16:47:00;2024-01-04 16:48:00;TT;SELL;1;0.1;16383.829;16389.828999999998;16369.829;16389.828999999998;SL;-0.54;2.5
P8_01_02_03_04_EUR5;2024-01-04 16:38:00;2024-01-04 16:48:00;FT;SELL;2;0.2;16408.769;16418.769;16375.991222222223;16387.949;TIME;3.75;2.5
P4_01_02_03_EUR2;2024-01-04 16:47:00;2024-01-04 16:49:00;TT;SELL;1;0.1;16383.829;16391.828999999998;16361.606777777777;16391.828999999998;SL;-0.72;2.5
P6_01_02_03_04_EUR2;2024-01-04 16:47:00;2024-01-04 16:49:00;TT;SELL;1;0.1;16383.829;16391.828999999998;16361.606777777777;16391.828999999998;SL;-0.72;2.5
P1_FIXED_01;2024-01-04 16:52:00;2024-01-04 16:53:00;TT;SELL;1;0.1;16367.729;16372.729;16355.729;16355.729;TP;1.08;2.5
P2_01_02_EUR1;2024-01-04 16:52:00;2024-01-04 16:53:00;TT;SELL;1;0.1;16367.729;16373.729;16355.729;16355.729;TP;1.08;2.5
P1_FIXED_01;2024-01-04 16:53:00;2024-01-04 16:54:00;TT;SELL;1;0.1;16355.699;16360.699;16343.699;16360.699;SL;-0.45;2.5
P2_01_02_EUR1;2024-01-04 16:53:00;2024-01-04 16:54:00;TT;SELL;1;0.1;16355.699;16361.699;16343.699;16361.699;SL;-0.54;2.5
P5_01_02_03_EUR3;2024-01-04 16:47:00;2024-01-04 16:57:00;TT;SELL;1;0.1;16383.829;16393.828999999998;16350.495666666666;16367.219;TIME;1.49;2.5
P7_01_02_03_04_EUR3;2024-01-04 16:47:00;2024-01-04 16:57:00;TT;SELL;1;0.1;16383.829;16393.828999999998;16350.495666666666;16367.219;TIME;1.49;2.5
P3_01_02_03_EUR1;2024-01-04 16:52:00;2024-01-04 17:02:00;TT;SELL;2;0.2;16367.729;16373.729;16353.729;16364.009;TIME;0.67;2.5
P4_01_02_03_EUR2;2024-01-04 16:52:00;2024-01-04 17:02:00;TT;SELL;2;0.2;16367.729;16375.729;16351.729;16364.009;TIME;0.67;2.5
P6_01_02_03_04_EUR2;2024-01-04 16:52:00;2024-01-04 17:02:00;TT;SELL;2;0.2;16367.729;16375.729;16349.729;16364.009;TIME;0.67;2.5
P8_01_02_03_04_EUR5;2024-01-04 16:52:00;2024-01-04 17:02:00;TT;SELL;1;0.1;16367.729;16377.729;16312.173444444445;16364.009;TIME;0.33;2.5
P1_FIXED_01;2024-01-04 17:04:00;2024-01-04 17:09:00;FT;BUY;1;0.1;16352.447;16347.447;16364.447;16347.447;SL;-0.45;2.5
P2_01_02_EUR1;2024-01-04 17:04:00;2024-01-04 17:09:00;FT;BUY;2;0.2;16352.447;16346.447;16364.447;16346.447;SL;-1.08;2.5
P3_01_02_03_EUR1;2024-01-04 17:04:00;2024-01-04 17:09:00;FT;BUY;1;0.1;16352.447;16346.447;16366.447;16346.447;SL;-0.54;2.5
P4_01_02_03_EUR2;2024-01-04 17:04:00;2024-01-04 17:14:00;FT;BUY;1;0.1;16352.447;16344.447;16374.669222222223;16362.309;TIME;0.89;2.5
P5_01_02_03_EUR3;2024-01-04 17:04:00;2024-01-04 17:14:00;FT;BUY;1;0.1;16352.447;16342.447;16385.780333333332;16362.309;TIME;0.89;2.5
P6_01_02_03_04_EUR2;2024-01-04 17:04:00;2024-01-04 17:14:00;FT;BUY;1;0.1;16352.447;16344.447;16374.669222222223;16362.309;TIME;0.89;2.5
P7_01_02_03_04_EUR3;2024-01-04 17:04:00;2024-01-04 17:14:00;FT;BUY;1;0.1;16352.447;16342.447;16385.780333333332;16362.309;TIME;0.89;2.5
P8_01_02_03_04_EUR5;2024-01-04 17:04:00;2024-01-04 17:14:00;FT;BUY;1;0.1;16352.447;16342.447;16408.002555555555;16362.309;TIME;0.89;2.5
P1_FIXED_01;2024-01-04 17:12:00;2024-01-04 17:16:00;TT;BUY;1;0.1;16359.439;16354.439;16371.439;16354.439;SL;-0.45;2.5
P2_01_02_EUR1;2024-01-04 17:12:00;2024-01-04 17:16:00;TT;BUY;1;0.1;16359.439;16353.439;16371.439;16353.439;SL;-0.54;2.5
P3_01_02_03_EUR1;2024-01-04 17:12:00;2024-01-04 17:16:00;TT;BUY;2;0.2;16359.439;16353.439;16373.439;16353.439;SL;-1.08;2.5
P1_FIXED_01;2024-01-04 17:17:00;2024-01-04 17:19:00;TT;SELL;1;0.1;16347.569;16352.569;16335.569;16352.569;SL;-0.45;2.5
P2_01_02_EUR1;2024-01-04 17:17:00;2024-01-04 17:21:00;TT;SELL;2;0.2;16347.569;16353.569;16335.569;16353.569;SL;-1.08;2.5
P3_01_02_03_EUR1;2024-01-04 17:17:00;2024-01-04 17:21:00;TT;SELL;3;0.3;16347.569;16353.569;16333.569;16353.569;SL;-1.62;2.5
P4_01_02_03_EUR2;2024-01-04 17:17:00;2024-01-04 17:21:00;TT;SELL;1;0.1;16347.569;16355.569;16325.346777777777;16355.569;SL;-0.72;2.5
P5_01_02_03_EUR3;2024-01-04 17:17:00;2024-01-04 17:21:00;TT;SELL;1;0.1;16347.569;16357.569;16314.235666666666;16357.569;SL;-0.9;2.5
P6_01_02_03_04_EUR2;2024-01-04 17:17:00;2024-01-04 17:21:00;TT;SELL;1;0.1;16347.569;16355.569;16325.346777777777;16355.569;SL;-0.72;2.5
P7_01_02_03_04_EUR3;2024-01-04 17:17:00;2024-01-04 17:21:00;TT;SELL;1;0.1;16347.569;16357.569;16314.235666666666;16357.569;SL;-0.9;2.5
P8_01_02_03_04_EUR5;2024-01-04 17:17:00;2024-01-04 17:21:00;TT;SELL;1;0.1;16347.569;16357.569;16292.013444444445;16357.569;SL;-0.9;2.5
P1_FIXED_01;2024-01-04 17:21:00;2024-01-04 17:22:00;TT;BUY;1;0.1;16360.489;16355.489;16372.489;16355.489;SL;-0.45;2.5
P2_01_02_EUR1;2024-01-04 17:21:00;2024-01-04 17:22:00;TT;BUY;1;0.1;16360.489;16354.489;16372.489;16354.489;SL;-0.54;2.5
P3_01_02_03_EUR1;2024-01-04 17:21:00;2024-01-04 17:22:00;TT;BUY;1;0.1;16360.489;16354.489;16374.489;16354.489;SL;-0.54;2.5
P4_01_02_03_EUR2;2024-01-04 17:21:00;2024-01-04 17:22:00;TT;BUY;2;0.2;16360.489;16352.489;16376.489;16352.489;SL;-1.44;2.5
P5_01_02_03_EUR3;2024-01-04 17:21:00;2024-01-04 17:22:00;TT;BUY;2;0.2;16360.489;16350.489;16382.155666666666;16350.489;SL;-1.8;2.5
P6_01_02_03_04_EUR2;2024-01-04 17:21:00;2024-01-04 17:22:00;TT;BUY;2;0.2;16360.489;16352.489;16378.489;16352.489;SL;-1.44;2.5
P7_01_02_03_04_EUR3;2024-01-04 17:21:00;2024-01-04 17:22:00;TT;BUY;2;0.2;16360.489;16350.489;16382.489;16350.489;SL;-1.8;2.5
P8_01_02_03_04_EUR5;2024-01-04 17:21:00;2024-01-04 17:22:00;TT;BUY;2;0.2;16360.489;16350.489;16393.26677777778;16350.489;SL;-1.8;2.5
P1_FIXED_01;2024-01-04 17:35:00;2024-01-04 17:37:00;TT;SELL;1;0.1;16348.449;16353.449;16336.449;16353.449;SL;-0.45;2.5
P2_01_02_EUR1;2024-01-04 17:35:00;2024-01-04 17:37:00;TT;SELL;2;0.2;16348.449;16354.449;16336.449;16354.449;SL;-1.08;2.5
P3_01_02_03_EUR1;2024-01-04 17:35:00;2024-01-04 17:37:00;TT;SELL;2;0.2;16348.449;16354.449;16334.449;16354.449;SL;-1.08;2.5
P4_01_02_03_EUR2;2024-01-04 17:35:00;2024-01-04 17:37:00;TT;SELL;3;0.3;16348.449;16356.449;16332.449;16356.449;SL;-2.16;2.5
P6_01_02_03_04_EUR2;2024-01-04 17:35:00;2024-01-04 17:37:00;TT;SELL;3;0.3;16348.449;16356.449;16330.449;16356.449;SL;-2.16;2.5
P5_01_02_03_EUR3;2024-01-04 17:35:00;2024-01-04 17:39:00;TT;SELL;3;0.3;16348.449;16358.449;16327.33788888889;16358.449;SL;-2.7;2.5
P7_01_02_03_04_EUR3;2024-01-04 17:35:00;2024-01-04 17:39:00;TT;SELL;3;0.3;16348.449;16358.449;16326.449;16358.449;SL;-2.7;2.5
P8_01_02_03_04_EUR5;2024-01-04 17:35:00;2024-01-04 17:39:00;TT;SELL;3;0.3;16348.449;16358.449;16319.930481481482;16358.449;SL;-2.7;2.5
P1_FIXED_01;2024-01-04 17:45:00;2024-01-04 17:46:00;TT;SELL;1;0.1;16338.447;16343.447;16326.447;16326.447;TP;1.08;2.5
P2_01_02_EUR1;2024-01-04 17:45:00;2024-01-04 17:46:00;TT;SELL;1;0.1;16338.447;16344.447;16326.447;16326.447;TP;1.08;2.5
P3_01_02_03_EUR1;2024-01-04 17:45:00;2024-01-04 17:46:00;TT;SELL;3;0.3;16338.447;16344.447;16324.447;16324.447;TP;3.78;2.5
P1_FIXED_01;2024-01-04 17:46:00;2024-01-04 17:47:00;TT;SELL;1;0.1;16323.309;16328.309;16311.309;16328.309;SL;-0.45;2.5
P2_01_02_EUR1;2024-01-04 17:46:00;2024-01-04 17:47:00;TT;SELL;1;0.1;16323.309;16329.309;16311.309;16329.309;SL;-0.54;2.5
P3_01_02_03_EUR1;2024-01-04 17:46:00;2024-01-04 17:47:00;TT;SELL;1;0.1;16323.309;16329.309;16309.309;16329.309;SL;-0.54;2.5
P4_01_02_03_EUR2;2024-01-04 17:45:00;2024-01-04 17:55:00;TT;SELL;1;0.1;16338.447;16346.447;16316.224777777777;16346.447;SL;-0.72;2.5
P5_01_02_03_EUR3;2024-01-04 17:45:00;2024-01-04 17:55:00;TT;SELL;1;0.1;16338.447;16348.447;16305.113666666666;16345.699;TIME;-0.65;2.5
P6_01_02_03_04_EUR2;2024-01-04 17:45:00;2024-01-04 17:55:00;TT;SELL;4;0.4;16338.447;16346.447;16320.447;16346.447;SL;-2.88;2.5
P7_01_02_03_04_EUR3;2024-01-04 17:45:00;2024-01-04 17:55:00;TT;SELL;4;0.4;16338.447;16348.447;16315.113666666666;16345.699;TIME;-2.61;2.5
P8_01_02_03_04_EUR5;2024-01-04 17:45:00;2024-01-04 17:55:00;TT;SELL;4;0.4;16338.447;16348.447;16309.558111111111;16345.699;TIME;-2.61;2.5
P1_FIXED_01;2024-01-04 18:28:00;2024-01-04 18:30:00;FT;SELL;1;0.1;16355.279;16360.279;16343.279;16355.789;SESSION_END;-0.05;2.5
P2_01_02_EUR1;2024-01-04 18:28:00;2024-01-04 18:30:00;FT;SELL;2;0.2;16355.279;16361.279;16343.279;16355.789;SESSION_END;-0.09;2.5
P3_01_02_03_EUR1;2024-01-04 18:28:00;2024-01-04 18:30:00;FT;SELL;2;0.2;16355.279;16361.279;16341.279;16355.789;SESSION_END;-0.09;2.5
P4_01_02_03_EUR2;2024-01-04 18:28:00;2024-01-04 18:30:00;FT;SELL;2;0.2;16355.279;16363.279;16339.279;16355.789;SESSION_END;-0.09;2.5
P5_01_02_03_EUR3;2024-01-04 18:28:00;2024-01-04 18:30:00;FT;SELL;2;0.2;16355.279;16365.279;16334.986333333334;16355.789;SESSION_END;-0.09;2.5
P6_01_02_03_04_EUR2;2024-01-04 18:28:00;2024-01-04 18:30:00;FT;SELL;1;0.1;16355.279;16363.279;16333.056777777778;16355.789;SESSION_END;-0.05;2.5
P7_01_02_03_04_EUR3;2024-01-04 18:28:00;2024-01-04 18:30:00;FT;SELL;1;0.1;16355.279;16365.279;16321.945666666667;16355.789;SESSION_END;-0.05;2.5
P8_01_02_03_04_EUR5;2024-01-04 18:28:00;2024-01-04 18:30:00;FT;SELL;1;0.1;16355.279;16365.279;16299.723444444446;16355.789;SESSION_END;-0.05;2.5
P1_FIXED_01;2024-01-05 16:52:00;2024-01-05 16:53:00;FT;SELL;1;0.1;16352.829;16357.829;16340.829;16357.829;SL;-0.45;2.5
P2_01_02_EUR1;2024-01-05 16:52:00;2024-01-05 16:54:00;FT;SELL;1;0.1;16352.829;16358.829;16340.829;16358.829;SL;-0.54;2.5
P3_01_02_03_EUR1;2024-01-05 16:52:00;2024-01-05 16:54:00;FT;SELL;3;0.3;16352.829;16358.829;16338.829;16358.829;SL;-1.62;2.5
P1_FIXED_01;2024-01-05 16:53:00;2024-01-05 16:55:00;FT;SELL;1;0.1;16356.599;16361.599;16344.599;16361.599;SL;-0.45;2.5
P4_01_02_03_EUR2;2024-01-05 16:52:00;2024-01-05 16:55:00;FT;SELL;3;0.3;16352.829;16360.829;16336.829;16360.829;SL;-2.16;2.5
P5_01_02_03_EUR3;2024-01-05 16:52:00;2024-01-05 16:55:00;FT;SELL;3;0.3;16352.829;16362.829;16332.829;16362.829;SL;-2.7;2.5
P6_01_02_03_04_EUR2;2024-01-05 16:52:00;2024-01-05 16:55:00;FT;SELL;2;0.2;16352.829;16360.829;16334.829;16360.829;SL;-1.44;2.5
P7_01_02_03_04_EUR3;2024-01-05 16:52:00;2024-01-05 16:55:00;FT;SELL;2;0.2;16352.829;16362.829;16330.829;16362.829;SL;-1.8;2.5
P8_01_02_03_04_EUR5;2024-01-05 16:52:00;2024-01-05 16:55:00;FT;SELL;2;0.2;16352.829;16362.829;16324.796222222221;16362.829;SL;-1.8;2.5
P1_FIXED_01;2024-01-05 17:07:00;2024-01-05 17:09:00;TT;SELL;1;0.1;16340.309;16345.309;16328.309;16328.309;TP;1.08;2.5
P2_01_02_EUR1;2024-01-05 17:07:00;2024-01-05 17:09:00;TT;SELL;2;0.2;16340.309;16346.309;16328.309;16328.309;TP;2.16;2.5
P3_01_02_03_EUR1;2024-01-05 17:07:00;2024-01-05 17:09:00;TT;SELL;1;0.1;16340.309;16346.309;16326.309;16326.309;TP;1.26;2.5
P4_01_02_03_EUR2;2024-01-05 17:07:00;2024-01-05 17:09:00;TT;SELL;1;0.1;16340.309;16348.309;16318.086777777777;16318.086777777777;TP;2.0;2.5
P6_01_02_03_04_EUR2;2024-01-05 17:07:00;2024-01-05 17:09:00;TT;SELL;3;0.3;16340.309;16348.309;16322.309;16322.309;TP;4.86;2.5
P7_01_02_03_04_EUR3;2024-01-05 17:07:00;2024-01-05 17:09:00;TT;SELL;3;0.3;16340.309;16350.309;16318.309;16318.309;TP;5.94;2.5
P8_01_02_03_04_EUR5;2024-01-05 17:07:00;2024-01-05 17:09:00;TT;SELL;3;0.3;16340.309;16350.309;16314.953814814815;16314.953814814815;TP;6.85;2.5
P5_01_02_03_EUR3;2024-01-05 17:07:00;2024-01-05 17:10:00;TT;SELL;1;0.1;16340.309;16350.309;16306.975666666665;16306.975666666665;TP;3.0;2.5
P1_FIXED_01;2024-01-05 17:09:00;2024-01-05 17:11:00;TT;SELL;1;0.1;16313.919;16318.919;16301.919;16301.919;TP;1.08;2.5
P2_01_02_EUR1;2024-01-05 17:09:00;2024-01-05 17:11:00;TT;SELL;1;0.1;16313.919;16319.919;16301.919;16301.919;TP;1.08;2.5
P3_01_02_03_EUR1;2024-01-05 17:09:00;2024-01-05 17:11:00;TT;SELL;1;0.1;16313.919;16319.919;16299.919;16299.919;TP;1.26;2.5
P4_01_02_03_EUR2;2024-01-05 17:09:00;2024-01-05 17:17:00;TT;SELL;1;0.1;16313.919;16321.919;16291.696777777777;16321.919;SL;-0.72;2.5
P6_01_02_03_04_EUR2;2024-01-05 17:09:00;2024-01-05 17:17:00;TT;SELL;1;0.1;16313.919;16321.919;16291.696777777777;16321.919;SL;-0.72;2.5
P7_01_02_03_04_EUR3;2024-01-05 17:09:00;2024-01-05 17:17:00;TT;SELL;1;0.1;16313.919;16323.919;16280.585666666666;16323.919;SL;-0.9;2.5
P8_01_02_03_04_EUR5;2024-01-05 17:09:00;2024-01-05 17:17:00;TT;SELL;1;0.1;16313.919;16323.919;16258.363444444445;16323.919;SL;-0.9;2.5
P4_01_02_03_EUR2;2024-01-05 17:17:00;2024-01-05 17:18:00;TT;BUY;2;0.2;16323.509;16315.509;16339.509;16315.509;SL;-1.44;2.5
P6_01_02_03_04_EUR2;2024-01-05 17:17:00;2024-01-05 17:18:00;TT;BUY;2;0.2;16323.509;16315.509;16341.509;16315.509;SL;-1.44;2.5
P1_FIXED_01;2024-01-05 17:16:00;2024-01-05 17:19:00;TT;BUY;1;0.1;16318.099;16313.099;16330.099;16313.099;SL;-0.45;2.5
P2_01_02_EUR1;2024-01-05 17:16:00;2024-01-05 17:19:00;TT;BUY;1;0.1;16318.099;16312.099;16330.099;16312.099;SL;-0.54;2.5
P3_01_02_03_EUR1;2024-01-05 17:16:00;2024-01-05 17:19:00;TT;BUY;1;0.1;16318.099;16312.099;16332.099;16312.099;SL;-0.54;2.5
P7_01_02_03_04_EUR3;2024-01-05 17:17:00;2024-01-05 17:19:00;TT;BUY;2;0.2;16323.509;16313.509;16345.509;16313.509;SL;-1.8;2.5
P8_01_02_03_04_EUR5;2024-01-05 17:17:00;2024-01-05 17:19:00;TT;BUY;2;0.2;16323.509;16313.509;16356.286777777777;16313.509;SL;-1.8;2.5
P5_01_02_03_EUR3;2024-01-05 17:16:00;2024-01-05 17:20:00;TT;BUY;1;0.1;16318.099;16308.099;16351.432333333334;16308.099;SL;-0.9;2.5
P1_FIXED_01;2024-01-05 17:20:00;2024-01-05 17:21:00;TT;SELL;1;0.1;16307.509;16312.509;16295.509;16312.509;SL;-0.45;2.5
P2_01_02_EUR1;2024-01-05 17:20:00;2024-01-05 17:21:00;TT;SELL;2;0.2;16307.509;16313.509;16295.509;16313.509;SL;-1.08;2.5
P3_01_02_03_EUR1;2024-01-05 17:20:00;2024-01-05 17:21:00;TT;SELL;2;0.2;16307.509;16313.509;16293.509;16313.509;SL;-1.08;2.5
P4_01_02_03_EUR2;2024-01-05 17:20:00;2024-01-05 17:21:00;TT;SELL;3;0.3;16307.509;16315.509;16291.509;16315.509;SL;-2.16;2.5
P6_01_02_03_04_EUR2;2024-01-05 17:20:00;2024-01-05 17:21:00;TT;SELL;3;0.3;16307.509;16315.509;16289.509;16315.509;SL;-2.16;2.5
P5_01_02_03_EUR3;2024-01-05 17:20:00;2024-01-05 17:23:00;TT;SELL;2;0.2;16307.509;16317.509;16285.842333333334;16317.509;SL;-1.8;2.5
P7_01_02_03_04_EUR3;2024-01-05 17:20:00;2024-01-05 17:23:00;TT;SELL;3;0.3;16307.509;16317.509;16285.509;16317.509;SL;-2.7;2.5
P8_01_02_03_04_EUR5;2024-01-05 17:20:00;2024-01-05 17:23:00;TT;SELL;3;0.3;16307.509;16317.509;16278.990481481482;16317.509;SL;-2.7;2.5
P1_FIXED_01;2024-01-05 17:31:00;2024-01-05 17:32:00;TT;SELL;1;0.1;16291.489;16296.489;16279.489;16296.489;SL;-0.45;2.5
P2_01_02_EUR1;2024-01-05 17:31:00;2024-01-05 17:32:00;TT;SELL;1;0.1;16291.489;16297.489;16279.489;16297.489;SL;-0.54;2.5
P3_01_02_03_EUR1;2024-01-05 17:31:00;2024-01-05 17:32:00;TT;SELL;3;0.3;16291.489;16297.489;16277.489;16297.489;SL;-1.62;2.5
P4_01_02_03_EUR2;2024-01-05 17:31:00;2024-01-05 17:32:00;TT;SELL;1;0.1;16291.489;16299.489;16269.266777777777;16299.489;SL;-0.72;2.5
P5_01_02_03_EUR3;2024-01-05 17:31:00;2024-01-05 17:32:00;TT;SELL;3;0.3;16291.489;16301.489;16270.377888888888;16301.489;SL;-2.7;2.5
P6_01_02_03_04_EUR2;2024-01-05 17:31:00;2024-01-05 17:32:00;TT;SELL;4;0.4;16291.489;16299.489;16273.489;16299.489;SL;-2.88;2.5
P7_01_02_03_04_EUR3;2024-01-05 17:31:00;2024-01-05 17:32:00;TT;SELL;4;0.4;16291.489;16301.489;16268.155666666666;16301.489;SL;-3.6;2.5
P8_01_02_03_04_EUR5;2024-01-05 17:31:00;2024-01-05 17:32:00;TT;SELL;4;0.4;16291.489;16301.489;16262.60011111111;16301.489;SL;-3.6;2.5
P1_FIXED_01;2024-01-05 18:02:00;2024-01-05 18:04:00;TT;SELL;1;0.1;16301.929;16306.929;16289.929;16289.929;TP;1.08;2.5
P2_01_02_EUR1;2024-01-05 18:02:00;2024-01-05 18:04:00;TT;SELL;2;0.2;16301.929;16307.929;16289.929;16289.929;TP;2.16;2.5
P3_01_02_03_EUR1;2024-01-05 18:02:00;2024-01-05 18:04:00;TT;SELL;1;0.1;16301.929;16307.929;16287.929;16287.929;TP;1.26;2.5
P4_01_02_03_EUR2;2024-01-05 18:02:00;2024-01-05 18:04:00;TT;SELL;2;0.2;16301.929;16309.929;16285.929;16285.929;TP;2.88;2.5
P5_01_02_03_EUR3;2024-01-05 18:02:00;2024-01-05 18:12:00;TT;SELL;1;0.1;16301.929;16311.929;16268.595666666666;16292.299;TIME;0.87;2.5
P6_01_02_03_04_EUR2;2024-01-05 18:02:00;2024-01-05 18:12:00;TT;SELL;1;0.1;16301.929;16309.929;16279.706777777777;16292.299;TIME;0.87;2.5
P7_01_02_03_04_EUR3;2024-01-05 18:02:00;2024-01-05 18:12:00;TT;SELL;1;0.1;16301.929;16311.929;16268.595666666666;16292.299;TIME;0.87;2.5
P8_01_02_03_04_EUR5;2024-01-05 18:02:00;2024-01-05 18:12:00;TT;SELL;1;0.1;16301.929;16311.929;16246.373444444445;16292.299;TIME;0.87;2.5
P1_FIXED_01;2024-01-05 18:15:00;2024-01-05 18:16:00;TT;SELL;1;0.1;16280.429;16285.429;16268.429;16285.429;SL;-0.45;2.5
P2_01_02_EUR1;2024-01-05 18:15:00;2024-01-05 18:16:00;TT;SELL;1;0.1;16280.429;16286.429;16268.429;16286.429;SL;-0.54;2.5
P3_01_02_03_EUR1;2024-01-05 18:15:00;2024-01-05 18:16:00;TT;SELL;1;0.1;16280.429;16286.429;16266.429;16286.429;SL;-0.54;2.5
P4_01_02_03_EUR2;2024-01-05 18:15:00;2024-01-05 18:16:00;TT;SELL;1;0.1;16280.429;16288.429;16258.206777777777;16288.429;SL;-0.72;2.5
P6_01_02_03_04_EUR2;2024-01-05 18:15:00;2024-01-05 18:16:00;TT;SELL;1;0.1;16280.429;16288.429;16258.206777777777;16288.429;SL;-0.72;2.5
P5_01_02_03_EUR3;2024-01-05 18:15:00;2024-01-05 18:25:00;TT;SELL;1;0.1;16280.429;16290.429;16247.095666666666;16288.929;TIME;-0.77;2.5
P7_01_02_03_04_EUR3;2024-01-05 18:15:00;2024-01-05 18:25:00;TT;SELL;1;0.1;16280.429;16290.429;16247.095666666666;16288.929;TIME;-0.77;2.5
P8_01_02_03_04_EUR5;2024-01-05 18:15:00;2024-01-05 18:25:00;TT;SELL;1;0.1;16280.429;16290.429;16224.873444444445;16288.929;TIME;-0.77;2.5
P1_FIXED_01;2024-01-08 16:32:00;2024-01-08 16:33:00;TT;BUY;1;0.1;16501.649;16496.649;16513.649;16496.649;SL;-0.45;2.5
P2_01_02_EUR1;2024-01-08 16:32:00;2024-01-08 16:41:00;TT;BUY;2;0.2;16501.649;16495.649;16513.649;16495.649;SL;-1.08;2.5
P3_01_02_03_EUR1;2024-01-08 16:32:00;2024-01-08 16:41:00;TT;BUY;2;0.2;16501.649;16495.649;16515.649;16495.649;SL;-1.08;2.5
P4_01_02_03_EUR2;2024-01-08 16:32:00;2024-01-08 16:42:00;TT;BUY;2;0.2;16501.649;16493.649;16517.649;16503.859;TIME;0.4;2.5
P5_01_02_03_EUR3;2024-01-08 16:32:00;2024-01-08 16:42:00;TT;BUY;2;0.2;16501.649;16491.649;16522.56566666667;16503.859;TIME;0.4;2.5
P6_01_02_03_04_EUR2;2024-01-08 16:32:00;2024-01-08 16:42:00;TT;BUY;2;0.2;16501.649;16493.649;16519.649;16503.859;TIME;0.4;2.5
P7_01_02_03_04_EUR3;2024-01-08 16:32:00;2024-01-08 16:42:00;TT;BUY;2;0.2;16501.649;16491.649;16523.649;16503.859;TIME;0.4;2.5
P8_01_02_03_04_EUR5;2024-01-08 16:32:00;2024-01-08 16:42:00;TT;BUY;2;0.2;16501.649;16491.649;16533.67677777778;16503.859;TIME;0.4;2.5
P1_FIXED_01;2024-01-08 16:45:00;2024-01-08 16:46:00;TT;SELL;1;0.1;16495.219;16500.219;16483.219;16500.219;SL;-0.45;2.5
P2_01_02_EUR1;2024-01-08 16:45:00;2024-01-08 16:46:00;TT;SELL;1;0.1;16495.219;16501.219;16483.219;16501.219;SL;-0.54;2.5
P3_01_02_03_EUR1;2024-01-08 16:45:00;2024-01-08 16:46:00;TT;SELL;3;0.3;16495.219;16501.219;16481.219;16501.219;SL;-1.62;2.5
P4_01_02_03_EUR2;2024-01-08 16:45:00;2024-01-08 16:46:00;TT;SELL;1;0.1;16495.219;16503.219;16472.99677777778;16503.219;SL;-0.72;2.5
P5_01_02_03_EUR3;2024-01-08 16:45:00;2024-01-08 16:46:00;TT;SELL;1;0.1;16495.219;16505.219;16461.88566666667;16505.219;SL;-0.9;2.5
P6_01_02_03_04_EUR2;2024-01-08 16:45:00;2024-01-08 16:46:00;TT;SELL;1;0.1;16495.219;16503.219;16472.99677777778;16503.219;SL;-0.72;2.5
P7_01_02_03_04_EUR3;2024-01-08 16:45:00;2024-01-08 16:46:00;TT;SELL;1;0.1;16495.219;16505.219;16461.88566666667;16505.219;SL;-0.9;2.5
P8_01_02_03_04_EUR5;2024-01-08 16:45:00;2024-01-08 16:46:00;TT;SELL;1;0.1;16495.219;16505.219;16439.663444444446;16505.219;SL;-0.9;2.5
P1_FIXED_01;2024-01-08 17:00:00;2024-01-08 17:07:00;TT;BUY;1;0.1;16522.069;16517.069;16534.069;16534.069;TP;1.08;2.5
P2_01_02_EUR1;2024-01-08 17:00:00;2024-01-08 17:07:00;TT;BUY;2;0.2;16522.069;16516.069;16534.069;16534.069;TP;2.16;2.5
P3_01_02_03_EUR1;2024-01-08 17:00:00;2024-01-08 17:07:00;TT;BUY;1;0.1;16522.069;16516.069;16536.069;16536.069;TP;1.26;2.5
P4_01_02_03_EUR2;2024-01-08 17:00:00;2024-01-08 17:09:00;TT;BUY;2;0.2;16522.069;16514.069;16538.069;16538.069;TP;2.88;2.5
P5_01_02_03_EUR3;2024-01-08 17:00:00;2024-01-08 17:10:00;TT;BUY;2;0.2;16522.069;16512.069;16543.735666666667;16531.789;TIME;1.75;2.5
P6_01_02_03_04_EUR2;2024-01-08 17:00:00;2024-01-08 17:10:00;TT;BUY;2;0.2;16522.069;16514.069;16540.069;16531.789;TIME;1.75;2.5
P7_01_02_03_04_EUR3;2024-01-08 17:00:00;2024-01-08 17:10:00;TT;BUY;2;0.2;16522.069;16512.069;16544.069;16531.789;TIME;1.75;2.5
P8_01_02_03_04_EUR5;2024-01-08 17:00:00;2024-01-08 17:10:00;TT;BUY;2;0.2;16522.069;16512.069;16554.846777777777;16531.789;TIME;1.75;2.5
P1_FIXED_01;2024-01-08 17:34:00;2024-01-08 17:42:00;TT;BUY;1;0.1;16537.489;16532.489;16549.489;16549.489;TP;1.08;2.5
P2_01_02_EUR1;2024-01-08 17:34:00;2024-01-08 17:42:00;TT;BUY;1;0.1;16537.489;16531.489;16549.489;16549.489;TP;1.08;2.5
P3_01_02_03_EUR1;2024-01-08 17:34:00;2024-01-08 17:42:00;TT;BUY;1;0.1;16537.489;16531.489;16551.489;16551.489;TP;1.26;2.5
P1_FIXED_01;2024-01-08 17:42:00;2024-01-08 17:43:00;TT;BUY;1;0.1;16557.099;16552.099;16569.099;16552.099;SL;-0.45;2.5
P2_01_02_EUR1;2024-01-08 17:42:00;2024-01-08 17:43:00;TT;BUY;1;0.1;16557.099;16551.099;16569.099;16551.099;SL;-0.54;2.5
P3_01_02_03_EUR1;2024-01-08 17:42:00;2024-01-08 17:43:00;TT;BUY;1;0.1;16557.099;16551.099;16571.099;16551.099;SL;-0.54;2.5
P4_01_02_03_EUR2;2024-01-08 17:34:00;2024-01-08 17:44:00;TT;BUY;1;0.1;16537.489;16529.489;16559.711222222224;16549.819;TIME;1.11;2.5
P5_01_02_03_EUR3;2024-01-08 17:34:00;2024-01-08 17:44:00;TT;BUY;1;0.1;16537.489;16527.489;16570.822333333334;16549.819;TIME;1.11;2.5
P6_01_02_03_04_EUR2;2024-01-08 17:34:00;2024-01-08 17:44:00;TT;BUY;1;0.1;16537.489;16529.489;16559.711222222224;16549.819;TIME;1.11;2.5
P7_01_02_03_04_EUR3;2024-01-08 17:34:00;2024-01-08 17:44:00;TT;BUY;1;0.1;16537.489;16527.489;16570.822333333334;16549.819;TIME;1.11;2.5
P8_01_02_03_04_EUR5;2024-01-08 17:34:00;2024-01-08 17:44:00;TT;BUY;1;0.1;16537.489;16527.489;16593.044555555556;16549.819;TIME;1.11;2.5
P1_FIXED_01;2024-01-09 16:34:00;2024-01-09 16:35:00;TT;BUY;1;0.1;16638.249;16633.249;16650.249;16633.249;SL;-0.45;2.5
P2_01_02_EUR1;2024-01-09 16:34:00;2024-01-09 16:35:00;TT;BUY;2;0.2;16638.249;16632.249;16650.249;16632.249;SL;-1.08;2.5
P3_01_02_03_EUR1;2024-01-09 16:34:00;2024-01-09 16:35:00;TT;BUY;2;0.2;16638.249;16632.249;16652.249;16632.249;SL;-1.08;2.5
P4_01_02_03_EUR2;2024-01-09 16:34:00;2024-01-09 16:36:00;TT;BUY;1;0.1;16638.249;16630.249;16660.471222222222;16630.249;SL;-0.72;2.5
P6_01_02_03_04_EUR2;2024-01-09 16:34:00;2024-01-09 16:36:00;TT;BUY;1;0.1;16638.249;16630.249;16660.471222222222;16630.249;SL;-0.72;2.5
P5_01_02_03_EUR3;2024-01-09 16:34:00;2024-01-09 16:41:00;TT;BUY;1;0.1;16638.249;16628.249;16671.582333333332;16628.249;SL;-0.9;2.5
P7_01_02_03_04_EUR3;2024-01-09 16:34:00;2024-01-09 16:41:00;TT;BUY;1;0.1;16638.249;16628.249;16671.582333333332;16628.249;SL;-0.9;2.5
P8_01_02_03_04_EUR5;2024-01-09 16:34:00;2024-01-09 16:41:00;TT;BUY;1;0.1;16638.249;16628.249;16693.804555555555;16628.249;SL;-0.9;2.5
P1_FIXED_01;2024-01-09 16:41:00;2024-01-09 16:43:00;TT;SELL;1;0.1;16628.169;16633.169;16616.169;16633.169;SL;-0.45;2.5
P2_01_02_EUR1;2024-01-09 16:41:00;2024-01-09 16:44:00;TT;SELL;1;0.1;16628.169;16634.169;16616.169;16634.169;SL;-0.54;2.5
P3_01_02_03_EUR1;2024-01-09 16:41:00;2024-01-09 16:44:00;TT;SELL;3;0.3;16628.169;16634.169;16614.169;16634.169;SL;-1.62;2.5
P4_01_02_03_EUR2;2024-01-09 16:41:00;2024-01-09 16:44:00;TT;SELL;2;0.2;16628.169;16636.169;16612.169;16636.169;SL;-1.44;2.5
P6_01_02_03_04_EUR2;2024-01-09 16:41:00;2024-01-09 16:44:00;TT;SELL;2;0.2;16628.169;16636.169;16610.169;16636.169;SL;-1.44;2.5
P5_01_02_03_EUR3;2024-01-09 16:41:00;2024-01-09 16:45:00;TT;SELL;2;0.2;16628.169;16638.169;16606.502333333334;16638.169;SL;-1.8;2.5
P7_01_02_03_04_EUR3;2024-01-09 16:41:00;2024-01-09 16:45:00;TT;SELL;2;0.2;16628.169;16638.169;16606.169;16638.169;SL;-1.8;2.5
P8_01_02_03_04_EUR5;2024-01-09 16:41:00;2024-01-09 16:45:00;TT;SELL;2;0.2;16628.169;16638.169;16595.391222222224;16638.169;SL;-1.8;2.5
P1_FIXED_01;2024-01-09 16:51:00;2024-01-09 16:55:00;TT;BUY;1;0.1;16649.399;16644.399;16661.399;16661.399;TP;1.08;2.5
P2_01_02_EUR1;2024-01-09 16:51:00;2024-01-09 16:55:00;TT;BUY;2;0.2;16649.399;16643.399;16661.399;16661.399;TP;2.16;2.5
P3_01_02_03_EUR1;2024-01-09 16:51:00;2024-01-09 16:55:00;TT;BUY;1;0.1;16649.399;16643.399;16663.399;16663.399;TP;1.26;2.5
P4_01_02_03_EUR2;2024-01-09 16:51:00;2024-01-09 16:56:00;TT;BUY;3;0.3;16649.399;16641.399;16665.399;16665.399;TP;4.32;2.5
P5_01_02_03_EUR3;2024-01-09 16:51:00;2024-01-09 16:56:00;TT;BUY;3;0.3;16649.399;16639.399;16670.51011111111;16670.51011111111;TP;5.7;2.5
P6_01_02_03_04_EUR2;2024-01-09 16:51:00;2024-01-09 16:56:00;TT;BUY;3;0.3;16649.399;16641.399;16667.399;16667.399;TP;4.86;2.5
P7_01_02_03_04_EUR3;2024-01-09 16:51:00;2024-01-09 16:56:00;TT;BUY;3;0.3;16649.399;16639.399;16671.399;16671.399;TP;5.94;2.5
P1_FIXED_01;2024-01-09 16:55:00;2024-01-09 16:59:00;TT;BUY;1;0.1;16665.209;16660.209;16677.209;16677.209;TP;1.08;2.5
P2_01_02_EUR1;2024-01-09 16:55:00;2024-01-09 16:59:00;TT;BUY;1;0.1;16665.209;16659.209;16677.209;16677.209;TP;1.08;2.5
P3_01_02_03_EUR1;2024-01-09 16:55:00;2024-01-09 17:00:00;TT;BUY;1;0.1;16665.209;16659.209;16679.209;16679.209;TP;1.26;2.5
P8_01_02_03_04_EUR5;2024-01-09 16:51:00;2024-01-09 17:00:00;TT;BUY;3;0.3;16649.399;16639.399;16677.91751851852;16677.91751851852;TP;7.7;2.5
P1_FIXED_01;2024-01-09 17:00:00;2024-01-09 17:01:00;TT;BUY;1;0.1;16684.109;16679.109;16696.109;16679.109;SL;-0.45;2.5
P2_01_02_EUR1;2024-01-09 17:00:00;2024-01-09 17:01:00;TT;BUY;1;0.1;16684.109;16678.109;16696.109;16678.109;SL;-0.54;2.5
P3_01_02_03_EUR1;2024-01-09 17:00:00;2024-01-09 17:01:00;TT;BUY;1;0.1;16684.109;16678.109;16698.109;16678.109;SL;-0.54;2.5
P8_01_02_03_04_EUR5;2024-01-09 17:00:00;2024-01-09 17:01:00;TT;BUY;1;0.1;16684.109;16674.109;16739.664555555555;16674.109;SL;-0.9;2.5
P4_01_02_03_EUR2;2024-01-09 16:56:00;2024-01-09 17:06:00;TT;BUY;1;0.1;16672.789;16664.789;16695.011222222223;16677.599;TIME;0.43;2.5
P5_01_02_03_EUR3;2024-01-09 16:56:00;2024-01-09 17:06:00;TT;BUY;1;0.1;16672.789;16662.789;16706.122333333333;16677.599;TIME;0.43;2.5
P6_01_02_03_04_EUR2;2024-01-09 16:56:00;2024-01-09 17:06:00;TT;BUY;1;0.1;16672.789;16664.789;16695.011222222223;16677.599;TIME;0.43;2.5
P7_01_02_03_04_EUR3;2024-01-09 16:56:00;2024-01-09 17:06:00;TT;BUY;1;0.1;16672.789;16662.789;16706.122333333333;16677.599;TIME;0.43;2.5
P1_FIXED_01;2024-01-09 17:07:00;2024-01-09 17:08:00;FT;SELL;1;0.1;16678.629;16683.629;16666.629;16683.629;SL;-0.45;2.5
P2_01_02_EUR1;2024-01-09 17:07:00;2024-01-09 17:08:00;FT;SELL;2;0.2;16678.629;16684.629;16666.629;16684.629;SL;-1.08;2.5
P3_01_02_03_EUR1;2024-01-09 17:07:00;2024-01-09 17:08:00;FT;SELL;2;0.2;16678.629;16684.629;16664.629;16684.629;SL;-1.08;2.5
P4_01_02_03_EUR2;2024-01-09 17:07:00;2024-01-09 17:10:00;FT;SELL;1;0.1;16678.629;16686.629;16656.40677777778;16686.629;SL;-0.72;2.5
P5_01_02_03_EUR3;2024-01-09 17:07:00;2024-01-09 17:10:00;FT;SELL;1;0.1;16678.629;16688.629;16645.29566666667;16688.629;SL;-0.9;2.5
P6_01_02_03_04_EUR2;2024-01-09 17:07:00;2024-01-09 17:10:00;FT;SELL;1;0.1;16678.629;16686.629;16656.40677777778;16686.629;SL;-0.72;2.5
P7_01_02_03_04_EUR3;2024-01-09 17:07:00;2024-01-09 17:10:00;FT;SELL;1;0.1;16678.629;16688.629;16645.29566666667;16688.629;SL;-0.9;2.5
P8_01_02_03_04_EUR5;2024-01-09 17:07:00;2024-01-09 17:10:00;FT;SELL;2;0.2;16678.629;16688.629;16645.851222222223;16688.629;SL;-1.8;2.5
P1_FIXED_01;2024-01-09 17:10:00;2024-01-09 17:11:00;TT;BUY;1;0.1;16689.569;16684.569;16701.569;16684.569;SL;-0.45;2.5
P2_01_02_EUR1;2024-01-09 17:10:00;2024-01-09 17:11:00;TT;BUY;1;0.1;16689.569;16683.569;16701.569;16683.569;SL;-0.54;2.5
P3_01_02_03_EUR1;2024-01-09 17:10:00;2024-01-09 17:11:00;TT;BUY;3;0.3;16689.569;16683.569;16703.569;16683.569;SL;-1.62;2.5
P4_01_02_03_EUR2;2024-01-09 17:10:00;2024-01-09 17:11:00;TT;BUY;2;0.2;16689.569;16681.569;16705.569;16681.569;SL;-1.44;2.5
P6_01_02_03_04_EUR2;2024-01-09 17:10:00;2024-01-09 17:11:00;TT;BUY;2;0.2;16689.569;16681.569;16707.569;16681.569;SL;-1.44;2.5
P5_01_02_03_EUR3;2024-01-09 17:10:00;2024-01-09 17:12:00;TT;BUY;2;0.2;16689.569;16679.569;16711.235666666667;16679.569;SL;-1.8;2.5
P7_01_02_03_04_EUR3;2024-01-09 17:10:00;2024-01-09 17:12:00;TT;BUY;2;0.2;16689.569;16679.569;16711.569;16679.569;SL;-1.8;2.5
P8_01_02_03_04_EUR5;2024-01-09 17:10:00;2024-01-09 17:12:00;TT;BUY;3;0.3;16689.569;16679.569;16718.087518518518;16679.569;SL;-2.7;2.5
P1_FIXED_01;2024-01-09 17:49:00;2024-01-09 17:51:00;TT;SELL;1;0.1;16675.789;16680.789;16663.789;16680.789;SL;-0.45;2.5
P2_01_02_EUR1;2024-01-09 17:49:00;2024-01-09 17:51:00;TT;SELL;2;0.2;16675.789;16681.789;16663.789;16681.789;SL;-1.08;2.5
P3_01_02_03_EUR1;2024-01-09 17:49:00;2024-01-09 17:51:00;TT;SELL;1;0.1;16675.789;16681.789;16661.789;16681.789;SL;-0.54;2.5
P4_01_02_03_EUR2;2024-01-09 17:49:00;2024-01-09 17:52:00;TT;SELL;3;0.3;16675.789;16683.789;16659.789;16683.789;SL;-2.16;2.5
P5_01_02_03_EUR3;2024-01-09 17:49:00;2024-01-09 17:52:00;TT;SELL;3;0.3;16675.789;16685.789;16654.67788888889;16685.789;SL;-2.7;2.5
P6_01_02_03_04_EUR2;2024-01-09 17:49:00;2024-01-09 17:52:00;TT;SELL;3;0.3;16675.789;16683.789;16657.789;16683.789;SL;-2.16;2.5
P7_01_02_03_04_EUR3;2024-01-09 17:49:00;2024-01-09 17:52:00;TT;SELL;3;0.3;16675.789;16685.789;16653.789;16685.789;SL;-2.7;2.5
P8_01_02_03_04_EUR5;2024-01-09 17:49:00;2024-01-09 17:52:00;TT;SELL;4;0.4;16675.789;16685.789;16646.90011111111;16685.789;SL;-3.6;2.5
P1_FIXED_01;2024-01-09 17:52:00;2024-01-09 18:01:00;TT;BUY;1;0.1;16686.139;16681.139;16698.139;16698.139;TP;1.08;2.5
P2_01_02_EUR1;2024-01-09 17:52:00;2024-01-09 18:01:00;TT;BUY;1;0.1;16686.139;16680.139;16698.139;16698.139;TP;1.08;2.5
P3_01_02_03_EUR1;2024-01-09 17:52:00;2024-01-09 18:02:00;TT;BUY;2;0.2;16686.139;16680.139;16700.139;16700.139;TP;2.52;2.5
P4_01_02_03_EUR2;2024-01-09 17:52:00;2024-01-09 18:02:00;TT;BUY;1;0.1;16686.139;16678.139;16708.361222222222;16701.289;TIME;1.36;2.5
P5_01_02_03_EUR3;2024-01-09 17:52:00;2024-01-09 18:02:00;TT;BUY;1;0.1;16686.139;16676.139;16719.47233333333;16701.289;TIME;1.36;2.5
P6_01_02_03_04_EUR2;2024-01-09 17:52:00;2024-01-09 18:02:00;TT;BUY;4;0.4;16686.139;16678.139;16704.139;16701.289;TIME;5.45;2.5
P7_01_02_03_04_EUR3;2024-01-09 17:52:00;2024-01-09 18:02:00;TT;BUY;4;0.4;16686.139;16676.139;16709.47233333333;16701.289;TIME;5.45;2.5
P8_01_02_03_04_EUR5;2024-01-09 17:52:00;2024-01-09 18:02:00;TT;BUY;1;0.1;16686.139;16676.139;16741.694555555554;16701.289;TIME;1.36;2.5
P1_FIXED_01;2024-01-09 18:02:00;2024-01-09 18:03:00;TT;BUY;1;0.1;16703.389;16698.389;16715.389;16715.389;TP;1.08;2.5
P2_01_02_EUR1;2024-01-09 18:02:00;2024-01-09 18:03:00;TT;BUY;1;0.1;16703.389;16697.389;16715.389;16715.389;TP;1.08;2.5
P1_FIXED_01;2024-01-09 18:03:00;2024-01-09 18:07:00;TT;BUY;1;0.1;16708.899;16703.899;16720.899;16703.899;SL;-0.45;2.5
P2_01_02_EUR1;2024-01-09 18:03:00;2024-01-09 18:07:00;TT;BUY;1;0.1;16708.899;16702.899;16720.899;16702.899;SL;-0.54;2.5
P3_01_02_03_EUR1;2024-01-09 18:02:00;2024-01-09 18:07:00;TT;BUY;1;0.1;16703.389;16697.389;16717.389;16697.389;SL;-0.54;2.5
P4_01_02_03_EUR2;2024-01-09 18:02:00;2024-01-09 18:07:00;TT;BUY;1;0.1;16703.389;16695.389;16725.611222222222;16695.389;SL;-0.72;2.5
P5_01_02_03_EUR3;2024-01-09 18:02:00;2024-01-09 18:07:00;TT;BUY;1;0.1;16703.389;16693.389;16736.72233333333;16693.389;SL;-0.9;2.5
P6_01_02_03_04_EUR2;2024-01-09 18:02:00;2024-01-09 18:07:00;TT;BUY;1;0.1;16703.389;16695.389;16725.611222222222;16695.389;SL;-0.72;2.5
P7_01_02_03_04_EUR3;2024-01-09 18:02:00;2024-01-09 18:07:00;TT;BUY;1;0.1;16703.389;16693.389;16736.72233333333;16693.389;SL;-0.9;2.5
P8_01_02_03_04_EUR5;2024-01-09 18:02:00;2024-01-09 18:07:00;TT;BUY;1;0.1;16703.389;16693.389;16758.944555555554;16693.389;SL;-0.9;2.5
P1_FIXED_01;2024-01-09 18:12:00;2024-01-09 18:13:00;TT;BUY;1;0.1;16700.369;16695.369;16712.369;16695.369;SL;-0.45;2.5
P1_FIXED_01;2024-01-09 18:13:00;2024-01-09 18:14:00;FT;SELL;1;0.1;16698.159;16703.159;16686.159;16703.159;SL;-0.45;2.5
P2_01_02_EUR1;2024-01-09 18:12:00;2024-01-09 18:16:00;TT;BUY;2;0.2;16700.369;16694.369;16712.369;16694.369;SL;-1.08;2.5
P3_01_02_03_EUR1;2024-01-09 18:12:00;2024-01-09 18:16:00;TT;BUY;2;0.2;16700.369;16694.369;16714.369;16694.369;SL;-1.08;2.5
P4_01_02_03_EUR2;2024-01-09 18:12:00;2024-01-09 18:21:00;TT;BUY;2;0.2;16700.369;16692.369;16716.369;16692.369;SL;-1.44;2.5
P6_01_02_03_04_EUR2;2024-01-09 18:12:00;2024-01-09 18:21:00;TT;BUY;2;0.2;16700.369;16692.369;16718.369;16692.369;SL;-1.44;2.5
P5_01_02_03_EUR3;2024-01-09 18:12:00;2024-01-09 18:22:00;TT;BUY;2;0.2;16700.369;16690.369;16722.035666666667;16698.709;TIME;-0.3;2.5
P7_01_02_03_04_EUR3;2024-01-09 18:12:00;2024-01-09 18:22:00;TT;BUY;2;0.2;16700.369;16690.369;16722.369;16698.709;TIME;-0.3;2.5
P8_01_02_03_04_EUR5;2024-01-09 18:12:00;2024-01-09 18:22:00;TT;BUY;2;0.2;16700.369;16690.369;16733.146777777776;16698.709;TIME;-0.3;2.5
P1_FIXED_01;2024-01-09 18:25:00;2024-01-09 18:28:00;TT;SELL;1;0.1;16685.599;16690.599;16673.599;16690.599;SL;-0.45;2.5
P2_01_02_EUR1;2024-01-09 18:25:00;2024-01-09 18:28:00;TT;SELL;1;0.1;16685.599;16691.599;16673.599;16691.599;SL;-0.54;2.5
P3_01_02_03_EUR1;2024-01-09 18:25:00;2024-01-09 18:28:00;TT;SELL;3;0.3;16685.599;16691.599;16671.599;16691.599;SL;-1.62;2.5
P4_01_02_03_EUR2;2024-01-09 18:25:00;2024-01-09 18:30:00;TT;SELL;3;0.3;16685.599;16693.599;16669.599;16681.409;SESSION_END;1.13;2.5
P5_01_02_03_EUR3;2024-01-09 18:25:00;2024-01-09 18:30:00;TT;SELL;3;0.3;16685.599;16695.599;16665.599;16681.409;SESSION_END;1.13;2.5
P6_01_02_03_04_EUR2;2024-01-09 18:25:00;2024-01-09 18:30:00;TT;SELL;3;0.3;16685.599;16693.599;16667.599;16681.409;SESSION_END;1.13;2.5
P7_01_02_03_04_EUR3;2024-01-09 18:25:00;2024-01-09 18:30:00;TT;SELL;3;0.3;16685.599;16695.599;16663.599;16681.409;SESSION_END;1.13;2.5
P8_01_02_03_04_EUR5;2024-01-09 18:25:00;2024-01-09 18:30:00;TT;SELL;3;0.3;16685.599;16695.599;16660.599;16681.409;SESSION_END;1.13;2.5
P1_FIXED_01;2024-01-10 16:34:00;2024-01-10 16:36:00;TT;SELL;1;0.1;16711.059;16716.059;16699.059;16716.059;SL;-0.45;2.5
P2_01_02_EUR1;2024-01-10 16:34:00;2024-01-10 16:36:00;TT;SELL;2;0.2;16711.059;16717.059;16699.059;16717.059;SL;-1.08;2.5
P3_01_02_03_EUR1;2024-01-10 16:34:00;2024-01-10 16:36:00;TT;SELL;1;0.1;16711.059;16717.059;16697.059;16717.059;SL;-0.54;2.5
P4_01_02_03_EUR2;2024-01-10 16:34:00;2024-01-10 16:37:00;TT;SELL;1;0.1;16711.059;16719.059;16688.83677777778;16719.059;SL;-0.72;2.5
P5_01_02_03_EUR3;2024-01-10 16:34:00;2024-01-10 16:37:00;TT;SELL;1;0.1;16711.059;16721.059;16677.72566666667;16721.059;SL;-0.9;2.5
P6_01_02_03_04_EUR2;2024-01-10 16:34:00;2024-01-10 16:37:00;TT;SELL;1;0.1;16711.059;16719.059;16688.83677777778;16719.059;SL;-0.72;2.5
P7_01_02_03_04_EUR3;2024-01-10 16:34:00;2024-01-10 16:37:00;TT;SELL;1;0.1;16711.059;16721.059;16677.72566666667;16721.059;SL;-0.9;2.5
P8_01_02_03_04_EUR5;2024-01-10 16:34:00;2024-01-10 16:37:00;TT;SELL;1;0.1;16711.059;16721.059;16655.503444444446;16721.059;SL;-0.9;2.5
P1_FIXED_01;2024-01-10 16:37:00;2024-01-10 16:38:00;TT;BUY;1;0.1;16719.639;16714.639;16731.639;16714.639;SL;-0.45;2.5
P2_01_02_EUR1;2024-01-10 16:37:00;2024-01-10 16:38:00;TT;BUY;1;0.1;16719.639;16713.639;16731.639;16713.639;SL;-0.54;2.5
P3_01_02_03_EUR1;2024-01-10 16:37:00;2024-01-10 16:38:00;TT;BUY;2;0.2;16719.639;16713.639;16733.639;16713.639;SL;-1.08;2.5
P4_01_02_03_EUR2;2024-01-10 16:37:00;2024-01-10 16:47:00;TT;BUY;2;0.2;16719.639;16711.639;16735.639;16728.539;TIME;1.6;2.5
P5_01_02_03_EUR3;2024-01-10 16:37:00;2024-01-10 16:47:00;TT;BUY;2;0.2;16719.639;16709.639;16741.305666666667;16728.539;TIME;1.6;2.5
P6_01_02_03_04_EUR2;2024-01-10 16:37:00;2024-01-10 16:47:00;TT;BUY;2;0.2;16719.639;16711.639;16737.639;16728.539;TIME;1.6;2.5
P7_01_02_03_04_EUR3;2024-01-10 16:37:00;2024-01-10 16:47:00;TT;BUY;2;0.2;16719.639;16709.639;16741.639;16728.539;TIME;1.6;2.5
P8_01_02_03_04_EUR5;2024-01-10 16:37:00;2024-01-10 16:47:00;TT;BUY;2;0.2;16719.639;16709.639;16752.416777777777;16728.539;TIME;1.6;2.5
P1_FIXED_01;2024-01-10 16:42:00;2024-01-10 16:49:00;TT;BUY;1;0.1;16729.859;16724.859;16741.859;16724.859;SL;-0.45;2.5
P2_01_02_EUR1;2024-01-10 16:42:00;2024-01-10 16:49:00;TT;BUY;2;0.2;16729.859;16723.859;16741.859;16723.859;SL;-1.08;2.5
P3_01_02_03_EUR1;2024-01-10 16:42:00;2024-01-10 16:49:00;TT;BUY;3;0.3;16729.859;16723.859;16743.859;16723.859;SL;-1.62;2.5
P1_FIXED_01;2024-01-10 16:49:00;2024-01-10 16:53:00;TT;SELL;1;0.1;16723.839;16728.839;16711.839;16711.839;TP;1.08;2.5
P2_01_02_EUR1;2024-01-10 16:49:00;2024-01-10 16:53:00;TT;SELL;1;0.1;16723.839;16729.839;16711.839;16711.839;TP;1.08;2.5
P3_01_02_03_EUR1;2024-01-10 16:49:00;2024-01-10 16:53:00;TT;SELL;1;0.1;16723.839;16729.839;16709.839;16709.839;TP;1.26;2.5
P1_FIXED_01;2024-01-10 16:53:00;2024-01-10 16:54:00;FT;BUY;1;0.1;16714.069;16709.069;16726.069;16709.069;SL;-0.45;2.5
P1_FIXED_01;2024-01-10 16:56:00;2024-01-10 16:57:00;FT;SELL;1;0.1;16721.019;16726.019;16709.019;16726.019;SL;-0.45;2.5
P2_01_02_EUR1;2024-01-10 16:53:00;2024-01-10 16:57:00;FT;BUY;1;0.1;16714.069;16708.069;16726.069;16726.069;TP;1.08;2.5
P3_01_02_03_EUR1;2024-01-10 16:53:00;2024-01-10 16:58:00;FT;BUY;1;0.1;16714.069;16708.069;16728.069;16728.069;TP;1.26;2.5
P4_01_02_03_EUR2;2024-01-10 16:49:00;2024-01-10 16:58:00;TT;SELL;1;0.1;16723.839;16731.839;16701.616777777777;16731.839;SL;-0.72;2.5
P6_01_02_03_04_EUR2;2024-01-10 16:49:00;2024-01-10 16:58:00;TT;SELL;1;0.1;16723.839;16731.839;16701.616777777777;16731.839;SL;-0.72;2.5
P5_01_02_03_EUR3;2024-01-10 16:49:00;2024-01-10 16:59:00;TT;SELL;1;0.1;16723.839;16733.839;16690.505666666668;16733.839;SL;-0.9;2.5
P7_01_02_03_04_EUR3;2024-01-10 16:49:00;2024-01-10 16:59:00;TT;SELL;1;0.1;16723.839;16733.839;16690.505666666668;16733.839;SL;-0.9;2.5
P8_01_02_03_04_EUR5;2024-01-10 16:49:00;2024-01-10 16:59:00;TT;SELL;1;0.1;16723.839;16733.839;16668.283444444445;16733.839;SL;-0.9;2.5
P1_FIXED_01;2024-01-10 16:57:00;2024-01-10 17:00:00;TT;BUY;1;0.1;16729.419;16724.419;16741.419;16724.419;SL;-0.45;2.5
P2_01_02_EUR1;2024-01-10 16:57:00;2024-01-10 17:00:00;TT;BUY;1;0.1;16729.419;16723.419;16741.419;16723.419;SL;-0.54;2.5
P1_FIXED_01;2024-01-10 17:02:00;2024-01-10 17:04:00;TT;SELL;1;0.1;16724.019;16729.019;16712.019;16729.019;SL;-0.45;2.5
P2_01_02_EUR1;2024-01-10 17:02:00;2024-01-10 17:04:00;TT;SELL;2;0.2;16724.019;16730.019;16712.019;16730.019;SL;-1.08;2.5
P3_01_02_03_EUR1;2024-01-10 17:02:00;2024-01-10 17:04:00;TT;SELL;1;0.1;16724.019;16730.019;16710.019;16730.019;SL;-0.54;2.5
P4_01_02_03_EUR2;2024-01-10 17:02:00;2024-01-10 17:08:00;TT;SELL;2;0.2;16724.019;16732.019;16708.019;16732.019;SL;-1.44;2.5
P6_01_02_03_04_EUR2;2024-01-10 17:02:00;2024-01-10 17:08:00;TT;SELL;2;0.2;16724.019;16732.019;16706.019;16732.019;SL;-1.44;2.5
P5_01_02_03_EUR3;2024-01-10 17:02:00;2024-01-10 17:10:00;TT;SELL;2;0.2;16724.019;16734.019;16702.352333333332;16734.019;SL;-1.8;2.5
P7_01_02_03_04_EUR3;2024-01-10 17:02:00;2024-01-10 17:10:00;TT;SELL;2;0.2;16724.019;16734.019;16702.019;16734.019;SL;-1.8;2.5
P8_01_02_03_04_EUR5;2024-01-10 17:02:00;2024-01-10 17:10:00;TT;SELL;2;0.2;16724.019;16734.019;16691.241222222223;16734.019;SL;-1.8;2.5
P1_FIXED_01;2024-01-10 17:30:00;2024-01-10 17:31:00;FT;SELL;1;0.1;16738.159;16743.159;16726.159;16743.159;SL;-0.45;2.5
P2_01_02_EUR1;2024-01-10 17:30:00;2024-01-10 17:31:00;FT;SELL;1;0.1;16738.159;16744.159;16726.159;16744.159;SL;-0.54;2.5
P3_01_02_03_EUR1;2024-01-10 17:30:00;2024-01-10 17:31:00;FT;SELL;2;0.2;16738.159;16744.159;16724.159;16744.159;SL;-1.08;2.5
P4_01_02_03_EUR2;2024-01-10 17:30:00;2024-01-10 17:31:00;FT;SELL;3;0.3;16738.159;16746.159;16722.159;16746.159;SL;-2.16;2.5
P6_01_02_03_04_EUR2;2024-01-10 17:30:00;2024-01-10 17:31:00;FT;SELL;3;0.3;16738.159;16746.159;16720.159;16746.159;SL;-2.16;2.5
P1_FIXED_01;2024-01-10 17:31:00;2024-01-10 17:34:00;TT;BUY;1;0.1;16744.029;16739.029;16756.029;16739.029;SL;-0.45;2.5
P2_01_02_EUR1;2024-01-10 17:31:00;2024-01-10 17:34:00;TT;BUY;2;0.2;16744.029;16738.029;16756.029;16738.029;SL;-1.08;2.5
P3_01_02_03_EUR1;2024-01-10 17:31:00;2024-01-10 17:34:00;TT;BUY;3;0.3;16744.029;16738.029;16758.029;16738.029;SL;-1.62;2.5
P5_01_02_03_EUR3;2024-01-10 17:30:00;2024-01-10 17:40:00;FT;SELL;3;0.3;16738.159;16748.159;16717.04788888889;16748.159;SL;-2.7;2.5
P7_01_02_03_04_EUR3;2024-01-10 17:30:00;2024-01-10 17:40:00;FT;SELL;3;0.3;16738.159;16748.159;16716.159;16748.159;SL;-2.7;2.5
P8_01_02_03_04_EUR5;2024-01-10 17:30:00;2024-01-10 17:40:00;FT;SELL;3;0.3;16738.159;16748.159;16709.64048148148;16748.159;SL;-2.7;2.5
P4_01_02_03_EUR2;2024-01-10 17:31:00;2024-01-10 17:41:00;TT;BUY;1;0.1;16744.029;16736.029;16766.25122222222;16749.629;TIME;0.5;2.5
P6_01_02_03_04_EUR2;2024-01-10 17:31:00;2024-01-10 17:41:00;TT;BUY;4;0.4;16744.029;16736.029;16762.029;16749.629;TIME;2.02;2.5
P1_FIXED_01;2024-01-10 17:40:00;2024-01-10 17:42:00;TT;BUY;1;0.1;16752.779;16747.779;16764.779;16747.779;SL;-0.45;2.5
P2_01_02_EUR1;2024-01-10 17:40:00;2024-01-10 17:42:00;TT;BUY;1;0.1;16752.779;16746.779;16764.779;16746.779;SL;-0.54;2.5
P3_01_02_03_EUR1;2024-01-10 17:40:00;2024-01-10 17:42:00;TT;BUY;1;0.1;16752.779;16746.779;16766.779;16746.779;SL;-0.54;2.5
P5_01_02_03_EUR3;2024-01-10 17:40:00;2024-01-10 17:42:00;TT;BUY;1;0.1;16752.779;16742.779;16786.11233333333;16742.779;SL;-0.9;2.5
P7_01_02_03_04_EUR3;2024-01-10 17:40:00;2024-01-10 17:42:00;TT;BUY;4;0.4;16752.779;16742.779;16776.11233333333;16742.779;SL;-3.6;2.5
P8_01_02_03_04_EUR5;2024-01-10 17:40:00;2024-01-10 17:42:00;TT;BUY;4;0.4;16752.779;16742.779;16781.66788888889;16742.779;SL;-3.6;2.5
P1_FIXED_01;2024-01-10 17:49:00;2024-01-10 17:59:00;TT;BUY;1;0.1;16753.339;16748.339;16765.339;16758.669;TIME;0.48;2.5
P2_01_02_EUR1;2024-01-10 17:49:00;2024-01-10 17:59:00;TT;BUY;2;0.2;16753.339;16747.339;16765.339;16758.669;TIME;0.96;2.5
P3_01_02_03_EUR1;2024-01-10 17:49:00;2024-01-10 17:59:00;TT;BUY;2;0.2;16753.339;16747.339;16767.339;16758.669;TIME;0.96;2.5
P4_01_02_03_EUR2;2024-01-10 17:49:00;2024-01-10 17:59:00;TT;BUY;1;0.1;16753.339;16745.339;16775.561222222223;16758.669;TIME;0.48;2.5
P5_01_02_03_EUR3;2024-01-10 17:49:00;2024-01-10 17:59:00;TT;BUY;2;0.2;16753.339;16743.339;16775.005666666668;16758.669;TIME;0.96;2.5
P6_01_02_03_04_EUR2;2024-01-10 17:49:00;2024-01-10 17:59:00;TT;BUY;1;0.1;16753.339;16745.339;16775.561222222223;16758.669;TIME;0.48;2.5
P7_01_02_03_04_EUR3;2024-01-10 17:49:00;2024-01-10 17:59:00;TT;BUY;1;0.1;16753.339;16743.339;16786.672333333332;16758.669;TIME;0.48;2.5
P8_01_02_03_04_EUR5;2024-01-10 17:49:00;2024-01-10 17:59:00;TT;BUY;1;0.1;16753.339;16743.339;16808.894555555555;16758.669;TIME;0.48;2.5
P1_FIXED_01;2024-01-10 17:59:00;2024-01-10 18:01:00;TT;BUY;1;0.1;16761.219;16756.219;16773.219;16756.219;SL;-0.45;2.5
P2_01_02_EUR1;2024-01-10 17:59:00;2024-01-10 18:01:00;TT;BUY;1;0.1;16761.219;16755.219;16773.219;16755.219;SL;-0.54;2.5
P3_01_02_03_EUR1;2024-01-10 17:59:00;2024-01-10 18:01:00;TT;BUY;1;0.1;16761.219;16755.219;16775.219;16755.219;SL;-0.54;2.5
P4_01_02_03_EUR2;2024-01-10 17:59:00;2024-01-10 18:01:00;TT;BUY;1;0.1;16761.219;16753.219;16783.441222222224;16753.219;SL;-0.72;2.5
P5_01_02_03_EUR3;2024-01-10 17:59:00;2024-01-10 18:01:00;TT;BUY;1;0.1;16761.219;16751.219;16794.552333333333;16751.219;SL;-0.9;2.5
P6_01_02_03_04_EUR2;2024-01-10 17:59:00;2024-01-10 18:01:00;TT;BUY;1;0.1;16761.219;16753.219;16783.441222222224;16753.219;SL;-0.72;2.5
P7_01_02_03_04_EUR3;2024-01-10 17:59:00;2024-01-10 18:01:00;TT;BUY;1;0.1;16761.219;16751.219;16794.552333333333;16751.219;SL;-0.9;2.5
P8_01_02_03_04_EUR5;2024-01-10 17:59:00;2024-01-10 18:01:00;TT;BUY;1;0.1;16761.219;16751.219;16816.774555555556;16751.219;SL;-0.9;2.5
P1_FIXED_01;2024-01-10 18:05:00;2024-01-10 18:06:00;TT;BUY;1;0.1;16776.569;16771.569;16788.569;16771.569;SL;-0.45;2.5
P2_01_02_EUR1;2024-01-10 18:05:00;2024-01-10 18:06:00;TT;BUY;2;0.2;16776.569;16770.569;16788.569;16770.569;SL;-1.08;2.5
P3_01_02_03_EUR1;2024-01-10 18:05:00;2024-01-10 18:06:00;TT;BUY;2;0.2;16776.569;16770.569;16790.569;16770.569;SL;-1.08;2.5
P4_01_02_03_EUR2;2024-01-10 18:05:00;2024-01-10 18:06:00;TT;BUY;2;0.2;16776.569;16768.569;16792.569;16768.569;SL;-1.44;2.5
P5_01_02_03_EUR3;2024-01-10 18:05:00;2024-01-10 18:06:00;TT;BUY;2;0.2;16776.569;16766.569;16798.235666666667;16766.569;SL;-1.8;2.5
P6_01_02_03_04_EUR2;2024-01-10 18:05:00;2024-01-10 18:06:00;TT;BUY;2;0.2;16776.569;16768.569;16794.569;16768.569;SL;-1.44;2.5
P7_01_02_03_04_EUR3;2024-01-10 18:05:00;2024-01-10 18:06:00;TT;BUY;2;0.2;16776.569;16766.569;16798.569;16766.569;SL;-1.8;2.5
P8_01_02_03_04_EUR5;2024-01-10 18:05:00;2024-01-10 18:06:00;TT;BUY;2;0.2;16776.569;16766.569;16809.346777777777;16766.569;SL;-1.8;2.5
P1_FIXED_01;2024-01-10 18:11:00;2024-01-10 18:12:00;TT;SELL;1;0.1;16745.239;16750.239;16733.239;16750.239;SL;-0.45;2.5
P2_01_02_EUR1;2024-01-10 18:11:00;2024-01-10 18:12:00;TT;SELL;1;0.1;16745.239;16751.239;16733.239;16751.239;SL;-0.54;2.5
P3_01_02_03_EUR1;2024-01-10 18:11:00;2024-01-10 18:12:00;TT;SELL;3;0.3;16745.239;16751.239;16731.239;16751.239;SL;-1.62;2.5
P4_01_02_03_EUR2;2024-01-10 18:11:00;2024-01-10 18:14:00;TT;SELL;3;0.3;16745.239;16753.239;16729.239;16753.239;SL;-2.16;2.5
P5_01_02_03_EUR3;2024-01-10 18:11:00;2024-01-10 18:14:00;TT;SELL;3;0.3;16745.239;16755.239;16724.127888888892;16755.239;SL;-2.7;2.5
P6_01_02_03_04_EUR2;2024-01-10 18:11:00;2024-01-10 18:14:00;TT;SELL;3;0.3;16745.239;16753.239;16727.239;16753.239;SL;-2.16;2.5
P7_01_02_03_04_EUR3;2024-01-10 18:11:00;2024-01-10 18:14:00;TT;SELL;3;0.3;16745.239;16755.239;16723.239;16755.239;SL;-2.7;2.5
P8_01_02_03_04_EUR5;2024-01-10 18:11:00;2024-01-10 18:14:00;TT;SELL;3;0.3;16745.239;16755.239;16716.720481481483;16755.239;SL;-2.7;2.5
P1_FIXED_01;2024-01-10 18:22:00;2024-01-10 18:23:00;TT;SELL;1;0.1;16746.629;16751.629;16734.629;16751.629;SL;-0.45;2.5
P2_01_02_EUR1;2024-01-10 18:22:00;2024-01-10 18:23:00;TT;SELL;2;0.2;16746.629;16752.629;16734.629;16752.629;SL;-1.08;2.5
P3_01_02_03_EUR1;2024-01-10 18:22:00;2024-01-10 18:23:00;TT;SELL;1;0.1;16746.629;16752.629;16732.629;16752.629;SL;-0.54;2.5
P4_01_02_03_EUR2;2024-01-10 18:22:00;2024-01-10 18:24:00;TT;SELL;1;0.1;16746.629;16754.629;16724.40677777778;16754.629;SL;-0.72;2.5
P6_01_02_03_04_EUR2;2024-01-10 18:22:00;2024-01-10 18:24:00;TT;SELL;4;0.4;16746.629;16754.629;16728.629;16754.629;SL;-2.88;2.5
P5_01_02_03_EUR3;2024-01-10 18:22:00;2024-01-10 18:25:00;TT;SELL;1;0.1;16746.629;16756.629;16713.29566666667;16756.629;SL;-0.9;2.5
P7_01_02_03_04_EUR3;2024-01-10 18:22:00;2024-01-10 18:25:00;TT;SELL;4;0.4;16746.629;16756.629;16723.29566666667;16756.629;SL;-3.6;2.5
P8_01_02_03_04_EUR5;2024-01-10 18:22:00;2024-01-10 18:25:00;TT;SELL;4;0.4;16746.629;16756.629;16717.74011111111;16756.629;SL;-3.6;2.5
P1_FIXED_01;2024-01-10 18:25:00;2024-01-10 18:28:00;TT;BUY;1;0.1;16759.019;16754.019;16771.019;16754.019;SL;-0.45;2.5
P2_01_02_EUR1;2024-01-10 18:25:00;2024-01-10 18:28:00;TT;BUY;1;0.1;16759.019;16753.019;16771.019;16753.019;SL;-0.54;2.5
P3_01_02_03_EUR1;2024-01-10 18:25:00;2024-01-10 18:28:00;TT;BUY;2;0.2;16759.019;16753.019;16773.019;16753.019;SL;-1.08;2.5
P4_01_02_03_EUR2;2024-01-10 18:25:00;2024-01-10 18:30:00;TT;BUY;2;0.2;16759.019;16751.019;16775.019;16751.019;SL;-1.44;2.5
P5_01_02_03_EUR3;2024-01-10 18:25:00;2024-01-10 18:30:00;TT;BUY;2;0.2;16759.019;16749.019;16780.685666666668;16752.059;SESSION_END;-1.25;2.5
P6_01_02_03_04_EUR2;2024-01-10 18:25:00;2024-01-10 18:30:00;TT;BUY;1;0.1;16759.019;16751.019;16781.241222222223;16751.019;SL;-0.72;2.5
P7_01_02_03_04_EUR3;2024-01-10 18:25:00;2024-01-10 18:30:00;TT;BUY;1;0.1;16759.019;16749.019;16792.352333333332;16752.059;SESSION_END;-0.63;2.5
P8_01_02_03_04_EUR5;2024-01-10 18:25:00;2024-01-10 18:30:00;TT;BUY;1;0.1;16759.019;16749.019;16814.574555555555;16752.059;SESSION_END;-0.63;2.5
P1_FIXED_01;2024-01-11 16:38:00;2024-01-11 16:39:00;TT;BUY;1;0.1;16665.809;16660.809;16677.809;16660.809;SL;-0.45;2.5
P2_01_02_EUR1;2024-01-11 16:38:00;2024-01-11 16:39:00;TT;BUY;2;0.2;16665.809;16659.809;16677.809;16659.809;SL;-1.08;2.5
P3_01_02_03_EUR1;2024-01-11 16:38:00;2024-01-11 16:39:00;TT;BUY;3;0.3;16665.809;16659.809;16679.809;16659.809;SL;-1.62;2.5
P4_01_02_03_EUR2;2024-01-11 16:38:00;2024-01-11 16:39:00;TT;BUY;3;0.3;16665.809;16657.809;16681.809;16657.809;SL;-2.16;2.5
P5_01_02_03_EUR3;2024-01-11 16:38:00;2024-01-11 16:39:00;TT;BUY;3;0.3;16665.809;16655.809;16685.809;16655.809;SL;-2.7;2.5
P6_01_02_03_04_EUR2;2024-01-11 16:38:00;2024-01-11 16:39:00;TT;BUY;2;0.2;16665.809;16657.809;16683.809;16657.809;SL;-1.44;2.5
P7_01_02_03_04_EUR3;2024-01-11 16:38:00;2024-01-11 16:39:00;TT;BUY;2;0.2;16665.809;16655.809;16687.809;16655.809;SL;-1.8;2.5
P8_01_02_03_04_EUR5;2024-01-11 16:38:00;2024-01-11 16:39:00;TT;BUY;2;0.2;16665.809;16655.809;16697.066777777778;16655.809;SL;-1.8;2.5
P1_FIXED_01;2024-01-11 16:45:00;2024-01-11 16:46:00;TT;SELL;1;0.1;16629.159;16634.159;16617.159;16634.159;SL;-0.45;2.5
P2_01_02_EUR1;2024-01-11 16:45:00;2024-01-11 16:46:00;TT;SELL;1;0.1;16629.159;16635.159;16617.159;16635.159;SL;-0.54;2.5
P3_01_02_03_EUR1;2024-01-11 16:45:00;2024-01-11 16:46:00;TT;SELL;1;0.1;16629.159;16635.159;16615.159;16635.159;SL;-0.54;2.5
P1_FIXED_01;2024-01-11 16:46:00;2024-01-11 16:47:00;TT;SELL;1;0.1;16618.289;16623.289;16606.289;16623.289;SL;-0.45;2.5
P2_01_02_EUR1;2024-01-11 16:46:00;2024-01-11 16:47:00;TT;SELL;2;0.2;16618.289;16624.289;16606.289;16624.289;SL;-1.08;2.5
P3_01_02_03_EUR1;2024-01-11 16:46:00;2024-01-11 16:47:00;TT;SELL;2;0.2;16618.289;16624.289;16604.289;16624.289;SL;-1.08;2.5
P4_01_02_03_EUR2;2024-01-11 16:45:00;2024-01-11 16:47:00;TT;SELL;1;0.1;16629.159;16637.159;16606.936777777777;16637.159;SL;-0.72;2.5
P6_01_02_03_04_EUR2;2024-01-11 16:45:00;2024-01-11 16:47:00;TT;SELL;3;0.3;16629.159;16637.159;16611.159;16637.159;SL;-2.16;2.5
P5_01_02_03_EUR3;2024-01-11 16:45:00;2024-01-11 16:48:00;TT;SELL;1;0.1;16629.159;16639.159;16595.825666666668;16639.159;SL;-0.9;2.5
P7_01_02_03_04_EUR3;2024-01-11 16:45:00;2024-01-11 16:48:00;TT;SELL;3;0.3;16629.159;16639.159;16607.159;16639.159;SL;-2.7;2.5
P8_01_02_03_04_EUR5;2024-01-11 16:45:00;2024-01-11 16:48:00;TT;SELL;3;0.3;16629.159;16639.159;16601.653814814814;16639.159;SL;-2.7;2.5
P1_FIXED_01;2024-01-11 16:53:00;2024-01-11 16:54:00;FT;BUY;1;0.1;16645.169;16640.169;16657.169;16640.169;SL;-0.45;2.5
P2_01_02_EUR1;2024-01-11 16:53:00;2024-01-11 16:54:00;FT;BUY;1;0.1;16645.169;16639.169;16657.169;16639.169;SL;-0.54;2.5
P3_01_02_03_EUR1;2024-01-11 16:53:00;2024-01-11 16:54:00;FT;BUY;3;0.3;16645.169;16639.169;16659.169;16639.169;SL;-1.62;2.5
P4_01_02_03_EUR2;2024-01-11 16:53:00;2024-01-11 16:54:00;FT;BUY;2;0.2;16645.169;16637.169;16661.169;16637.169;SL;-1.44;2.5
P5_01_02_03_EUR3;2024-01-11 16:53:00;2024-01-11 16:54:00;FT;BUY;2;0.2;16645.169;16635.169;16666.83566666667;16635.169;SL;-1.8;2.5
P6_01_02_03_04_EUR2;2024-01-11 16:53:00;2024-01-11 16:54:00;FT;BUY;4;0.4;16645.169;16637.169;16663.169;16637.169;SL;-2.88;2.5
P7_01_02_03_04_EUR3;2024-01-11 16:53:00;2024-01-11 16:54:00;FT;BUY;4;0.4;16645.169;16635.169;16667.742333333335;16635.169;SL;-3.6;2.5
P8_01_02_03_04_EUR5;2024-01-11 16:53:00;2024-01-11 16:54:00;FT;BUY;4;0.4;16645.169;16635.169;16673.29788888889;16635.169;SL;-3.6;2.5
P1_FIXED_01;2024-01-11 16:54:00;2024-01-11 16:55:00;TT;SELL;1;0.1;16631.259;16636.259;16619.259;16636.259;SL;-0.45;2.5
P2_01_02_EUR1;2024-01-11 16:54:00;2024-01-11 16:55:00;TT;SELL;2;0.2;16631.259;16637.259;16619.259;16637.259;SL;-1.08;2.5
P3_01_02_03_EUR1;2024-01-11 16:54:00;2024-01-11 16:55:00;TT;SELL;1;0.1;16631.259;16637.259;16617.259;16637.259;SL;-0.54;2.5
P4_01_02_03_EUR2;2024-01-11 16:54:00;2024-01-11 16:55:00;TT;SELL;3;0.3;16631.259;16639.259;16615.259;16639.259;SL;-2.16;2.5
P5_01_02_03_EUR3;2024-01-11 16:54:00;2024-01-11 16:55:00;TT;SELL;3;0.3;16631.259;16641.259;16610.14788888889;16641.259;SL;-2.7;2.5
P6_01_02_03_04_EUR2;2024-01-11 16:54:00;2024-01-11 16:55:00;TT;SELL;1;0.1;16631.259;16639.259;16609.036777777776;16639.259;SL;-0.72;2.5
P7_01_02_03_04_EUR3;2024-01-11 16:54:00;2024-01-11 16:55:00;TT;SELL;1;0.1;16631.259;16641.259;16597.925666666666;16641.259;SL;-0.9;2.5
P8_01_02_03_04_EUR5;2024-01-11 16:54:00;2024-01-11 16:55:00;TT;SELL;1;0.1;16631.259;16641.259;16575.703444444443;16641.259;SL;-0.9;2.5
P1_FIXED_01;2024-01-11 17:05:00;2024-01-11 17:06:00;FT;SELL;1;0.1;16653.309;16658.309;16641.309;16658.309;SL;-0.45;2.5
P2_01_02_EUR1;2024-01-11 17:05:00;2024-01-11 17:06:00;FT;SELL;1;0.1;16653.309;16659.309;16641.309;16659.309;SL;-0.54;2.5
P3_01_02_03_EUR1;2024-01-11 17:05:00;2024-01-11 17:06:00;FT;SELL;2;0.2;16653.309;16659.309;16639.309;16659.309;SL;-1.08;2.5
P4_01_02_03_EUR2;2024-01-11 17:05:00;2024-01-11 17:06:00;FT;SELL;1;0.1;16653.309;16661.309;16631.08677777778;16661.309;SL;-0.72;2.5
P5_01_02_03_EUR3;2024-01-11 17:05:00;2024-01-11 17:06:00;FT;SELL;1;0.1;16653.309;16663.309;16619.97566666667;16663.309;SL;-0.9;2.5
P6_01_02_03_04_EUR2;2024-01-11 17:05:00;2024-01-11 17:06:00;FT;SELL;2;0.2;16653.309;16661.309;16635.309;16661.309;SL;-1.44;2.5
P7_01_02_03_04_EUR3;2024-01-11 17:05:00;2024-01-11 17:06:00;FT;SELL;2;0.2;16653.309;16663.309;16631.309;16663.309;SL;-1.8;2.5
P8_01_02_03_04_EUR5;2024-01-11 17:05:00;2024-01-11 17:06:00;FT;SELL;2;0.2;16653.309;16663.309;16620.531222222224;16663.309;SL;-1.8;2.5
P1_FIXED_01;2024-01-11 17:06:00;2024-01-11 17:07:00;TT;BUY;1;0.1;16659.779;16654.779;16671.779;16654.779;SL;-0.45;2.5
P2_01_02_EUR1;2024-01-11 17:06:00;2024-01-11 17:07:00;TT;BUY;2;0.2;16659.779;16653.779;16671.779;16653.779;SL;-1.08;2.5
P3_01_02_03_EUR1;2024-01-11 17:06:00;2024-01-11 17:07:00;TT;BUY;3;0.3;16659.779;16653.779;16673.779;16653.779;SL;-1.62;2.5
P4_01_02_03_EUR2;2024-01-11 17:06:00;2024-01-11 17:07:00;TT;BUY;2;0.2;16659.779;16651.779;16675.779;16651.779;SL;-1.44;2.5
P5_01_02_03_EUR3;2024-01-11 17:06:00;2024-01-11 17:07:00;TT;BUY;2;0.2;16659.779;16649.779;16681.445666666667;16649.779;SL;-1.8;2.5
P6_01_02_03_04_EUR2;2024-01-11 17:06:00;2024-01-11 17:07:00;TT;BUY;3;0.3;16659.779;16651.779;16677.779;16651.779;SL;-2.16;2.5
P7_01_02_03_04_EUR3;2024-01-11 17:06:00;2024-01-11 17:07:00;TT;BUY;3;0.3;16659.779;16649.779;16681.779;16649.779;SL;-2.7;2.5
P8_01_02_03_04_EUR5;2024-01-11 17:06:00;2024-01-11 17:07:00;TT;BUY;3;0.3;16659.779;16649.779;16688.297518518517;16649.779;SL;-2.7;2.5
P1_FIXED_01;2024-01-11 18:04:00;2024-01-11 18:05:00;FT;SELL;1;0.1;16720.279;16725.279;16708.279;16725.279;SL;-0.45;2.5
P2_01_02_EUR1;2024-01-11 18:04:00;2024-01-11 18:05:00;FT;SELL;1;0.1;16720.279;16726.279;16708.279;16726.279;SL;-0.54;2.5
P3_01_02_03_EUR1;2024-01-11 18:04:00;2024-01-11 18:05:00;FT;SELL;1;0.1;16720.279;16726.279;16706.279;16726.279;SL;-0.54;2.5
P4_01_02_03_EUR2;2024-01-11 18:04:00;2024-01-11 18:05:00;FT;SELL;3;0.3;16720.279;16728.279;16704.279;16728.279;SL;-2.16;2.5
P6_01_02_03_04_EUR2;2024-01-11 18:04:00;2024-01-11 18:05:00;FT;SELL;4;0.4;16720.279;16728.279;16702.279;16728.279;SL;-2.88;2.5
P1_FIXED_01;2024-01-11 18:05:00;2024-01-11 18:06:00;TT;BUY;1;0.1;16727.609;16722.609;16739.609;16722.609;SL;-0.45;2.5
P2_01_02_EUR1;2024-01-11 18:05:00;2024-01-11 18:06:00;TT;BUY;2;0.2;16727.609;16721.609;16739.609;16721.609;SL;-1.08;2.5
P3_01_02_03_EUR1;2024-01-11 18:05:00;2024-01-11 18:06:00;TT;BUY;2;0.2;16727.609;16721.609;16741.609;16721.609;SL;-1.08;2.5
P5_01_02_03_EUR3;2024-01-11 18:04:00;2024-01-11 18:06:00;FT;SELL;3;0.3;16720.279;16730.279;16699.16788888889;16730.279;SL;-2.7;2.5
P7_01_02_03_04_EUR3;2024-01-11 18:04:00;2024-01-11 18:06:00;FT;SELL;4;0.4;16720.279;16730.279;16696.945666666667;16730.279;SL;-3.6;2.5
P8_01_02_03_04_EUR5;2024-01-11 18:04:00;2024-01-11 18:06:00;FT;SELL;4;0.4;16720.279;16730.279;16691.390111111108;16730.279;SL;-3.6;2.5
P1_FIXED_01;2024-01-11 18:06:00;2024-01-11 18:07:00;TT;BUY;1;0.1;16735.699;16730.699;16747.699;16730.699;SL;-0.45;2.5
P2_01_02_EUR1;2024-01-11 18:06:00;2024-01-11 18:07:00;TT;BUY;1;0.1;16735.699;16729.699;16747.699;16729.699;SL;-0.54;2.5
P3_01_02_03_EUR1;2024-01-11 18:06:00;2024-01-11 18:07:00;TT;BUY;3;0.3;16735.699;16729.699;16749.699;16729.699;SL;-1.62;2.5
P4_01_02_03_EUR2;2024-01-11 18:05:00;2024-01-11 18:08:00;TT;BUY;1;0.1;16727.609;16719.609;16749.831222222223;16719.609;SL;-0.72;2.5
P5_01_02_03_EUR3;2024-01-11 18:06:00;2024-01-11 18:08:00;TT;BUY;1;0.1;16735.699;16725.699;16769.032333333333;16725.699;SL;-0.9;2.5
P6_01_02_03_04_EUR2;2024-01-11 18:05:00;2024-01-11 18:08:00;TT;BUY;1;0.1;16727.609;16719.609;16749.831222222223;16719.609;SL;-0.72;2.5
P7_01_02_03_04_EUR3;2024-01-11 18:06:00;2024-01-11 18:08:00;TT;BUY;1;0.1;16735.699;16725.699;16769.032333333333;16725.699;SL;-0.9;2.5
P8_01_02_03_04_EUR5;2024-01-11 18:06:00;2024-01-11 18:08:00;TT;BUY;1;0.1;16735.699;16725.699;16791.254555555555;16725.699;SL;-0.9;2.5
P1_FIXED_01;2024-01-11 18:09:00;2024-01-11 18:10:00;FT;BUY;1;0.1;16721.629;16716.629;16733.629;16716.629;SL;-0.45;2.5
P2_01_02_EUR1;2024-01-11 18:09:00;2024-01-11 18:13:00;FT;BUY;2;0.2;16721.629;16715.629;16733.629;16733.629;TP;2.16;2.5
P3_01_02_03_EUR1;2024-01-11 18:09:00;2024-01-11 18:13:00;FT;BUY;1;0.1;16721.629;16715.629;16735.629;16735.629;TP;1.26;2.5
P4_01_02_03_EUR2;2024-01-11 18:09:00;2024-01-11 18:15:00;FT;BUY;2;0.2;16721.629;16713.629;16737.629;16737.629;TP;2.88;2.5
P5_01_02_03_EUR3;2024-01-11 18:09:00;2024-01-11 18:16:00;FT;BUY;2;0.2;16721.629;16711.629;16743.29566666667;16743.29566666667;TP;3.9;2.5
P6_01_02_03_04_EUR2;2024-01-11 18:09:00;2024-01-11 18:16:00;FT;BUY;2;0.2;16721.629;16713.629;16739.629;16739.629;TP;3.24;2.5
P7_01_02_03_04_EUR3;2024-01-11 18:09:00;2024-01-11 18:16:00;FT;BUY;2;0.2;16721.629;16711.629;16743.629;16743.629;TP;3.96;2.5
P1_FIXED_01;2024-01-11 18:16:00;2024-01-11 18:17:00;TT;BUY;1;0.1;16749.029;16744.029;16761.029;16744.029;SL;-0.45;2.5
P2_01_02_EUR1;2024-01-11 18:16:00;2024-01-11 18:17:00;TT;BUY;1;0.1;16749.029;16743.029;16761.029;16743.029;SL;-0.54;2.5
P3_01_02_03_EUR1;2024-01-11 18:16:00;2024-01-11 18:17:00;TT;BUY;1;0.1;16749.029;16743.029;16763.029;16743.029;SL;-0.54;2.5
P4_01_02_03_EUR2;2024-01-11 18:16:00;2024-01-11 18:19:00;TT;BUY;1;0.1;16749.029;16741.029;16771.25122222222;16741.029;SL;-0.72;2.5
P6_01_02_03_04_EUR2;2024-01-11 18:16:00;2024-01-11 18:19:00;TT;BUY;1;0.1;16749.029;16741.029;16771.25122222222;16741.029;SL;-0.72;2.5
P8_01_02_03_04_EUR5;2024-01-11 18:09:00;2024-01-11 18:19:00;FT;BUY;2;0.2;16721.629;16711.629;16754.40677777778;16741.789;TIME;3.63;2.5
P5_01_02_03_EUR3;2024-01-11 18:16:00;2024-01-11 18:20:00;TT;BUY;1;0.1;16749.029;16739.029;16782.36233333333;16739.029;SL;-0.9;2.5
P7_01_02_03_04_EUR3;2024-01-11 18:16:00;2024-01-11 18:20:00;TT;BUY;1;0.1;16749.029;16739.029;16782.36233333333;16739.029;SL;-0.9;2.5
P1_FIXED_01;2024-01-11 18:22:00;2024-01-11 18:23:00;TT;BUY;1;0.1;16752.549;16747.549;16764.549;16747.549;SL;-0.45;2.5
P2_01_02_EUR1;2024-01-11 18:22:00;2024-01-11 18:23:00;TT;BUY;2;0.2;16752.549;16746.549;16764.549;16746.549;SL;-1.08;2.5
P3_01_02_03_EUR1;2024-01-11 18:22:00;2024-01-11 18:23:00;TT;BUY;2;0.2;16752.549;16746.549;16766.549;16746.549;SL;-1.08;2.5
P4_01_02_03_EUR2;2024-01-11 18:22:00;2024-01-11 18:23:00;TT;BUY;2;0.2;16752.549;16744.549;16768.549;16744.549;SL;-1.44;2.5
P6_01_02_03_04_EUR2;2024-01-11 18:22:00;2024-01-11 18:23:00;TT;BUY;2;0.2;16752.549;16744.549;16770.549;16744.549;SL;-1.44;2.5
P5_01_02_03_EUR3;2024-01-11 18:22:00;2024-01-11 18:24:00;TT;BUY;2;0.2;16752.549;16742.549;16774.215666666667;16742.549;SL;-1.8;2.5
P7_01_02_03_04_EUR3;2024-01-11 18:22:00;2024-01-11 18:24:00;TT;BUY;2;0.2;16752.549;16742.549;16774.549;16742.549;SL;-1.8;2.5
P8_01_02_03_04_EUR5;2024-01-11 18:22:00;2024-01-11 18:24:00;TT;BUY;1;0.1;16752.549;16742.549;16808.104555555554;16742.549;SL;-0.9;2.5
P1_FIXED_01;2024-01-12 16:30:00;2024-01-12 16:31:00;TT;SELL;1;0.1;16842.247;16847.247;16830.247;16847.247;SL;-0.45;2.5
P2_01_02_EUR1;2024-01-12 16:30:00;2024-01-12 16:31:00;TT;SELL;1;0.1;16842.247;16848.247;16830.247;16848.247;SL;-0.54;2.5
P3_01_02_03_EUR1;2024-01-12 16:30:00;2024-01-12 16:31:00;TT;SELL;3;0.3;16842.247;16848.247;16828.247;16848.247;SL;-1.62;2.5
P4_01_02_03_EUR2;2024-01-12 16:30:00;2024-01-12 16:31:00;TT;SELL;3;0.3;16842.247;16850.247;16826.247;16850.247;SL;-2.16;2.5
P6_01_02_03_04_EUR2;2024-01-12 16:30:00;2024-01-12 16:31:00;TT;SELL;3;0.3;16842.247;16850.247;16824.247;16850.247;SL;-2.16;2.5
P1_FIXED_01;2024-01-12 16:37:00;2024-01-12 16:38:00;TT;SELL;1;0.1;16824.069;16829.069;16812.069;16812.069;TP;1.08;2.5
P2_01_02_EUR1;2024-01-12 16:37:00;2024-01-12 16:38:00;TT;SELL;2;0.2;16824.069;16830.069;16812.069;16812.069;TP;2.16;2.5
P3_01_02_03_EUR1;2024-01-12 16:37:00;2024-01-12 16:38:00;TT;SELL;1;0.1;16824.069;16830.069;16810.069;16810.069;TP;1.26;2.5
P4_01_02_03_EUR2;2024-01-12 16:37:00;2024-01-12 16:38:00;TT;SELL;1;0.1;16824.069;16832.069;16801.846777777777;16801.846777777777;TP;2.0;2.5
P5_01_02_03_EUR3;2024-01-12 16:30:00;2024-01-12 16:38:00;TT;SELL;3;0.3;16842.247;16852.247;16821.13588888889;16821.13588888889;TP;5.7;2.5
P6_01_02_03_04_EUR2;2024-01-12 16:37:00;2024-01-12 16:38:00;TT;SELL;4;0.4;16824.069;16832.069;16806.069;16806.069;TP;6.48;2.5
P7_01_02_03_04_EUR3;2024-01-12 16:30:00;2024-01-12 16:38:00;TT;SELL;3;0.3;16842.247;16852.247;16820.247;16820.247;TP;5.94;2.5
P8_01_02_03_04_EUR5;2024-01-12 16:30:00;2024-01-12 16:38:00;TT;SELL;2;0.2;16842.247;16852.247;16809.469222222222;16809.469222222222;TP;5.9;2.5
P1_FIXED_01;2024-01-12 16:38:00;2024-01-12 16:39:00;TT;SELL;1;0.1;16799.667;16804.667;16787.667;16804.667;SL;-0.45;2.5
P2_01_02_EUR1;2024-01-12 16:38:00;2024-01-12 16:39:00;TT;SELL;1;0.1;16799.667;16805.667;16787.667;16805.667;SL;-0.54;2.5
P3_01_02_03_EUR1;2024-01-12 16:38:00;2024-01-12 16:39:00;TT;SELL;1;0.1;16799.667;16805.667;16785.667;16805.667;SL;-0.54;2.5
P4_01_02_03_EUR2;2024-01-12 16:38:00;2024-01-12 16:39:00;TT;SELL;1;0.1;16799.667;16807.667;16777.44477777778;16807.667;SL;-0.72;2.5
P6_01_02_03_04_EUR2;2024-01-12 16:38:00;2024-01-12 16:39:00;TT;SELL;1;0.1;16799.667;16807.667;16777.44477777778;16807.667;SL;-0.72;2.5
P1_FIXED_01;2024-01-12 16:39:00;2024-01-12 16:40:00;FT;BUY;1;0.1;16797.689;16792.689;16809.689;16792.689;SL;-0.45;2.5
P2_01_02_EUR1;2024-01-12 16:39:00;2024-01-12 16:40:00;FT;BUY;2;0.2;16797.689;16791.689;16809.689;16791.689;SL;-1.08;2.5
P3_01_02_03_EUR1;2024-01-12 16:39:00;2024-01-12 16:40:00;FT;BUY;2;0.2;16797.689;16791.689;16811.689;16791.689;SL;-1.08;2.5
P4_01_02_03_EUR2;2024-01-12 16:39:00;2024-01-12 16:40:00;FT;BUY;2;0.2;16797.689;16789.689;16813.689;16789.689;SL;-1.44;2.5
P5_01_02_03_EUR3;2024-01-12 16:38:00;2024-01-12 16:40:00;TT;SELL;1;0.1;16799.667;16809.667;16766.33366666667;16809.667;SL;-0.9;2.5
P6_01_02_03_04_EUR2;2024-01-12 16:39:00;2024-01-12 16:40:00;FT;BUY;2;0.2;16797.689;16789.689;16815.689;16789.689;SL;-1.44;2.5
P7_01_02_03_04_EUR3;2024-01-12 16:38:00;2024-01-12 16:40:00;TT;SELL;1;0.1;16799.667;16809.667;16766.33366666667;16809.667;SL;-0.9;2.5
P8_01_02_03_04_EUR5;2024-01-12 16:38:00;2024-01-12 16:40:00;TT;SELL;1;0.1;16799.667;16809.667;16744.111444444447;16809.667;SL;-0.9;2.5
P1_FIXED_01;2024-01-12 17:12:00;2024-01-12 17:14:00;TT;BUY;1;0.1;16800.079;16795.079;16812.079;16795.079;SL;-0.45;2.5
P2_01_02_EUR1;2024-01-12 17:12:00;2024-01-12 17:14:00;TT;BUY;1;0.1;16800.079;16794.079;16812.079;16794.079;SL;-0.54;2.5
P3_01_02_03_EUR1;2024-01-12 17:12:00;2024-01-12 17:14:00;TT;BUY;3;0.3;16800.079;16794.079;16814.079;16794.079;SL;-1.62;2.5
P4_01_02_03_EUR2;2024-01-12 17:12:00;2024-01-12 17:22:00;TT;BUY;3;0.3;16800.079;16792.079;16816.079;16816.079;TP;4.32;2.5
P5_01_02_03_EUR3;2024-01-12 17:12:00;2024-01-12 17:22:00;TT;BUY;2;0.2;16800.079;16790.079;16821.74566666667;16817.039;TIME;3.05;2.5
P6_01_02_03_04_EUR2;2024-01-12 17:12:00;2024-01-12 17:22:00;TT;BUY;3;0.3;16800.079;16792.079;16818.079;16818.079;TP;4.86;2.5
P7_01_02_03_04_EUR3;2024-01-12 17:12:00;2024-01-12 17:22:00;TT;BUY;2;0.2;16800.079;16790.079;16822.079;16817.039;TIME;3.05;2.5
P8_01_02_03_04_EUR5;2024-01-12 17:12:00;2024-01-12 17:22:00;TT;BUY;2;0.2;16800.079;16790.079;16832.85677777778;16817.039;TIME;3.05;2.5
P1_FIXED_01;2024-01-12 17:26:00;2024-01-12 17:27:00;TT;SELL;1;0.1;16791.599;16796.599;16779.599;16796.599;SL;-0.45;2.5
P2_01_02_EUR1;2024-01-12 17:26:00;2024-01-12 17:27:00;TT;SELL;2;0.2;16791.599;16797.599;16779.599;16797.599;SL;-1.08;2.5
P3_01_02_03_EUR1;2024-01-12 17:26:00;2024-01-12 17:27:00;TT;SELL;1;0.1;16791.599;16797.599;16777.599;16797.599;SL;-0.54;2.5
P4_01_02_03_EUR2;2024-01-12 17:26:00;2024-01-12 17:27:00;TT;SELL;1;0.1;16791.599;16799.599;16769.376777777776;16799.599;SL;-0.72;2.5
P5_01_02_03_EUR3;2024-01-12 17:26:00;2024-01-12 17:27:00;TT;SELL;1;0.1;16791.599;16801.599;16758.265666666666;16801.599;SL;-0.9;2.5
P6_01_02_03_04_EUR2;2024-01-12 17:26:00;2024-01-12 17:27:00;TT;SELL;1;0.1;16791.599;16799.599;16769.376777777776;16799.599;SL;-0.72;2.5
P7_01_02_03_04_EUR3;2024-01-12 17:26:00;2024-01-12 17:27:00;TT;SELL;1;0.1;16791.599;16801.599;16758.265666666666;16801.599;SL;-0.9;2.5
P8_01_02_03_04_EUR5;2024-01-12 17:26:00;2024-01-12 17:27:00;TT;SELL;1;0.1;16791.599;16801.599;16736.043444444444;16801.599;SL;-0.9;2.5
P1_FIXED_01;2024-01-12 17:32:00;2024-01-12 17:36:00;FT;SELL;1;0.1;16811.679;16816.679;16799.679;16799.679;TP;1.08;2.5
P2_01_02_EUR1;2024-01-12 17:32:00;2024-01-12 17:36:00;FT;SELL;1;0.1;16811.679;16817.679;16799.679;16799.679;TP;1.08;2.5
P3_01_02_03_EUR1;2024-01-12 17:32:00;2024-01-12 17:36:00;FT;SELL;2;0.2;16811.679;16817.679;16797.679;16797.679;TP;2.52;2.5
P4_01_02_03_EUR2;2024-01-12 17:32:00;2024-01-12 17:38:00;FT;SELL;2;0.2;16811.679;16819.679;16795.679;16795.679;TP;2.88;2.5
P6_01_02_03_04_EUR2;2024-01-12 17:32:00;2024-01-12 17:38:00;FT;SELL;2;0.2;16811.679;16819.679;16793.679;16793.679;TP;3.24;2.5
P1_FIXED_01;2024-01-12 17:41:00;2024-01-12 17:42:00;TT;BUY;1;0.1;16809.999;16804.999;16821.999;16804.999;SL;-0.45;2.5
P2_01_02_EUR1;2024-01-12 17:41:00;2024-01-12 17:42:00;TT;BUY;1;0.1;16809.999;16803.999;16821.999;16803.999;SL;-0.54;2.5
P3_01_02_03_EUR1;2024-01-12 17:41:00;2024-01-12 17:42:00;TT;BUY;1;0.1;16809.999;16803.999;16823.999;16803.999;SL;-0.54;2.5
P4_01_02_03_EUR2;2024-01-12 17:41:00;2024-01-12 17:42:00;TT;BUY;1;0.1;16809.999;16801.999;16832.221222222222;16801.999;SL;-0.72;2.5
P5_01_02_03_EUR3;2024-01-12 17:32:00;2024-01-12 17:42:00;FT;SELL;2;0.2;16811.679;16821.679;16790.012333333332;16797.269;TIME;2.59;2.5
P6_01_02_03_04_EUR2;2024-01-12 17:41:00;2024-01-12 17:42:00;TT;BUY;1;0.1;16809.999;16801.999;16832.221222222222;16801.999;SL;-0.72;2.5
P7_01_02_03_04_EUR3;2024-01-12 17:32:00;2024-01-12 17:42:00;FT;SELL;2;0.2;16811.679;16821.679;16789.679;16797.269;TIME;2.59;2.5
P8_01_02_03_04_EUR5;2024-01-12 17:32:00;2024-01-12 17:42:00;FT;SELL;2;0.2;16811.679;16821.679;16778.901222222223;16797.269;TIME;2.59;2.5
P1_FIXED_01;2024-01-12 17:45:00;2024-01-12 17:46:00;TT;BUY;1;0.1;16809.089;16804.089;16821.089;16804.089;SL;-0.45;2.5
P2_01_02_EUR1;2024-01-12 17:45:00;2024-01-12 17:46:00;TT;BUY;2;0.2;16809.089;16803.089;16821.089;16803.089;SL;-1.08;2.5
P3_01_02_03_EUR1;2024-01-12 17:45:00;2024-01-12 17:46:00;TT;BUY;2;0.2;16809.089;16803.089;16823.089;16803.089;SL;-1.08;2.5
P4_01_02_03_EUR2;2024-01-12 17:45:00;2024-01-12 17:46:00;TT;BUY;2;0.2;16809.089;16801.089;16825.089;16801.089;SL;-1.44;2.5
P6_01_02_03_04_EUR2;2024-01-12 17:45:00;2024-01-12 17:46:00;TT;BUY;2;0.2;16809.089;16801.089;16827.089;16801.089;SL;-1.44;2.5
P5_01_02_03_EUR3;2024-01-12 17:45:00;2024-01-12 17:47:00;TT;BUY;1;0.1;16809.089;16799.089;16842.422333333332;16799.089;SL;-0.9;2.5
P7_01_02_03_04_EUR3;2024-01-12 17:45:00;2024-01-12 17:47:00;TT;BUY;1;0.1;16809.089;16799.089;16842.422333333332;16799.089;SL;-0.9;2.5
P8_01_02_03_04_EUR5;2024-01-12 17:45:00;2024-01-12 17:47:00;TT;BUY;1;0.1;16809.089;16799.089;16864.644555555555;16799.089;SL;-0.9;2.5
P1_FIXED_01;2024-01-12 17:52:00;2024-01-12 17:53:00;TT;BUY;1;0.1;16803.809;16798.809;16815.809;16798.809;SL;-0.45;2.5
P2_01_02_EUR1;2024-01-12 17:52:00;2024-01-12 17:53:00;TT;BUY;1;0.1;16803.809;16797.809;16815.809;16797.809;SL;-0.54;2.5
P3_01_02_03_EUR1;2024-01-12 17:52:00;2024-01-12 17:53:00;TT;BUY;3;0.3;16803.809;16797.809;16817.809;16797.809;SL;-1.62;2.5
P1_FIXED_01;2024-01-12 17:53:00;2024-01-12 17:55:00;TT;BUY;1;0.1;16807.029;16802.029;16819.029;16819.029;TP;1.08;2.5
P2_01_02_EUR1;2024-01-12 17:53:00;2024-01-12 17:55:00;TT;BUY;2;0.2;16807.029;16801.029;16819.029;16819.029;TP;2.16;2.5
P3_01_02_03_EUR1;2024-01-12 17:53:00;2024-01-12 17:55:00;TT;BUY;1;0.1;16807.029;16801.029;16821.029;16821.029;TP;1.26;2.5
P4_01_02_03_EUR2;2024-01-12 17:52:00;2024-01-12 17:55:00;TT;BUY;3;0.3;16803.809;16795.809;16819.809;16819.809;TP;4.32;2.5
P1_FIXED_01;2024-01-12 17:55:00;2024-01-12 17:56:00;FT;SELL;1;0.1;16821.729;16826.729;16809.729;16826.729;SL;-0.45;2.5
P6_01_02_03_04_EUR2;2024-01-12 17:52:00;2024-01-12 17:56:00;TT;BUY;3;0.3;16803.809;16795.809;16821.809;16821.809;TP;4.86;2.5
P1_FIXED_01;2024-01-12 17:56:00;2024-01-12 17:59:00;FT;SELL;1;0.1;16823.349;16828.349;16811.349;16811.349;TP;1.08;2.5
P2_01_02_EUR1;2024-01-12 17:55:00;2024-01-12 17:59:00;FT;SELL;1;0.1;16821.729;16827.729;16809.729;16809.729;TP;1.08;2.5
P5_01_02_03_EUR3;2024-01-12 17:52:00;2024-01-12 18:02:00;TT;BUY;2;0.2;16803.809;16793.809;16825.47566666667;16821.299;TIME;3.15;2.5
P7_01_02_03_04_EUR3;2024-01-12 17:52:00;2024-01-12 18:02:00;TT;BUY;2;0.2;16803.809;16793.809;16825.809;16821.299;TIME;3.15;2.5
P8_01_02_03_04_EUR5;2024-01-12 17:52:00;2024-01-12 18:02:00;TT;BUY;2;0.2;16803.809;16793.809;16836.58677777778;16821.299;TIME;3.15;2.5
P1_FIXED_01;2024-01-12 18:02:00;2024-01-12 18:03:00;FT;SELL;1;0.1;16821.129;16826.129;16809.129;16826.129;SL;-0.45;2.5
P3_01_02_03_EUR1;2024-01-12 17:55:00;2024-01-12 18:05:00;FT;SELL;1;0.1;16821.729;16827.729;16807.729;16824.509;TIME;-0.25;2.5
P4_01_02_03_EUR2;2024-01-12 17:55:00;2024-01-12 18:05:00;FT;SELL;1;0.1;16821.729;16829.729;16799.506777777777;16824.509;TIME;-0.25;2.5
P6_01_02_03_04_EUR2;2024-01-12 17:56:00;2024-01-12 18:06:00;FT;SELL;1;0.1;16823.349;16831.349;16801.126777777776;16824.299;TIME;-0.09;2.5
P2_01_02_EUR1;2024-01-12 18:02:00;2024-01-12 18:07:00;FT;SELL;1;0.1;16821.129;16827.129;16809.129;16827.129;SL;-0.54;2.5
P1_FIXED_01;2024-01-12 18:08:00;2024-01-12 18:09:00;TT;SELL;1;0.1;16817.209;16822.209;16805.209;16822.209;SL;-0.45;2.5
P2_01_02_EUR1;2024-01-12 18:08:00;2024-01-12 18:09:00;TT;SELL;2;0.2;16817.209;16823.209;16805.209;16823.209;SL;-1.08;2.5
P3_01_02_03_EUR1;2024-01-12 18:08:00;2024-01-12 18:09:00;TT;SELL;2;0.2;16817.209;16823.209;16803.209;16823.209;SL;-1.08;2.5
P4_01_02_03_EUR2;2024-01-12 18:08:00;2024-01-12 18:10:00;TT;SELL;2;0.2;16817.209;16825.209;16801.209;16825.209;SL;-1.44;2.5
P5_01_02_03_EUR3;2024-01-12 18:02:00;2024-01-12 18:10:00;FT;SELL;1;0.1;16821.129;16831.129;16787.79566666667;16831.129;SL;-0.9;2.5
P6_01_02_03_04_EUR2;2024-01-12 18:08:00;2024-01-12 18:10:00;TT;SELL;2;0.2;16817.209;16825.209;16799.209;16825.209;SL;-1.44;2.5
P7_01_02_03_04_EUR3;2024-01-12 18:02:00;2024-01-12 18:10:00;FT;SELL;1;0.1;16821.129;16831.129;16787.79566666667;16831.129;SL;-0.9;2.5
P8_01_02_03_04_EUR5;2024-01-12 18:02:00;2024-01-12 18:10:00;FT;SELL;1;0.1;16821.129;16831.129;16765.573444444446;16831.129;SL;-0.9;2.5
P1_FIXED_01;2024-01-12 18:11:00;2024-01-12 18:13:00;FT;SELL;1;0.1;16828.559;16833.559;16816.559;16833.559;SL;-0.45;2.5
P2_01_02_EUR1;2024-01-12 18:11:00;2024-01-12 18:13:00;FT;SELL;1;0.1;16828.559;16834.559;16816.559;16834.559;SL;-0.54;2.5
P3_01_02_03_EUR1;2024-01-12 18:11:00;2024-01-12 18:13:00;FT;SELL;3;0.3;16828.559;16834.559;16814.559;16834.559;SL;-1.62;2.5
P4_01_02_03_EUR2;2024-01-12 18:11:00;2024-01-12 18:13:00;FT;SELL;3;0.3;16828.559;16836.559;16812.559;16836.559;SL;-2.16;2.5
P6_01_02_03_04_EUR2;2024-01-12 18:11:00;2024-01-12 18:13:00;FT;SELL;3;0.3;16828.559;16836.559;16810.559;16836.559;SL;-2.16;2.5
P5_01_02_03_EUR3;2024-01-12 18:11:00;2024-01-12 18:21:00;FT;SELL;2;0.2;16828.559;16838.559;16806.892333333333;16822.529;TIME;1.09;2.5
P7_01_02_03_04_EUR3;2024-01-12 18:11:00;2024-01-12 18:21:00;FT;SELL;2;0.2;16828.559;16838.559;16806.559;16822.529;TIME;1.09;2.5
P8_01_02_03_04_EUR5;2024-01-12 18:11:00;2024-01-12 18:21:00;FT;SELL;2;0.2;16828.559;16838.559;16795.781222222224;16822.529;TIME;1.09;2.5
P1_FIXED_01;2024-01-12 18:20:00;2024-01-12 18:23:00;TT;SELL;1;0.1;16826.129;16831.129;16814.129;16831.129;SL;-0.45;2.5
P2_01_02_EUR1;2024-01-12 18:20:00;2024-01-12 18:23:00;TT;SELL;2;0.2;16826.129;16832.129;16814.129;16832.129;SL;-1.08;2.5
P3_01_02_03_EUR1;2024-01-12 18:20:00;2024-01-12 18:23:00;TT;SELL;1;0.1;16826.129;16832.129;16812.129;16832.129;SL;-0.54;2.5
P4_01_02_03_EUR2;2024-01-12 18:20:00;2024-01-12 18:23:00;TT;SELL;1;0.1;16826.129;16834.129;16803.90677777778;16834.129;SL;-0.72;2.5
P5_01_02_03_EUR3;2024-01-12 18:21:00;2024-01-12 18:23:00;TT;SELL;1;0.1;16819.779;16829.779;16786.445666666667;16829.779;SL;-0.9;2.5
P6_01_02_03_04_EUR2;2024-01-12 18:20:00;2024-01-12 18:23:00;TT;SELL;4;0.4;16826.129;16834.129;16808.129;16834.129;SL;-2.88;2.5
P7_01_02_03_04_EUR3;2024-01-12 18:21:00;2024-01-12 18:23:00;TT;SELL;1;0.1;16819.779;16829.779;16786.445666666667;16829.779;SL;-0.9;2.5
P8_01_02_03_04_EUR5;2024-01-12 18:21:00;2024-01-12 18:23:00;TT;SELL;1;0.1;16819.779;16829.779;16764.223444444444;16829.779;SL;-0.9;2.5
P1_FIXED_01;2024-01-12 18:28:00;2024-01-12 18:30:00;TT;BUY;1;0.1;16836.539;16831.539;16848.539;16831.539;SL;-0.45;2.5
P2_01_02_EUR1;2024-01-12 18:28:00;2024-01-12 18:30:00;TT;BUY;1;0.1;16836.539;16830.539;16848.539;16830.539;SL;-0.54;2.5
P3_01_02_03_EUR1;2024-01-12 18:28:00;2024-01-12 18:30:00;TT;BUY;2;0.2;16836.539;16830.539;16850.539;16830.539;SL;-1.08;2.5
P4_01_02_03_EUR2;2024-01-12 18:28:00;2024-01-12 18:30:00;TT;BUY;2;0.2;16836.539;16828.539;16852.539;16828.539;SL;-1.44;2.5
P5_01_02_03_EUR3;2024-01-12 18:28:00;2024-01-12 18:30:00;TT;BUY;2;0.2;16836.539;16826.539;16858.20566666667;16830.299;SESSION_END;-1.12;2.5
P6_01_02_03_04_EUR2;2024-01-12 18:28:00;2024-01-12 18:30:00;TT;BUY;1;0.1;16836.539;16828.539;16858.761222222223;16828.539;SL;-0.72;2.5
P7_01_02_03_04_EUR3;2024-01-12 18:28:00;2024-01-12 18:30:00;TT;BUY;2;0.2;16836.539;16826.539;16858.539;16830.299;SESSION_END;-1.12;2.5
P8_01_02_03_04_EUR5;2024-01-12 18:28:00;2024-01-12 18:30:00;TT;BUY;2;0.2;16836.539;16826.539;16869.316777777778;16830.299;SESSION_END;-1.12;2.5
P1_FIXED_01;2024-01-15 16:38:00;2024-01-15 16:40:00;TT;BUY;1;0.1;16843.286;16838.286;16855.286;16838.286;SL;-0.45;2.5
P2_01_02_EUR1;2024-01-15 16:38:00;2024-01-15 16:40:00;TT;BUY;2;0.2;16843.286;16837.286;16855.286;16837.286;SL;-1.08;2.5
P3_01_02_03_EUR1;2024-01-15 16:38:00;2024-01-15 16:40:00;TT;BUY;3;0.3;16843.286;16837.286;16857.286;16837.286;SL;-1.62;2.5
P4_01_02_03_EUR2;2024-01-15 16:38:00;2024-01-15 16:41:00;TT;BUY;3;0.3;16843.286;16835.286;16859.286;16835.286;SL;-2.16;2.5
P6_01_02_03_04_EUR2;2024-01-15 16:38:00;2024-01-15 16:41:00;TT;BUY;2;0.2;16843.286;16835.286;16861.286;16835.286;SL;-1.44;2.5
P5_01_02_03_EUR3;2024-01-15 16:38:00;2024-01-15 16:44:00;TT;BUY;3;0.3;16843.286;16833.286;16863.286;16833.286;SL;-2.7;2.5
P7_01_02_03_04_EUR3;2024-01-15 16:38:00;2024-01-15 16:44:00;TT;BUY;3;0.3;16843.286;16833.286;16865.286;16833.286;SL;-2.7;2.5
P8_01_02_03_04_EUR5;2024-01-15 16:38:00;2024-01-15 16:44:00;TT;BUY;3;0.3;16843.286;16833.286;16869.297851851854;16833.286;SL;-2.7;2.5
P1_FIXED_01;2024-01-15 16:53:00;2024-01-15 17:03:00;TT;SELL;1;0.1;16827.398;16832.398;16815.398;16823.299;TIME;0.37;2.5
P2_01_02_EUR1;2024-01-15 16:53:00;2024-01-15 17:03:00;TT;SELL;1;0.1;16827.398;16833.398;16815.398;16823.299;TIME;0.37;2.5
P3_01_02_03_EUR1;2024-01-15 16:53:00;2024-01-15 17:03:00;TT;SELL;1;0.1;16827.398;16833.398;16813.398;16823.299;TIME;0.37;2.5
P4_01_02_03_EUR2;2024-01-15 16:53:00;2024-01-15 17:03:00;TT;SELL;1;0.1;16827.398;16835.398;16805.17577777778;16823.299;TIME;0.37;2.5
P5_01_02_03_EUR3;2024-01-15 16:53:00;2024-01-15 17:03:00;TT;SELL;1;0.1;16827.398;16837.398;16794.06466666667;16823.299;TIME;0.37;2.5
P6_01_02_03_04_EUR2;2024-01-15 16:53:00;2024-01-15 17:03:00;TT;SELL;3;0.3;16827.398;16835.398;16809.398;16823.299;TIME;1.11;2.5
P7_01_02_03_04_EUR3;2024-01-15 16:53:00;2024-01-15 17:03:00;TT;SELL;4;0.4;16827.398;16837.398;16805.398;16823.299;TIME;1.48;2.5
P8_01_02_03_04_EUR5;2024-01-15 16:53:00;2024-01-15 17:03:00;TT;SELL;4;0.4;16827.398;16837.398;16800.38911111111;16823.299;TIME;1.48;2.5
P1_FIXED_01;2024-01-15 17:31:00;2024-01-15 17:41:00;TT;SELL;1;0.1;16828.598;16833.598;16816.598;16828.176;TIME;0.04;2.5
P2_01_02_EUR1;2024-01-15 17:31:00;2024-01-15 17:41:00;TT;SELL;1;0.1;16828.598;16834.598;16816.598;16828.176;TIME;0.04;2.5
P3_01_02_03_EUR1;2024-01-15 17:31:00;2024-01-15 17:41:00;TT;SELL;1;0.1;16828.598;16834.598;16814.598;16828.176;TIME;0.04;2.5
P4_01_02_03_EUR2;2024-01-15 17:31:00;2024-01-15 17:41:00;TT;SELL;1;0.1;16828.598;16836.598;16806.37577777778;16828.176;TIME;0.04;2.5
P5_01_02_03_EUR3;2024-01-15 17:31:00;2024-01-15 17:41:00;TT;SELL;1;0.1;16828.598;16838.598;16795.26466666667;16828.176;TIME;0.04;2.5
P6_01_02_03_04_EUR2;2024-01-15 17:31:00;2024-01-15 17:41:00;TT;SELL;1;0.1;16828.598;16836.598;16806.37577777778;16828.176;TIME;0.04;2.5
P7_01_02_03_04_EUR3;2024-01-15 17:31:00;2024-01-15 17:41:00;TT;SELL;1;0.1;16828.598;16838.598;16795.26466666667;16828.176;TIME;0.04;2.5
P8_01_02_03_04_EUR5;2024-01-15 17:31:00;2024-01-15 17:41:00;TT;SELL;1;0.1;16828.598;16838.598;16773.042444444447;16828.176;TIME;0.04;2.5
P1_FIXED_01;2024-01-15 17:49:00;2024-01-15 17:52:00;TT;BUY;1;0.1;16833.164;16828.164;16845.164;16828.164;SL;-0.45;2.5
P2_01_02_EUR1;2024-01-15 17:49:00;2024-01-15 17:52:00;TT;BUY;1;0.1;16833.164;16827.164;16845.164;16827.164;SL;-0.54;2.5
P3_01_02_03_EUR1;2024-01-15 17:49:00;2024-01-15 17:52:00;TT;BUY;1;0.1;16833.164;16827.164;16847.164;16827.164;SL;-0.54;2.5
P1_FIXED_01;2024-01-15 17:52:00;2024-01-15 17:56:00;TT;SELL;1;0.1;16826.82;16831.82;16814.82;16831.82;SL;-0.45;2.5
P2_01_02_EUR1;2024-01-15 17:52:00;2024-01-15 17:56:00;TT;SELL;2;0.2;16826.82;16832.82;16814.82;16832.82;SL;-1.08;2.5
P3_01_02_03_EUR1;2024-01-15 17:52:00;2024-01-15 17:56:00;TT;SELL;2;0.2;16826.82;16832.82;16812.82;16832.82;SL;-1.08;2.5
P4_01_02_03_EUR2;2024-01-15 17:49:00;2024-01-15 17:59:00;TT;BUY;1;0.1;16833.164;16825.164;16855.386222222223;16829.621;TIME;-0.32;2.5
P5_01_02_03_EUR3;2024-01-15 17:49:00;2024-01-15 17:59:00;TT;BUY;1;0.1;16833.164;16823.164;16866.497333333333;16829.621;TIME;-0.32;2.5
P6_01_02_03_04_EUR2;2024-01-15 17:49:00;2024-01-15 17:59:00;TT;BUY;1;0.1;16833.164;16825.164;16855.386222222223;16829.621;TIME;-0.32;2.5
P7_01_02_03_04_EUR3;2024-01-15 17:49:00;2024-01-15 17:59:00;TT;BUY;1;0.1;16833.164;16823.164;16866.497333333333;16829.621;TIME;-0.32;2.5
P8_01_02_03_04_EUR5;2024-01-15 17:49:00;2024-01-15 17:59:00;TT;BUY;1;0.1;16833.164;16823.164;16888.719555555555;16829.621;TIME;-0.32;2.5
P1_FIXED_01;2024-01-16 16:33:00;2024-01-16 16:34:00;FT;SELL;1;0.1;16876.309;16881.309;16864.309;16881.309;SL;-0.45;2.5
P2_01_02_EUR1;2024-01-16 16:33:00;2024-01-16 16:34:00;FT;SELL;1;0.1;16876.309;16882.309;16864.309;16882.309;SL;-0.54;2.5
P3_01_02_03_EUR1;2024-01-16 16:33:00;2024-01-16 16:34:00;FT;SELL;3;0.3;16876.309;16882.309;16862.309;16882.309;SL;-1.62;2.5
P4_01_02_03_EUR2;2024-01-16 16:33:00;2024-01-16 16:34:00;FT;SELL;2;0.2;16876.309;16884.309;16860.309;16884.309;SL;-1.44;2.5
P6_01_02_03_04_EUR2;2024-01-16 16:33:00;2024-01-16 16:34:00;FT;SELL;2;0.2;16876.309;16884.309;16858.309;16884.309;SL;-1.44;2.5
P5_01_02_03_EUR3;2024-01-16 16:33:00;2024-01-16 16:39:00;FT;SELL;2;0.2;16876.309;16886.309;16856.309;16856.309;TP;3.6;2.5
P7_01_02_03_04_EUR3;2024-01-16 16:33:00;2024-01-16 16:39:00;FT;SELL;2;0.2;16876.309;16886.309;16854.309;16854.309;TP;3.96;2.5
P8_01_02_03_04_EUR5;2024-01-16 16:33:00;2024-01-16 16:39:00;FT;SELL;2;0.2;16876.309;16886.309;16846.75972222222;16846.75972222222;TP;5.32;2.5
P1_FIXED_01;2024-01-16 16:39:00;2024-01-16 16:40:00;TT;SELL;1;0.1;16853.22;16858.22;16841.22;16858.22;SL;-0.45;2.5
P2_01_02_EUR1;2024-01-16 16:39:00;2024-01-16 16:40:00;TT;SELL;2;0.2;16853.22;16859.22;16841.22;16859.22;SL;-1.08;2.5
P3_01_02_03_EUR1;2024-01-16 16:39:00;2024-01-16 16:40:00;TT;SELL;1;0.1;16853.22;16859.22;16839.22;16859.22;SL;-0.54;2.5
P4_01_02_03_EUR2;2024-01-16 16:39:00;2024-01-16 16:40:00;TT;SELL;3;0.3;16853.22;16861.22;16837.22;16861.22;SL;-2.16;2.5
P5_01_02_03_EUR3;2024-01-16 16:39:00;2024-01-16 16:40:00;TT;SELL;1;0.1;16853.22;16863.22;16819.88666666667;16863.22;SL;-0.9;2.5
P6_01_02_03_04_EUR2;2024-01-16 16:39:00;2024-01-16 16:40:00;TT;SELL;3;0.3;16853.22;16861.22;16835.22;16861.22;SL;-2.16;2.5
P7_01_02_03_04_EUR3;2024-01-16 16:39:00;2024-01-16 16:40:00;TT;SELL;1;0.1;16853.22;16863.22;16819.88666666667;16863.22;SL;-0.9;2.5
P8_01_02_03_04_EUR5;2024-01-16 16:39:00;2024-01-16 16:40:00;TT;SELL;1;0.1;16853.22;16863.22;16797.664444444446;16863.22;SL;-0.9;2.5
P1_FIXED_01;2024-01-16 16:44:00;2024-01-16 16:45:00;TT;SELL;1;0.1;16846.732;16851.732;16834.732;16851.732;SL;-0.45;2.5
P2_01_02_EUR1;2024-01-16 16:44:00;2024-01-16 16:45:00;TT;SELL;1;0.1;16846.732;16852.732;16834.732;16852.732;SL;-0.54;2.5
P3_01_02_03_EUR1;2024-01-16 16:44:00;2024-01-16 16:45:00;TT;SELL;2;0.2;16846.732;16852.732;16832.732;16852.732;SL;-1.08;2.5
P4_01_02_03_EUR2;2024-01-16 16:44:00;2024-01-16 16:45:00;TT;SELL;1;0.1;16846.732;16854.732;16824.509777777777;16854.732;SL;-0.72;2.5
P5_01_02_03_EUR3;2024-01-16 16:44:00;2024-01-16 16:45:00;TT;SELL;2;0.2;16846.732;16856.732;16825.065333333332;16856.732;SL;-1.8;2.5
P6_01_02_03_04_EUR2;2024-01-16 16:44:00;2024-01-16 16:45:00;TT;SELL;4;0.4;16846.732;16854.732;16828.732;16854.732;SL;-2.88;2.5
P7_01_02_03_04_EUR3;2024-01-16 16:44:00;2024-01-16 16:45:00;TT;SELL;2;0.2;16846.732;16856.732;16824.732;16856.732;SL;-1.8;2.5
P8_01_02_03_04_EUR5;2024-01-16 16:44:00;2024-01-16 16:45:00;TT;SELL;2;0.2;16846.732;16856.732;16813.954222222223;16856.732;SL;-1.8;2.5
P1_FIXED_01;2024-01-16 16:55:00;2024-01-16 16:56:00;TT;SELL;1;0.1;16818.21;16823.21;16806.21;16823.21;SL;-0.45;2.5
P2_01_02_EUR1;2024-01-16 16:55:00;2024-01-16 16:56:00;TT;SELL;2;0.2;16818.21;16824.21;16806.21;16824.21;SL;-1.08;2.5
P3_01_02_03_EUR1;2024-01-16 16:55:00;2024-01-16 16:56:00;TT;SELL;3;0.3;16818.21;16824.21;16804.21;16824.21;SL;-1.62;2.5
P4_01_02_03_EUR2;2024-01-16 16:55:00;2024-01-16 16:56:00;TT;SELL;2;0.2;16818.21;16826.21;16802.21;16826.21;SL;-1.44;2.5
P5_01_02_03_EUR3;2024-01-16 16:55:00;2024-01-16 16:56:00;TT;SELL;3;0.3;16818.21;16828.21;16797.09888888889;16828.21;SL;-2.7;2.5
P6_01_02_03_04_EUR2;2024-01-16 16:55:00;2024-01-16 16:56:00;TT;SELL;1;0.1;16818.21;16826.21;16795.987777777777;16826.21;SL;-0.72;2.5
P7_01_02_03_04_EUR3;2024-01-16 16:55:00;2024-01-16 16:56:00;TT;SELL;3;0.3;16818.21;16828.21;16796.21;16828.21;SL;-2.7;2.5
P8_01_02_03_04_EUR5;2024-01-16 16:55:00;2024-01-16 16:56:00;TT;SELL;3;0.3;16818.21;16828.21;16789.69148148148;16828.21;SL;-2.7;2.5
P1_FIXED_01;2024-01-16 16:59:00;2024-01-16 17:01:00;FT;BUY;1;0.1;16809.773;16804.773;16821.773;16821.773;TP;1.08;2.5
P2_01_02_EUR1;2024-01-16 16:59:00;2024-01-16 17:01:00;FT;BUY;1;0.1;16809.773;16803.773;16821.773;16821.773;TP;1.08;2.5
P3_01_02_03_EUR1;2024-01-16 16:59:00;2024-01-16 17:04:00;FT;BUY;1;0.1;16809.773;16803.773;16823.773;16803.773;SL;-0.54;2.5
P4_01_02_03_EUR2;2024-01-16 16:59:00;2024-01-16 17:04:00;FT;BUY;3;0.3;16809.773;16801.773;16825.773;16801.773;SL;-2.16;2.5
P5_01_02_03_EUR3;2024-01-16 16:59:00;2024-01-16 17:04:00;FT;BUY;1;0.1;16809.773;16799.773;16843.106333333333;16799.773;SL;-0.9;2.5
P6_01_02_03_04_EUR2;2024-01-16 16:59:00;2024-01-16 17:04:00;FT;BUY;2;0.2;16809.773;16801.773;16827.773;16801.773;SL;-1.44;2.5
P7_01_02_03_04_EUR3;2024-01-16 16:59:00;2024-01-16 17:04:00;FT;BUY;4;0.4;16809.773;16799.773;16833.106333333333;16799.773;SL;-3.6;2.5
P8_01_02_03_04_EUR5;2024-01-16 16:59:00;2024-01-16 17:04:00;FT;BUY;4;0.4;16809.773;16799.773;16838.66188888889;16799.773;SL;-3.6;2.5
P1_FIXED_01;2024-01-16 17:04:00;2024-01-16 17:05:00;FT;BUY;1;0.1;16810.153;16805.153;16822.153;16805.153;SL;-0.45;2.5
P2_01_02_EUR1;2024-01-16 17:04:00;2024-01-16 17:05:00;FT;BUY;1;0.1;16810.153;16804.153;16822.153;16804.153;SL;-0.54;2.5
P3_01_02_03_EUR1;2024-01-16 17:04:00;2024-01-16 17:05:00;FT;BUY;2;0.2;16810.153;16804.153;16824.153;16804.153;SL;-1.08;2.5
P4_01_02_03_EUR2;2024-01-16 17:04:00;2024-01-16 17:05:00;FT;BUY;1;0.1;16810.153;16802.153;16832.37522222222;16802.153;SL;-0.72;2.5
P5_01_02_03_EUR3;2024-01-16 17:04:00;2024-01-16 17:05:00;FT;BUY;2;0.2;16810.153;16800.153;16831.819666666666;16800.153;SL;-1.8;2.5
P6_01_02_03_04_EUR2;2024-01-16 17:04:00;2024-01-16 17:05:00;FT;BUY;3;0.3;16810.153;16802.153;16828.153;16802.153;SL;-2.16;2.5
P7_01_02_03_04_EUR3;2024-01-16 17:04:00;2024-01-16 17:05:00;FT;BUY;1;0.1;16810.153;16800.153;16843.48633333333;16800.153;SL;-0.9;2.5
P8_01_02_03_04_EUR5;2024-01-16 17:04:00;2024-01-16 17:05:00;FT;BUY;1;0.1;16810.153;16800.153;16865.708555555553;16800.153;SL;-0.9;2.5
P1_FIXED_01;2024-01-16 17:05:00;2024-01-16 17:07:00;TT;SELL;1;0.1;16794.298;16799.298;16782.298;16799.298;SL;-0.45;2.5
P2_01_02_EUR1;2024-01-16 17:05:00;2024-01-16 17:07:00;TT;SELL;2;0.2;16794.298;16800.298;16782.298;16800.298;SL;-1.08;2.5
P3_01_02_03_EUR1;2024-01-16 17:05:00;2024-01-16 17:07:00;TT;SELL;3;0.3;16794.298;16800.298;16780.298;16800.298;SL;-1.62;2.5
P4_01_02_03_EUR2;2024-01-16 17:05:00;2024-01-16 17:07:00;TT;SELL;2;0.2;16794.298;16802.298;16778.298;16802.298;SL;-1.44;2.5
P6_01_02_03_04_EUR2;2024-01-16 17:05:00;2024-01-16 17:07:00;TT;SELL;4;0.4;16794.298;16802.298;16776.298;16802.298;SL;-2.88;2.5
P1_FIXED_01;2024-01-16 17:11:00;2024-01-16 17:12:00;TT;BUY;1;0.1;16795.698;16790.698;16807.698;16790.698;SL;-0.45;2.5
P2_01_02_EUR1;2024-01-16 17:11:00;2024-01-16 17:12:00;TT;BUY;1;0.1;16795.698;16789.698;16807.698;16789.698;SL;-0.54;2.5
P3_01_02_03_EUR1;2024-01-16 17:11:00;2024-01-16 17:12:00;TT;BUY;1;0.1;16795.698;16789.698;16809.698;16789.698;SL;-0.54;2.5
P4_01_02_03_EUR2;2024-01-16 17:11:00;2024-01-16 17:12:00;TT;BUY;3;0.3;16795.698;16787.698;16811.698;16787.698;SL;-2.16;2.5
P6_01_02_03_04_EUR2;2024-01-16 17:11:00;2024-01-16 17:12:00;TT;BUY;1;0.1;16795.698;16787.698;16817.920222222223;16787.698;SL;-0.72;2.5
P5_01_02_03_EUR3;2024-01-16 17:05:00;2024-01-16 17:15:00;TT;SELL;3;0.3;16794.298;16804.298;16773.18688888889;16804.298;SL;-2.7;2.5
P7_01_02_03_04_EUR3;2024-01-16 17:05:00;2024-01-16 17:15:00;TT;SELL;2;0.2;16794.298;16804.298;16772.298;16804.298;SL;-1.8;2.5
P8_01_02_03_04_EUR5;2024-01-16 17:05:00;2024-01-16 17:15:00;TT;SELL;2;0.2;16794.298;16804.298;16761.52022222222;16804.298;SL;-1.8;2.5
P1_FIXED_01;2024-01-16 17:18:00;2024-01-16 17:19:00;TT;BUY;1;0.1;16809.108;16804.108;16821.108;16804.108;SL;-0.45;2.5
P2_01_02_EUR1;2024-01-16 17:18:00;2024-01-16 17:19:00;TT;BUY;2;0.2;16809.108;16803.108;16821.108;16803.108;SL;-1.08;2.5
P3_01_02_03_EUR1;2024-01-16 17:18:00;2024-01-16 17:19:00;TT;BUY;2;0.2;16809.108;16803.108;16823.108;16803.108;SL;-1.08;2.5
P4_01_02_03_EUR2;2024-01-16 17:18:00;2024-01-16 17:19:00;TT;BUY;1;0.1;16809.108;16801.108;16831.330222222223;16801.108;SL;-0.72;2.5
P5_01_02_03_EUR3;2024-01-16 17:18:00;2024-01-16 17:19:00;TT;BUY;1;0.1;16809.108;16799.108;16842.441333333332;16799.108;SL;-0.9;2.5
P6_01_02_03_04_EUR2;2024-01-16 17:18:00;2024-01-16 17:19:00;TT;BUY;2;0.2;16809.108;16801.108;16827.108;16801.108;SL;-1.44;2.5
P7_01_02_03_04_EUR3;2024-01-16 17:18:00;2024-01-16 17:19:00;TT;BUY;3;0.3;16809.108;16799.108;16831.108;16799.108;SL;-2.7;2.5
P8_01_02_03_04_EUR5;2024-01-16 17:18:00;2024-01-16 17:19:00;TT;BUY;3;0.3;16809.108;16799.108;16837.62651851852;16799.108;SL;-2.7;2.5
P1_FIXED_01;2024-01-16 17:38:00;2024-01-16 17:39:00;FT;SELL;1;0.1;16787.775;16792.775;16775.775;16792.775;SL;-0.45;2.5
P2_01_02_EUR1;2024-01-16 17:38:00;2024-01-16 17:39:00;FT;SELL;1;0.1;16787.775;16793.775;16775.775;16793.775;SL;-0.54;2.5
P3_01_02_03_EUR1;2024-01-16 17:38:00;2024-01-16 17:39:00;FT;SELL;3;0.3;16787.775;16793.775;16773.775;16793.775;SL;-1.62;2.5
P4_01_02_03_EUR2;2024-01-16 17:38:00;2024-01-16 17:39:00;FT;SELL;2;0.2;16787.775;16795.775;16771.775;16795.775;SL;-1.44;2.5
P5_01_02_03_EUR3;2024-01-16 17:38:00;2024-01-16 17:39:00;FT;SELL;2;0.2;16787.775;16797.775;16766.108333333334;16797.775;SL;-1.8;2.5
P6_01_02_03_04_EUR2;2024-01-16 17:38:00;2024-01-16 17:39:00;FT;SELL;3;0.3;16787.775;16795.775;16769.775;16795.775;SL;-2.16;2.5
P7_01_02_03_04_EUR3;2024-01-16 17:38:00;2024-01-16 17:39:00;FT;SELL;4;0.4;16787.775;16797.775;16764.44166666667;16797.775;SL;-3.6;2.5
P8_01_02_03_04_EUR5;2024-01-16 17:38:00;2024-01-16 17:39:00;FT;SELL;4;0.4;16787.775;16797.775;16758.88611111111;16797.775;SL;-3.6;2.5
P1_FIXED_01;2024-01-16 17:39:00;2024-01-16 17:40:00;TT;BUY;1;0.1;16796.076;16791.076;16808.076;16791.076;SL;-0.45;2.5
P2_01_02_EUR1;2024-01-16 17:39:00;2024-01-16 17:40:00;TT;BUY;2;0.2;16796.076;16790.076;16808.076;16790.076;SL;-1.08;2.5
P3_01_02_03_EUR1;2024-01-16 17:39:00;2024-01-16 17:40:00;TT;BUY;1;0.1;16796.076;16790.076;16810.076;16790.076;SL;-0.54;2.5
P4_01_02_03_EUR2;2024-01-16 17:39:00;2024-01-16 17:40:00;TT;BUY;3;0.3;16796.076;16788.076;16812.076;16788.076;SL;-2.16;2.5
P6_01_02_03_04_EUR2;2024-01-16 17:39:00;2024-01-16 17:40:00;TT;BUY;4;0.4;16796.076;16788.076;16814.076;16788.076;SL;-2.88;2.5
P5_01_02_03_EUR3;2024-01-16 17:39:00;2024-01-16 17:41:00;TT;BUY;3;0.3;16796.076;16786.076;16817.18711111111;16786.076;SL;-2.7;2.5
P7_01_02_03_04_EUR3;2024-01-16 17:39:00;2024-01-16 17:41:00;TT;BUY;1;0.1;16796.076;16786.076;16829.409333333333;16786.076;SL;-0.9;2.5
P8_01_02_03_04_EUR5;2024-01-16 17:39:00;2024-01-16 17:41:00;TT;BUY;1;0.1;16796.076;16786.076;16851.631555555556;16786.076;SL;-0.9;2.5
P1_FIXED_01;2024-01-16 17:53:00;2024-01-16 17:54:00;FT;SELL;1;0.1;16774.886;16779.886;16762.886;16779.886;SL;-0.45;2.5
P2_01_02_EUR1;2024-01-16 17:53:00;2024-01-16 17:54:00;FT;SELL;1;0.1;16774.886;16780.886;16762.886;16780.886;SL;-0.54;2.5
P3_01_02_03_EUR1;2024-01-16 17:53:00;2024-01-16 17:54:00;FT;SELL;2;0.2;16774.886;16780.886;16760.886;16780.886;SL;-1.08;2.5
P4_01_02_03_EUR2;2024-01-16 17:53:00;2024-01-16 17:54:00;FT;SELL;1;0.1;16774.886;16782.886;16752.663777777776;16782.886;SL;-0.72;2.5
P6_01_02_03_04_EUR2;2024-01-16 17:53:00;2024-01-16 17:54:00;FT;SELL;1;0.1;16774.886;16782.886;16752.663777777776;16782.886;SL;-0.72;2.5
P1_FIXED_01;2024-01-16 17:54:00;2024-01-16 17:55:00;TT;BUY;1;0.1;16781.742;16776.742;16793.742;16776.742;SL;-0.45;2.5
P2_01_02_EUR1;2024-01-16 17:54:00;2024-01-16 17:55:00;TT;BUY;2;0.2;16781.742;16775.742;16793.742;16775.742;SL;-1.08;2.5
P3_01_02_03_EUR1;2024-01-16 17:54:00;2024-01-16 17:55:00;TT;BUY;3;0.3;16781.742;16775.742;16795.742;16775.742;SL;-1.62;2.5
P4_01_02_03_EUR2;2024-01-16 17:54:00;2024-01-16 17:55:00;TT;BUY;2;0.2;16781.742;16773.742;16797.742;16773.742;SL;-1.44;2.5
P6_01_02_03_04_EUR2;2024-01-16 17:54:00;2024-01-16 17:55:00;TT;BUY;2;0.2;16781.742;16773.742;16799.742;16773.742;SL;-1.44;2.5
P5_01_02_03_EUR3;2024-01-16 17:53:00;2024-01-16 18:03:00;FT;SELL;1;0.1;16774.886;16784.886;16741.552666666666;16761.531;TIME;1.2;2.5
P7_01_02_03_04_EUR3;2024-01-16 17:53:00;2024-01-16 18:03:00;FT;SELL;2;0.2;16774.886;16784.886;16752.886;16761.531;TIME;2.4;2.5
P8_01_02_03_04_EUR5;2024-01-16 17:53:00;2024-01-16 18:03:00;FT;SELL;2;0.2;16774.886;16784.886;16742.10822222222;16761.531;TIME;2.4;2.5
P1_FIXED_01;2024-01-16 18:16:00;2024-01-16 18:18:00;TT;BUY;1;0.1;16791.02;16786.02;16803.02;16803.02;TP;1.08;2.5
P2_01_02_EUR1;2024-01-16 18:16:00;2024-01-16 18:18:00;TT;BUY;1;0.1;16791.02;16785.02;16803.02;16803.02;TP;1.08;2.5
P3_01_02_03_EUR1;2024-01-16 18:16:00;2024-01-16 18:18:00;TT;BUY;1;0.1;16791.02;16785.02;16805.02;16805.02;TP;1.26;2.5
P4_01_02_03_EUR2;2024-01-16 18:16:00;2024-01-16 18:19:00;TT;BUY;3;0.3;16791.02;16783.02;16807.02;16807.02;TP;4.32;2.5
P6_01_02_03_04_EUR2;2024-01-16 18:16:00;2024-01-16 18:19:00;TT;BUY;3;0.3;16791.02;16783.02;16809.02;16809.02;TP;4.86;2.5
P5_01_02_03_EUR3;2024-01-16 18:16:00;2024-01-16 18:22:00;TT;BUY;1;0.1;16791.02;16781.02;16824.353333333333;16781.02;SL;-0.9;2.5
P7_01_02_03_04_EUR3;2024-01-16 18:16:00;2024-01-16 18:22:00;TT;BUY;1;0.1;16791.02;16781.02;16824.353333333333;16781.02;SL;-0.9;2.5
P8_01_02_03_04_EUR5;2024-01-16 18:16:00;2024-01-16 18:22:00;TT;BUY;1;0.1;16791.02;16781.02;16846.575555555555;16781.02;SL;-0.9;2.5
P1_FIXED_01;2024-01-16 18:21:00;2024-01-16 18:26:00;TT;SELL;1;0.1;16787.531;16792.531;16775.531;16792.531;SL;-0.45;2.5
P2_01_02_EUR1;2024-01-16 18:21:00;2024-01-16 18:29:00;TT;SELL;1;0.1;16787.531;16793.531;16775.531;16793.531;SL;-0.54;2.5
P3_01_02_03_EUR1;2024-01-16 18:21:00;2024-01-16 18:29:00;TT;SELL;1;0.1;16787.531;16793.531;16773.531;16793.531;SL;-0.54;2.5
P4_01_02_03_EUR2;2024-01-16 18:21:00;2024-01-16 18:30:00;TT;SELL;1;0.1;16787.531;16795.531;16765.308777777776;16795.531;SL;-0.72;2.5
P6_01_02_03_04_EUR2;2024-01-16 18:21:00;2024-01-16 18:30:00;TT;SELL;1;0.1;16787.531;16795.531;16765.308777777776;16795.531;SL;-0.72;2.5
P1_FIXED_01;2024-01-17 16:35:00;2024-01-17 16:37:00;TT;BUY;1;0.1;16698.719;16693.719;16710.719;16693.719;SL;-0.45;2.5
P2_01_02_EUR1;2024-01-17 16:35:00;2024-01-17 16:37:00;TT;BUY;2;0.2;16698.719;16692.719;16710.719;16692.719;SL;-1.08;2.5
P3_01_02_03_EUR1;2024-01-17 16:35:00;2024-01-17 16:37:00;TT;BUY;2;0.2;16698.719;16692.719;16712.719;16692.719;SL;-1.08;2.5
P4_01_02_03_EUR2;2024-01-17 16:35:00;2024-01-17 16:37:00;TT;BUY;2;0.2;16698.719;16690.719;16714.719;16690.719;SL;-1.44;2.5
P6_01_02_03_04_EUR2;2024-01-17 16:35:00;2024-01-17 16:37:00;TT;BUY;2;0.2;16698.719;16690.719;16716.719;16690.719;SL;-1.44;2.5
P5_01_02_03_EUR3;2024-01-17 16:35:00;2024-01-17 16:45:00;TT;BUY;2;0.2;16698.719;16688.719;16720.38566666667;16700.376;TIME;0.3;2.5
P7_01_02_03_04_EUR3;2024-01-17 16:35:00;2024-01-17 16:45:00;TT;BUY;2;0.2;16698.719;16688.719;16720.719;16700.376;TIME;0.3;2.5
P8_01_02_03_04_EUR5;2024-01-17 16:35:00;2024-01-17 16:45:00;TT;BUY;2;0.2;16698.719;16688.719;16731.49677777778;16700.376;TIME;0.3;2.5
P1_FIXED_01;2024-01-17 16:46:00;2024-01-17 16:47:00;TT;BUY;1;0.1;16710.32;16705.32;16722.32;16705.32;SL;-0.45;2.5
P2_01_02_EUR1;2024-01-17 16:46:00;2024-01-17 16:47:00;TT;BUY;1;0.1;16710.32;16704.32;16722.32;16704.32;SL;-0.54;2.5
P3_01_02_03_EUR1;2024-01-17 16:46:00;2024-01-17 16:47:00;TT;BUY;3;0.3;16710.32;16704.32;16724.32;16704.32;SL;-1.62;2.5
P4_01_02_03_EUR2;2024-01-17 16:46:00;2024-01-17 16:47:00;TT;BUY;3;0.3;16710.32;16702.32;16726.32;16702.32;SL;-2.16;2.5
P5_01_02_03_EUR3;2024-01-17 16:46:00;2024-01-17 16:47:00;TT;BUY;1;0.1;16710.32;16700.32;16743.653333333332;16700.32;SL;-0.9;2.5
P6_01_02_03_04_EUR2;2024-01-17 16:46:00;2024-01-17 16:47:00;TT;BUY;3;0.3;16710.32;16702.32;16728.32;16702.32;SL;-2.16;2.5
P7_01_02_03_04_EUR3;2024-01-17 16:46:00;2024-01-17 16:47:00;TT;BUY;1;0.1;16710.32;16700.32;16743.653333333332;16700.32;SL;-0.9;2.5
P8_01_02_03_04_EUR5;2024-01-17 16:46:00;2024-01-17 16:47:00;TT;BUY;1;0.1;16710.32;16700.32;16765.875555555554;16700.32;SL;-0.9;2.5
P1_FIXED_01;2024-01-17 16:49:00;2024-01-17 16:50:00;FT;BUY;1;0.1;16695.732;16690.732;16707.732;16690.732;SL;-0.45;2.5
P2_01_02_EUR1;2024-01-17 16:49:00;2024-01-17 16:50:00;FT;BUY;2;0.2;16695.732;16689.732;16707.732;16689.732;SL;-1.08;2.5
P3_01_02_03_EUR1;2024-01-17 16:49:00;2024-01-17 16:50:00;FT;BUY;1;0.1;16695.732;16689.732;16709.732;16689.732;SL;-0.54;2.5
P4_01_02_03_EUR2;2024-01-17 16:49:00;2024-01-17 16:50:00;FT;BUY;1;0.1;16695.732;16687.732;16717.954222222223;16687.732;SL;-0.72;2.5
P5_01_02_03_EUR3;2024-01-17 16:49:00;2024-01-17 16:50:00;FT;BUY;2;0.2;16695.732;16685.732;16717.398666666668;16685.732;SL;-1.8;2.5
P6_01_02_03_04_EUR2;2024-01-17 16:49:00;2024-01-17 16:50:00;FT;BUY;4;0.4;16695.732;16687.732;16713.732;16687.732;SL;-2.88;2.5
P7_01_02_03_04_EUR3;2024-01-17 16:49:00;2024-01-17 16:50:00;FT;BUY;2;0.2;16695.732;16685.732;16717.732;16685.732;SL;-1.8;2.5
P8_01_02_03_04_EUR5;2024-01-17 16:49:00;2024-01-17 16:50:00;FT;BUY;2;0.2;16695.732;16685.732;16728.509777777777;16685.732;SL;-1.8;2.5
P1_FIXED_01;2024-01-17 16:51:00;2024-01-17 16:54:00;TT;SELL;1;0.1;16682.076;16687.076;16670.076;16687.076;SL;-0.45;2.5
P2_01_02_EUR1;2024-01-17 16:51:00;2024-01-17 16:58:00;TT;SELL;1;0.1;16682.076;16688.076;16670.076;16688.076;SL;-0.54;2.5
P3_01_02_03_EUR1;2024-01-17 16:51:00;2024-01-17 16:58:00;TT;SELL;2;0.2;16682.076;16688.076;16668.076;16688.076;SL;-1.08;2.5
P4_01_02_03_EUR2;2024-01-17 16:51:00;2024-01-17 17:01:00;TT;SELL;2;0.2;16682.076;16690.076;16666.076;16690.076;SL;-1.44;2.5
P5_01_02_03_EUR3;2024-01-17 16:51:00;2024-01-17 17:01:00;TT;SELL;3;0.3;16682.076;16692.076;16660.96488888889;16686.299;TIME;-1.14;2.5
P6_01_02_03_04_EUR2;2024-01-17 16:51:00;2024-01-17 17:01:00;TT;SELL;1;0.1;16682.076;16690.076;16659.85377777778;16690.076;SL;-0.72;2.5
P7_01_02_03_04_EUR3;2024-01-17 16:51:00;2024-01-17 17:01:00;TT;SELL;3;0.3;16682.076;16692.076;16660.076;16686.299;TIME;-1.14;2.5
P8_01_02_03_04_EUR5;2024-01-17 16:51:00;2024-01-17 17:01:00;TT;SELL;3;0.3;16682.076;16692.076;16653.557481481483;16686.299;TIME;-1.14;2.5
P1_FIXED_01;2024-01-17 17:05:00;2024-01-17 17:06:00;TT;SELL;1;0.1;16675.276;16680.276;16663.276;16680.276;SL;-0.45;2.5
P2_01_02_EUR1;2024-01-17 17:05:00;2024-01-17 17:06:00;TT;SELL;2;0.2;16675.276;16681.276;16663.276;16681.276;SL;-1.08;2.5
P3_01_02_03_EUR1;2024-01-17 17:05:00;2024-01-17 17:06:00;TT;SELL;3;0.3;16675.276;16681.276;16661.276;16681.276;SL;-1.62;2.5
P4_01_02_03_EUR2;2024-01-17 17:05:00;2024-01-17 17:12:00;TT;SELL;3;0.3;16675.276;16683.276;16659.276;16683.276;SL;-2.16;2.5
P5_01_02_03_EUR3;2024-01-17 17:05:00;2024-01-17 17:12:00;TT;SELL;1;0.1;16675.276;16685.276;16641.94266666667;16685.276;SL;-0.9;2.5
P6_01_02_03_04_EUR2;2024-01-17 17:05:00;2024-01-17 17:12:00;TT;SELL;2;0.2;16675.276;16683.276;16657.276;16683.276;SL;-1.44;2.5
P7_01_02_03_04_EUR3;2024-01-17 17:05:00;2024-01-17 17:12:00;TT;SELL;4;0.4;16675.276;16685.276;16653.276;16685.276;SL;-3.6;2.5
P8_01_02_03_04_EUR5;2024-01-17 17:05:00;2024-01-17 17:12:00;TT;SELL;4;0.4;16675.276;16685.276;16650.276;16685.276;SL;-3.6;2.5
P1_FIXED_01;2024-01-17 17:13:00;2024-01-17 17:18:00;TT;BUY;1;0.1;16685.053;16680.053;16697.053;16680.053;SL;-0.45;2.5
P2_01_02_EUR1;2024-01-17 17:13:00;2024-01-17 17:18:00;TT;BUY;1;0.1;16685.053;16679.053;16697.053;16679.053;SL;-0.54;2.5
P3_01_02_03_EUR1;2024-01-17 17:13:00;2024-01-17 17:18:00;TT;BUY;1;0.1;16685.053;16679.053;16699.053;16679.053;SL;-0.54;2.5
P4_01_02_03_EUR2;2024-01-17 17:13:00;2024-01-17 17:19:00;TT;BUY;1;0.1;16685.053;16677.053;16707.275222222223;16677.053;SL;-0.72;2.5
P6_01_02_03_04_EUR2;2024-01-17 17:13:00;2024-01-17 17:19:00;TT;BUY;3;0.3;16685.053;16677.053;16703.053;16677.053;SL;-2.16;2.5
P5_01_02_03_EUR3;2024-01-17 17:13:00;2024-01-17 17:22:00;TT;BUY;2;0.2;16685.053;16675.053;16706.719666666668;16675.053;SL;-1.8;2.5
P7_01_02_03_04_EUR3;2024-01-17 17:13:00;2024-01-17 17:22:00;TT;BUY;1;0.1;16685.053;16675.053;16718.386333333332;16675.053;SL;-0.9;2.5
P8_01_02_03_04_EUR5;2024-01-17 17:13:00;2024-01-17 17:22:00;TT;BUY;1;0.1;16685.053;16675.053;16740.608555555555;16675.053;SL;-0.9;2.5
P1_FIXED_01;2024-01-17 17:24:00;2024-01-17 17:26:00;TT;SELL;1;0.1;16666.799;16671.799;16654.799;16671.799;SL;-0.45;2.5
P2_01_02_EUR1;2024-01-17 17:24:00;2024-01-17 17:26:00;TT;SELL;2;0.2;16666.799;16672.799;16654.799;16672.799;SL;-1.08;2.5
P3_01_02_03_EUR1;2024-01-17 17:24:00;2024-01-17 17:26:00;TT;SELL;2;0.2;16666.799;16672.799;16652.799;16672.799;SL;-1.08;2.5
P1_FIXED_01;2024-01-17 17:26:00;2024-01-17 17:27:00;FT;BUY;1;0.1;16667.297;16662.297;16679.297;16662.297;SL;-0.45;2.5
P2_01_02_EUR1;2024-01-17 17:26:00;2024-01-17 17:27:00;FT;BUY;1;0.1;16667.297;16661.297;16679.297;16661.297;SL;-0.54;2.5
P3_01_02_03_EUR1;2024-01-17 17:26:00;2024-01-17 17:27:00;FT;BUY;3;0.3;16667.297;16661.297;16681.297;16661.297;SL;-1.62;2.5
P1_FIXED_01;2024-01-17 17:28:00;2024-01-17 17:30:00;TT;SELL;1;0.1;16656.321;16661.321;16644.321;16661.321;SL;-0.45;2.5
P2_01_02_EUR1;2024-01-17 17:28:00;2024-01-17 17:30:00;TT;SELL;2;0.2;16656.321;16662.321;16644.321;16662.321;SL;-1.08;2.5
P3_01_02_03_EUR1;2024-01-17 17:28:00;2024-01-17 17:30:00;TT;SELL;1;0.1;16656.321;16662.321;16642.321;16662.321;SL;-0.54;2.5
P4_01_02_03_EUR2;2024-01-17 17:24:00;2024-01-17 17:34:00;TT;SELL;2;0.2;16666.799;16674.799;16650.799;16664.554;TIME;0.4;2.5
P5_01_02_03_EUR3;2024-01-17 17:24:00;2024-01-17 17:34:00;TT;SELL;3;0.3;16666.799;16676.799;16645.68788888889;16664.554;TIME;0.61;2.5
P6_01_02_03_04_EUR2;2024-01-17 17:24:00;2024-01-17 17:34:00;TT;SELL;4;0.4;16666.799;16674.799;16648.799;16664.554;TIME;0.81;2.5
P7_01_02_03_04_EUR3;2024-01-17 17:24:00;2024-01-17 17:34:00;TT;SELL;2;0.2;16666.799;16676.799;16644.799;16664.554;TIME;0.4;2.5
P8_01_02_03_04_EUR5;2024-01-17 17:24:00;2024-01-17 17:34:00;TT;SELL;2;0.2;16666.799;16676.799;16634.02122222222;16664.554;TIME;0.4;2.5
P1_FIXED_01;2024-01-17 17:44:00;2024-01-17 17:45:00;TT;SELL;1;0.1;16645.909;16650.909;16633.909;16650.909;SL;-0.45;2.5
P2_01_02_EUR1;2024-01-17 17:44:00;2024-01-17 17:45:00;TT;SELL;1;0.1;16645.909;16651.909;16633.909;16651.909;SL;-0.54;2.5
P3_01_02_03_EUR1;2024-01-17 17:44:00;2024-01-17 17:45:00;TT;SELL;2;0.2;16645.909;16651.909;16631.909;16651.909;SL;-1.08;2.5
P4_01_02_03_EUR2;2024-01-17 17:44:00;2024-01-17 17:45:00;TT;SELL;1;0.1;16645.909;16653.909;16623.686777777777;16653.909;SL;-0.72;2.5
P6_01_02_03_04_EUR2;2024-01-17 17:44:00;2024-01-17 17:45:00;TT;SELL;1;0.1;16645.909;16653.909;16623.686777777777;16653.909;SL;-0.72;2.5
P5_01_02_03_EUR3;2024-01-17 17:44:00;2024-01-17 17:46:00;TT;SELL;1;0.1;16645.909;16655.909;16612.575666666668;16655.909;SL;-0.9;2.5
P7_01_02_03_04_EUR3;2024-01-17 17:44:00;2024-01-17 17:46:00;TT;SELL;1;0.1;16645.909;16655.909;16612.575666666668;16655.909;SL;-0.9;2.5
P8_01_02_03_04_EUR5;2024-01-17 17:44:00;2024-01-17 17:46:00;TT;SELL;1;0.1;16645.909;16655.909;16590.353444444445;16655.909;SL;-0.9;2.5
P1_FIXED_01;2024-01-17 17:50:00;2024-01-17 17:51:00;FT;SELL;1;0.1;16660.853;16665.853;16648.853;16665.853;SL;-0.45;2.5
P2_01_02_EUR1;2024-01-17 17:50:00;2024-01-17 17:51:00;FT;SELL;2;0.2;16660.853;16666.853;16648.853;16666.853;SL;-1.08;2.5
P3_01_02_03_EUR1;2024-01-17 17:50:00;2024-01-17 17:51:00;FT;SELL;3;0.3;16660.853;16666.853;16646.853;16666.853;SL;-1.62;2.5
P4_01_02_03_EUR2;2024-01-17 17:50:00;2024-01-17 17:52:00;FT;SELL;2;0.2;16660.853;16668.853;16644.853;16668.853;SL;-1.44;2.5
P5_01_02_03_EUR3;2024-01-17 17:50:00;2024-01-17 17:52:00;FT;SELL;2;0.2;16660.853;16670.853;16639.18633333333;16670.853;SL;-1.8;2.5
P6_01_02_03_04_EUR2;2024-01-17 17:50:00;2024-01-17 17:52:00;FT;SELL;2;0.2;16660.853;16668.853;16642.853;16668.853;SL;-1.44;2.5
P7_01_02_03_04_EUR3;2024-01-17 17:50:00;2024-01-17 17:52:00;FT;SELL;2;0.2;16660.853;16670.853;16638.853;16670.853;SL;-1.8;2.5
P8_01_02_03_04_EUR5;2024-01-17 17:50:00;2024-01-17 17:52:00;FT;SELL;2;0.2;16660.853;16670.853;16628.07522222222;16670.853;SL;-1.8;2.5
P1_FIXED_01;2024-01-17 17:51:00;2024-01-17 17:58:00;TT;BUY;1;0.1;16669.231;16664.231;16681.231;16681.231;TP;1.08;2.5
P2_01_02_EUR1;2024-01-17 17:51:00;2024-01-17 17:58:00;TT;BUY;1;0.1;16669.231;16663.231;16681.231;16681.231;TP;1.08;2.5
P3_01_02_03_EUR1;2024-01-17 17:51:00;2024-01-17 17:58:00;TT;BUY;1;0.1;16669.231;16663.231;16683.231;16683.231;TP;1.26;2.5
P1_FIXED_01;2024-01-17 17:59:00;2024-01-17 18:00:00;TT;BUY;1;0.1;16687.242;16682.242;16699.242;16682.242;SL;-0.45;2.5
P2_01_02_EUR1;2024-01-17 17:59:00;2024-01-17 18:00:00;TT;BUY;1;0.1;16687.242;16681.242;16699.242;16681.242;SL;-0.54;2.5
P3_01_02_03_EUR1;2024-01-17 17:59:00;2024-01-17 18:00:00;TT;BUY;1;0.1;16687.242;16681.242;16701.242;16681.242;SL;-0.54;2.5
P4_01_02_03_EUR2;2024-01-17 17:52:00;2024-01-17 18:02:00;TT;BUY;3;0.3;16672.908;16664.908;16688.908;16686.065;TIME;3.55;2.5
P5_01_02_03_EUR3;2024-01-17 17:52:00;2024-01-17 18:02:00;TT;BUY;3;0.3;16672.908;16662.908;16694.01911111111;16686.065;TIME;3.55;2.5
P6_01_02_03_04_EUR2;2024-01-17 17:52:00;2024-01-17 18:02:00;TT;BUY;3;0.3;16672.908;16664.908;16690.908;16686.065;TIME;3.55;2.5
P7_01_02_03_04_EUR3;2024-01-17 17:52:00;2024-01-17 18:02:00;TT;BUY;3;0.3;16672.908;16662.908;16694.908;16686.065;TIME;3.55;2.5
P8_01_02_03_04_EUR5;2024-01-17 17:52:00;2024-01-17 18:02:00;TT;BUY;3;0.3;16672.908;16662.908;16701.426518518518;16686.065;TIME;3.55;2.5
P1_FIXED_01;2024-01-17 18:03:00;2024-01-17 18:05:00;FT;SELL;1;0.1;16687.576;16692.576;16675.576;16692.576;SL;-0.45;2.5
P2_01_02_EUR1;2024-01-17 18:03:00;2024-01-17 18:05:00;FT;SELL;2;0.2;16687.576;16693.576;16675.576;16693.576;SL;-1.08;2.5
P3_01_02_03_EUR1;2024-01-17 18:03:00;2024-01-17 18:05:00;FT;SELL;2;0.2;16687.576;16693.576;16673.576;16693.576;SL;-1.08;2.5
P4_01_02_03_EUR2;2024-01-17 18:03:00;2024-01-17 18:05:00;FT;SELL;1;0.1;16687.576;16695.576;16665.35377777778;16695.576;SL;-0.72;2.5
P6_01_02_03_04_EUR2;2024-01-17 18:03:00;2024-01-17 18:05:00;FT;SELL;1;0.1;16687.576;16695.576;16665.35377777778;16695.576;SL;-0.72;2.5
P5_01_02_03_EUR3;2024-01-17 18:03:00;2024-01-17 18:06:00;FT;SELL;1;0.1;16687.576;16697.576;16654.24266666667;16697.576;SL;-0.9;2.5
P7_01_02_03_04_EUR3;2024-01-17 18:03:00;2024-01-17 18:06:00;FT;SELL;1;0.1;16687.576;16697.576;16654.24266666667;16697.576;SL;-0.9;2.5
P8_01_02_03_04_EUR5;2024-01-17 18:03:00;2024-01-17 18:06:00;FT;SELL;1;0.1;16687.576;16697.576;16632.020444444446;16697.576;SL;-0.9;2.5
P1_FIXED_01;2024-01-17 18:08:00;2024-01-17 18:09:00;FT;BUY;1;0.1;16686.209;16681.209;16698.209;16681.209;SL;-0.45;2.5
P2_01_02_EUR1;2024-01-17 18:08:00;2024-01-17 18:09:00;FT;BUY;1;0.1;16686.209;16680.209;16698.209;16680.209;SL;-0.54;2.5
P3_01_02_03_EUR1;2024-01-17 18:08:00;2024-01-17 18:09:00;FT;BUY;3;0.3;16686.209;16680.209;16700.209;16680.209;SL;-1.62;2.5
P4_01_02_03_EUR2;2024-01-17 18:08:00;2024-01-17 18:10:00;FT;BUY;2;0.2;16686.209;16678.209;16702.209;16678.209;SL;-1.44;2.5
P5_01_02_03_EUR3;2024-01-17 18:08:00;2024-01-17 18:10:00;FT;BUY;2;0.2;16686.209;16676.209;16707.875666666667;16676.209;SL;-1.8;2.5
P6_01_02_03_04_EUR2;2024-01-17 18:08:00;2024-01-17 18:10:00;FT;BUY;2;0.2;16686.209;16678.209;16704.209;16678.209;SL;-1.44;2.5
P7_01_02_03_04_EUR3;2024-01-17 18:08:00;2024-01-17 18:10:00;FT;BUY;2;0.2;16686.209;16676.209;16708.209;16676.209;SL;-1.8;2.5
P8_01_02_03_04_EUR5;2024-01-17 18:08:00;2024-01-17 18:10:00;FT;BUY;2;0.2;16686.209;16676.209;16718.986777777776;16676.209;SL;-1.8;2.5
P1_FIXED_01;2024-01-17 18:09:00;2024-01-17 18:11:00;TT;SELL;1;0.1;16680.175;16685.175;16668.175;16668.175;TP;1.08;2.5
P2_01_02_EUR1;2024-01-17 18:09:00;2024-01-17 18:11:00;TT;SELL;2;0.2;16680.175;16686.175;16668.175;16668.175;TP;2.16;2.5
P3_01_02_03_EUR1;2024-01-17 18:09:00;2024-01-17 18:11:00;TT;SELL;1;0.1;16680.175;16686.175;16666.175;16666.175;TP;1.26;2.5
P1_FIXED_01;2024-01-17 18:11:00;2024-01-17 18:12:00;TT;SELL;1;0.1;16657.865;16662.865;16645.865;16662.865;SL;-0.45;2.5
P2_01_02_EUR1;2024-01-17 18:11:00;2024-01-17 18:12:00;TT;SELL;1;0.1;16657.865;16663.865;16645.865;16663.865;SL;-0.54;2.5
P3_01_02_03_EUR1;2024-01-17 18:11:00;2024-01-17 18:12:00;TT;SELL;1;0.1;16657.865;16663.865;16643.865;16663.865;SL;-0.54;2.5
P4_01_02_03_EUR2;2024-01-17 18:10:00;2024-01-17 18:15:00;TT;SELL;3;0.3;16672.753;16680.753;16656.753;16656.753;TP;4.32;2.5
P5_01_02_03_EUR3;2024-01-17 18:10:00;2024-01-17 18:16:00;TT;SELL;3;0.3;16672.753;16682.753;16651.64188888889;16651.64188888889;TP;5.7;2.5
P6_01_02_03_04_EUR2;2024-01-17 18:10:00;2024-01-17 18:16:00;TT;SELL;3;0.3;16672.753;16680.753;16654.753;16654.753;TP;4.86;2.5
P7_01_02_03_04_EUR3;2024-01-17 18:10:00;2024-01-17 18:16:00;TT;SELL;3;0.3;16672.753;16682.753;16650.753;16650.753;TP;5.94;2.5
P8_01_02_03_04_EUR5;2024-01-17 18:10:00;2024-01-17 18:20:00;TT;SELL;3;0.3;16672.753;16682.753;16644.234481481482;16652.72;TIME;5.41;2.5
P1_FIXED_01;2024-01-17 18:23:00;2024-01-17 18:24:00;FT;BUY;1;0.1;16636.775;16631.775;16648.775;16631.775;SL;-0.45;2.5
P1_FIXED_01;2024-01-17 18:24:00;2024-01-17 18:25:00;FT;BUY;1;0.1;16636.031;16631.031;16648.031;16631.031;SL;-0.45;2.5
P2_01_02_EUR1;2024-01-17 18:23:00;2024-01-17 18:25:00;FT;BUY;2;0.2;16636.775;16630.775;16648.775;16630.775;SL;-1.08;2.5
P3_01_02_03_EUR1;2024-01-17 18:23:00;2024-01-17 18:25:00;FT;BUY;2;0.2;16636.775;16630.775;16650.775;16630.775;SL;-1.08;2.5
P4_01_02_03_EUR2;2024-01-17 18:23:00;2024-01-17 18:25:00;FT;BUY;1;0.1;16636.775;16628.775;16658.997222222224;16628.775;SL;-0.72;2.5
P5_01_02_03_EUR3;2024-01-17 18:23:00;2024-01-17 18:25:00;FT;BUY;1;0.1;16636.775;16626.775;16670.108333333334;16626.775;SL;-0.9;2.5
P6_01_02_03_04_EUR2;2024-01-17 18:23:00;2024-01-17 18:25:00;FT;BUY;1;0.1;16636.775;16628.775;16658.997222222224;16628.775;SL;-0.72;2.5
P7_01_02_03_04_EUR3;2024-01-17 18:23:00;2024-01-17 18:25:00;FT;BUY;1;0.1;16636.775;16626.775;16670.108333333334;16626.775;SL;-0.9;2.5
P8_01_02_03_04_EUR5;2024-01-17 18:23:00;2024-01-17 18:25:00;FT;BUY;1;0.1;16636.775;16626.775;16692.330555555556;16626.775;SL;-0.9;2.5
P1_FIXED_01;2024-01-18 16:30:00;2024-01-18 16:31:00;FT;SELL;1;0.1;16957.154;16962.154;16945.154;16962.154;SL;-0.45;2.5
P2_01_02_EUR1;2024-01-18 16:30:00;2024-01-18 16:31:00;FT;SELL;1;0.1;16957.154;16963.154;16945.154;16963.154;SL;-0.54;2.5
P3_01_02_03_EUR1;2024-01-18 16:30:00;2024-01-18 16:31:00;FT;SELL;3;0.3;16957.154;16963.154;16943.154;16963.154;SL;-1.62;2.5
P4_01_02_03_EUR2;2024-01-18 16:30:00;2024-01-18 16:32:00;FT;SELL;2;0.2;16957.154;16965.154;16941.154;16965.154;SL;-1.44;2.5
P5_01_02_03_EUR3;2024-01-18 16:30:00;2024-01-18 16:32:00;FT;SELL;2;0.2;16957.154;16967.154;16935.48733333333;16967.154;SL;-1.8;2.5
P6_01_02_03_04_EUR2;2024-01-18 16:30:00;2024-01-18 16:32:00;FT;SELL;2;0.2;16957.154;16965.154;16939.154;16965.154;SL;-1.44;2.5
P7_01_02_03_04_EUR3;2024-01-18 16:30:00;2024-01-18 16:32:00;FT;SELL;2;0.2;16957.154;16967.154;16935.154;16967.154;SL;-1.8;2.5
P8_01_02_03_04_EUR5;2024-01-18 16:30:00;2024-01-18 16:32:00;FT;SELL;2;0.2;16957.154;16967.154;16924.37622222222;16967.154;SL;-1.8;2.5
P4_01_02_03_EUR2;2024-01-18 16:32:00;2024-01-18 16:33:00;TT;BUY;3;0.3;16972.764;16964.764;16988.764;16964.764;SL;-2.16;2.5
P6_01_02_03_04_EUR2;2024-01-18 16:32:00;2024-01-18 16:33:00;TT;BUY;3;0.3;16972.764;16964.764;16990.764;16964.764;SL;-2.16;2.5
P5_01_02_03_EUR3;2024-01-18 16:32:00;2024-01-18 16:35:00;TT;BUY;3;0.3;16972.764;16962.764;16993.87511111111;16962.764;SL;-2.7;2.5
P7_01_02_03_04_EUR3;2024-01-18 16:32:00;2024-01-18 16:35:00;TT;BUY;3;0.3;16972.764;16962.764;16994.764;16962.764;SL;-2.7;2.5
P8_01_02_03_04_EUR5;2024-01-18 16:32:00;2024-01-18 16:35:00;TT;BUY;3;0.3;16972.764;16962.764;17001.282518518517;16962.764;SL;-2.7;2.5
P1_FIXED_01;2024-01-18 16:31:00;2024-01-18 16:41:00;TT;BUY;1;0.1;16964.732;16959.732;16976.732;16959.732;SL;-0.45;2.5
P2_01_02_EUR1;2024-01-18 16:31:00;2024-01-18 16:41:00;TT;BUY;2;0.2;16964.732;16958.732;16976.732;16958.732;SL;-1.08;2.5
P3_01_02_03_EUR1;2024-01-18 16:31:00;2024-01-18 16:41:00;TT;BUY;1;0.1;16964.732;16958.732;16978.732;16958.732;SL;-0.54;2.5
P1_FIXED_01;2024-01-18 16:41:00;2024-01-18 16:42:00;TT;SELL;1;0.1;16956.287;16961.287;16944.287;16961.287;SL;-0.45;2.5
P2_01_02_EUR1;2024-01-18 16:41:00;2024-01-18 16:42:00;TT;SELL;1;0.1;16956.287;16962.287;16944.287;16962.287;SL;-0.54;2.5
P3_01_02_03_EUR1;2024-01-18 16:41:00;2024-01-18 16:42:00;TT;SELL;2;0.2;16956.287;16962.287;16942.287;16962.287;SL;-1.08;2.5
P1_FIXED_01;2024-01-18 16:48:00;2024-01-18 16:49:00;TT;SELL;1;0.1;16940.589;16945.589;16928.589;16945.589;SL;-0.45;2.5
P2_01_02_EUR1;2024-01-18 16:48:00;2024-01-18 16:49:00;TT;SELL;2;0.2;16940.589;16946.589;16928.589;16946.589;SL;-1.08;2.5
P3_01_02_03_EUR1;2024-01-18 16:48:00;2024-01-18 16:49:00;TT;SELL;3;0.3;16940.589;16946.589;16926.589;16946.589;SL;-1.62;2.5
P4_01_02_03_EUR2;2024-01-18 16:41:00;2024-01-18 16:51:00;TT;SELL;1;0.1;16956.287;16964.287;16934.064777777778;16955.809;TIME;0.04;2.5
P5_01_02_03_EUR3;2024-01-18 16:41:00;2024-01-18 16:51:00;TT;SELL;1;0.1;16956.287;16966.287;16922.953666666668;16955.809;TIME;0.04;2.5
P6_01_02_03_04_EUR2;2024-01-18 16:41:00;2024-01-18 16:51:00;TT;SELL;4;0.4;16956.287;16964.287;16938.287;16955.809;TIME;0.17;2.5
P7_01_02_03_04_EUR3;2024-01-18 16:41:00;2024-01-18 16:51:00;TT;SELL;4;0.4;16956.287;16966.287;16932.953666666668;16955.809;TIME;0.17;2.5
P8_01_02_03_04_EUR5;2024-01-18 16:41:00;2024-01-18 16:51:00;TT;SELL;4;0.4;16956.287;16966.287;16927.39811111111;16955.809;TIME;0.17;2.5
P1_FIXED_01;2024-01-18 16:51:00;2024-01-18 16:52:00;TT;BUY;1;0.1;16955.741;16950.741;16967.741;16950.741;SL;-0.45;2.5
P2_01_02_EUR1;2024-01-18 16:51:00;2024-01-18 16:52:00;TT;BUY;1;0.1;16955.741;16949.741;16967.741;16949.741;SL;-0.54;2.5
P3_01_02_03_EUR1;2024-01-18 16:51:00;2024-01-18 16:52:00;TT;BUY;1;0.1;16955.741;16949.741;16969.741;16949.741;SL;-0.54;2.5
P1_FIXED_01;2024-01-18 16:52:00;2024-01-18 16:53:00;FT;SELL;1;0.1;16953.754;16958.754;16941.754;16958.754;SL;-0.45;2.5
P2_01_02_EUR1;2024-01-18 16:52:00;2024-01-18 16:53:00;FT;SELL;2;0.2;16953.754;16959.754;16941.754;16959.754;SL;-1.08;2.5
P3_01_02_03_EUR1;2024-01-18 16:52:00;2024-01-18 16:53:00;FT;SELL;2;0.2;16953.754;16959.754;16939.754;16959.754;SL;-1.08;2.5
P1_FIXED_01;2024-01-18 16:53:00;2024-01-18 16:54:00;TT;BUY;1;0.1;16961.319;16956.319;16973.319;16956.319;SL;-0.45;2.5
P2_01_02_EUR1;2024-01-18 16:53:00;2024-01-18 16:54:00;TT;BUY;1;0.1;16961.319;16955.319;16973.319;16955.319;SL;-0.54;2.5
P3_01_02_03_EUR1;2024-01-18 16:53:00;2024-01-18 16:54:00;TT;BUY;3;0.3;16961.319;16955.319;16975.319;16955.319;SL;-1.62;2.5
P4_01_02_03_EUR2;2024-01-18 16:51:00;2024-01-18 16:58:00;TT;BUY;1;0.1;16955.741;16947.741;16977.963222222224;16947.741;SL;-0.72;2.5
P6_01_02_03_04_EUR2;2024-01-18 16:51:00;2024-01-18 16:58:00;TT;BUY;1;0.1;16955.741;16947.741;16977.963222222224;16947.741;SL;-0.72;2.5
P5_01_02_03_EUR3;2024-01-18 16:51:00;2024-01-18 17:01:00;TT;BUY;1;0.1;16955.741;16945.741;16989.074333333334;16945.741;SL;-0.9;2.5
P7_01_02_03_04_EUR3;2024-01-18 16:51:00;2024-01-18 17:01:00;TT;BUY;1;0.1;16955.741;16945.741;16989.074333333334;16945.741;SL;-0.9;2.5
P8_01_02_03_04_EUR5;2024-01-18 16:51:00;2024-01-18 17:01:00;TT;BUY;1;0.1;16955.741;16945.741;17011.296555555557;16945.741;SL;-0.9;2.5
P1_FIXED_01;2024-01-18 17:02:00;2024-01-18 17:03:00;TT;SELL;1;0.1;16922.264;16927.264;16910.264;16927.264;SL_SAME_BAR;-0.45;2.5
P2_01_02_EUR1;2024-01-18 17:02:00;2024-01-18 17:03:00;TT;SELL;2;0.2;16922.264;16928.264;16910.264;16910.264;TP;2.16;2.5
P1_FIXED_01;2024-01-18 17:03:00;2024-01-18 17:04:00;FT;BUY;1;0.1;16919.309;16914.309;16931.309;16914.309;SL;-0.45;2.5
P2_01_02_EUR1;2024-01-18 17:03:00;2024-01-18 17:04:00;FT;BUY;1;0.1;16919.309;16913.309;16931.309;16913.309;SL;-0.54;2.5
P3_01_02_03_EUR1;2024-01-18 17:02:00;2024-01-18 17:05:00;TT;SELL;1;0.1;16922.264;16928.264;16908.264;16908.264;TP;1.26;2.5
P4_01_02_03_EUR2;2024-01-18 17:02:00;2024-01-18 17:05:00;TT;SELL;2;0.2;16922.264;16930.264;16906.264;16906.264;TP;2.88;2.5
P5_01_02_03_EUR3;2024-01-18 17:02:00;2024-01-18 17:05:00;TT;SELL;2;0.2;16922.264;16932.264;16900.59733333333;16900.59733333333;TP;3.9;2.5
P6_01_02_03_04_EUR2;2024-01-18 17:02:00;2024-01-18 17:05:00;TT;SELL;2;0.2;16922.264;16930.264;16904.264;16904.264;TP;3.24;2.5
P7_01_02_03_04_EUR3;2024-01-18 17:02:00;2024-01-18 17:05:00;TT;SELL;2;0.2;16922.264;16932.264;16900.264;16900.264;TP;3.96;2.5
P1_FIXED_01;2024-01-18 17:05:00;2024-01-18 17:06:00;TT;SELL;1;0.1;16896.076;16901.076;16884.076;16901.076;SL;-0.45;2.5
P2_01_02_EUR1;2024-01-18 17:05:00;2024-01-18 17:06:00;TT;SELL;2;0.2;16896.076;16902.076;16884.076;16902.076;SL;-1.08;2.5
P3_01_02_03_EUR1;2024-01-18 17:05:00;2024-01-18 17:06:00;TT;SELL;1;0.1;16896.076;16902.076;16882.076;16902.076;SL;-0.54;2.5
P4_01_02_03_EUR2;2024-01-18 17:05:00;2024-01-18 17:06:00;TT;SELL;1;0.1;16896.076;16904.076;16873.85377777778;16904.076;SL;-0.72;2.5
P5_01_02_03_EUR3;2024-01-18 17:05:00;2024-01-18 17:06:00;TT;SELL;1;0.1;16896.076;16906.076;16862.74266666667;16906.076;SL;-0.9;2.5
P6_01_02_03_04_EUR2;2024-01-18 17:05:00;2024-01-18 17:06:00;TT;SELL;1;0.1;16896.076;16904.076;16873.85377777778;16904.076;SL;-0.72;2.5
P7_01_02_03_04_EUR3;2024-01-18 17:05:00;2024-01-18 17:06:00;TT;SELL;1;0.1;16896.076;16906.076;16862.74266666667;16906.076;SL;-0.9;2.5
P8_01_02_03_04_EUR5;2024-01-18 17:02:00;2024-01-18 17:09:00;TT;SELL;2;0.2;16922.264;16932.264;16889.486222222222;16889.486222222222;TP;5.9;2.5
P1_FIXED_01;2024-01-18 17:13:00;2024-01-18 17:14:00;TT;SELL;1;0.1;16875.289;16880.289;16863.289;16880.289;SL;-0.45;2.5
P2_01_02_EUR1;2024-01-18 17:13:00;2024-01-18 17:15:00;TT;SELL;1;0.1;16875.289;16881.289;16863.289;16881.289;SL;-0.54;2.5
P3_01_02_03_EUR1;2024-01-18 17:13:00;2024-01-18 17:15:00;TT;SELL;2;0.2;16875.289;16881.289;16861.289;16881.289;SL;-1.08;2.5
P4_01_02_03_EUR2;2024-01-18 17:13:00;2024-01-18 17:15:00;TT;SELL;2;0.2;16875.289;16883.289;16859.289;16883.289;SL;-1.44;2.5
P5_01_02_03_EUR3;2024-01-18 17:13:00;2024-01-18 17:15:00;TT;SELL;2;0.2;16875.289;16885.289;16853.622333333333;16885.289;SL;-1.8;2.5
P6_01_02_03_04_EUR2;2024-01-18 17:13:00;2024-01-18 17:15:00;TT;SELL;2;0.2;16875.289;16883.289;16857.289;16883.289;SL;-1.44;2.5
P7_01_02_03_04_EUR3;2024-01-18 17:13:00;2024-01-18 17:15:00;TT;SELL;2;0.2;16875.289;16885.289;16853.289;16885.289;SL;-1.8;2.5
P8_01_02_03_04_EUR5;2024-01-18 17:13:00;2024-01-18 17:15:00;TT;SELL;1;0.1;16875.289;16885.289;16819.733444444446;16885.289;SL;-0.9;2.5
P1_FIXED_01;2024-01-18 17:28:00;2024-01-18 17:29:00;TT;BUY;1;0.1;16899.064;16894.064;16911.064;16894.064;SL;-0.45;2.5
P2_01_02_EUR1;2024-01-18 17:28:00;2024-01-18 17:29:00;TT;BUY;2;0.2;16899.064;16893.064;16911.064;16893.064;SL;-1.08;2.5
P3_01_02_03_EUR1;2024-01-18 17:28:00;2024-01-18 17:29:00;TT;BUY;3;0.3;16899.064;16893.064;16913.064;16893.064;SL;-1.62;2.5
P4_01_02_03_EUR2;2024-01-18 17:28:00;2024-01-18 17:29:00;TT;BUY;3;0.3;16899.064;16891.064;16915.064;16891.064;SL;-2.16;2.5
P5_01_02_03_EUR3;2024-01-18 17:28:00;2024-01-18 17:29:00;TT;BUY;3;0.3;16899.064;16889.064;16920.175111111108;16889.064;SL;-2.7;2.5
P6_01_02_03_04_EUR2;2024-01-18 17:28:00;2024-01-18 17:29:00;TT;BUY;3;0.3;16899.064;16891.064;16917.064;16891.064;SL;-2.16;2.5
P7_01_02_03_04_EUR3;2024-01-18 17:28:00;2024-01-18 17:29:00;TT;BUY;3;0.3;16899.064;16889.064;16921.064;16889.064;SL;-2.7;2.5
P8_01_02_03_04_EUR5;2024-01-18 17:28:00;2024-01-18 17:29:00;TT;BUY;2;0.2;16899.064;16889.064;16931.841777777776;16889.064;SL;-1.8;2.5
P1_FIXED_01;2024-01-18 17:33:00;2024-01-18 17:34:00;TT;SELL;1;0.1;16876.209;16881.209;16864.209;16881.209;SL;-0.45;2.5
P2_01_02_EUR1;2024-01-18 17:33:00;2024-01-18 17:34:00;TT;SELL;1;0.1;16876.209;16882.209;16864.209;16882.209;SL;-0.54;2.5
P3_01_02_03_EUR1;2024-01-18 17:33:00;2024-01-18 17:34:00;TT;SELL;1;0.1;16876.209;16882.209;16862.209;16882.209;SL;-0.54;2.5
P4_01_02_03_EUR2;2024-01-18 17:33:00;2024-01-18 17:34:00;TT;SELL;1;0.1;16876.209;16884.209;16853.986777777776;16884.209;SL;-0.72;2.5
P6_01_02_03_04_EUR2;2024-01-18 17:33:00;2024-01-18 17:34:00;TT;SELL;4;0.4;16876.209;16884.209;16858.209;16884.209;SL;-2.88;2.5
P5_01_02_03_EUR3;2024-01-18 17:33:00;2024-01-18 17:40:00;TT;SELL;1;0.1;16876.209;16886.209;16842.875666666667;16886.209;SL;-0.9;2.5
P7_01_02_03_04_EUR3;2024-01-18 17:33:00;2024-01-18 17:40:00;TT;SELL;4;0.4;16876.209;16886.209;16852.875666666667;16886.209;SL;-3.6;2.5
P8_01_02_03_04_EUR5;2024-01-18 17:33:00;2024-01-18 17:40:00;TT;SELL;3;0.3;16876.209;16886.209;16847.69048148148;16886.209;SL;-2.7;2.5
P1_FIXED_01;2024-01-18 17:41:00;2024-01-18 17:42:00;FT;SELL;1;0.1;16887.864;16892.864;16875.864;16892.864;SL;-0.45;2.5
P2_01_02_EUR1;2024-01-18 17:41:00;2024-01-18 17:45:00;FT;SELL;2;0.2;16887.864;16893.864;16875.864;16893.864;SL;-1.08;2.5
P3_01_02_03_EUR1;2024-01-18 17:41:00;2024-01-18 17:45:00;FT;SELL;2;0.2;16887.864;16893.864;16873.864;16893.864;SL;-1.08;2.5
P4_01_02_03_EUR2;2024-01-18 17:41:00;2024-01-18 17:45:00;FT;SELL;2;0.2;16887.864;16895.864;16871.864;16895.864;SL;-1.44;2.5
P5_01_02_03_EUR3;2024-01-18 17:41:00;2024-01-18 17:45:00;FT;SELL;2;0.2;16887.864;16897.864;16866.197333333334;16897.864;SL;-1.8;2.5
P6_01_02_03_04_EUR2;2024-01-18 17:41:00;2024-01-18 17:45:00;FT;SELL;1;0.1;16887.864;16895.864;16865.64177777778;16895.864;SL;-0.72;2.5
P7_01_02_03_04_EUR3;2024-01-18 17:41:00;2024-01-18 17:45:00;FT;SELL;1;0.1;16887.864;16897.864;16854.53066666667;16897.864;SL;-0.9;2.5
P8_01_02_03_04_EUR5;2024-01-18 17:41:00;2024-01-18 17:45:00;FT;SELL;4;0.4;16887.864;16897.864;16858.97511111111;16897.864;SL;-3.6;2.5
P1_FIXED_01;2024-01-18 17:45:00;2024-01-18 17:46:00;FT;SELL;1;0.1;16890.742;16895.742;16878.742;16895.742;SL;-0.45;2.5
P2_01_02_EUR1;2024-01-18 17:45:00;2024-01-18 17:46:00;FT;SELL;1;0.1;16890.742;16896.742;16878.742;16896.742;SL;-0.54;2.5
P3_01_02_03_EUR1;2024-01-18 17:45:00;2024-01-18 17:46:00;FT;SELL;3;0.3;16890.742;16896.742;16876.742;16896.742;SL;-1.62;2.5
P4_01_02_03_EUR2;2024-01-18 17:45:00;2024-01-18 17:46:00;FT;SELL;3;0.3;16890.742;16898.742;16874.742;16898.742;SL;-2.16;2.5
P6_01_02_03_04_EUR2;2024-01-18 17:45:00;2024-01-18 17:46:00;FT;SELL;2;0.2;16890.742;16898.742;16872.742;16898.742;SL;-1.44;2.5
P1_FIXED_01;2024-01-18 17:52:00;2024-01-18 17:53:00;FT;BUY;1;0.1;16887.02;16882.02;16899.02;16882.02;SL;-0.45;2.5
P2_01_02_EUR1;2024-01-18 17:52:00;2024-01-18 17:53:00;FT;BUY;2;0.2;16887.02;16881.02;16899.02;16881.02;SL;-1.08;2.5
P3_01_02_03_EUR1;2024-01-18 17:52:00;2024-01-18 17:53:00;FT;BUY;1;0.1;16887.02;16881.02;16901.02;16881.02;SL;-0.54;2.5
P4_01_02_03_EUR2;2024-01-18 17:52:00;2024-01-18 17:53:00;FT;BUY;1;0.1;16887.02;16879.02;16909.242222222223;16879.02;SL;-0.72;2.5
P6_01_02_03_04_EUR2;2024-01-18 17:52:00;2024-01-18 17:53:00;FT;BUY;3;0.3;16887.02;16879.02;16905.02;16879.02;SL;-2.16;2.5
P5_01_02_03_EUR3;2024-01-18 17:45:00;2024-01-18 17:55:00;FT;SELL;3;0.3;16890.742;16900.742;16869.63088888889;16879.054;TIME;3.16;2.5
P7_01_02_03_04_EUR3;2024-01-18 17:45:00;2024-01-18 17:55:00;FT;SELL;2;0.2;16890.742;16900.742;16868.742;16879.054;TIME;2.1;2.5
P8_01_02_03_04_EUR5;2024-01-18 17:45:00;2024-01-18 17:55:00;FT;SELL;1;0.1;16890.742;16900.742;16835.186444444444;16879.054;TIME;1.05;2.5
P1_FIXED_01;2024-01-18 17:53:00;2024-01-18 17:57:00;TT;SELL;1;0.1;16877.087;16882.087;16865.087;16882.087;SL;-0.45;2.5
P2_01_02_EUR1;2024-01-18 17:53:00;2024-01-18 18:01:00;TT;SELL;1;0.1;16877.087;16883.087;16865.087;16865.087;TP;1.08;2.5
P3_01_02_03_EUR1;2024-01-18 17:53:00;2024-01-18 18:01:00;TT;SELL;2;0.2;16877.087;16883.087;16863.087;16863.087;TP;2.52;2.5
P4_01_02_03_EUR2;2024-01-18 17:53:00;2024-01-18 18:01:00;TT;SELL;2;0.2;16877.087;16885.087;16861.087;16861.087;TP;2.88;2.5
P6_01_02_03_04_EUR2;2024-01-18 17:53:00;2024-01-18 18:01:00;TT;SELL;4;0.4;16877.087;16885.087;16859.087;16859.087;TP;6.48;2.5
P1_FIXED_01;2024-01-18 18:01:00;2024-01-18 18:02:00;TT;SELL;1;0.1;16857.31;16862.31;16845.31;16862.31;SL;-0.45;2.5
P2_01_02_EUR1;2024-01-18 18:01:00;2024-01-18 18:02:00;TT;SELL;1;0.1;16857.31;16863.31;16845.31;16863.31;SL;-0.54;2.5
P3_01_02_03_EUR1;2024-01-18 18:01:00;2024-01-18 18:02:00;TT;SELL;1;0.1;16857.31;16863.31;16843.31;16863.31;SL;-0.54;2.5
P4_01_02_03_EUR2;2024-01-18 18:01:00;2024-01-18 18:03:00;TT;SELL;1;0.1;16857.31;16865.31;16835.08777777778;16865.31;SL;-0.72;2.5
P5_01_02_03_EUR3;2024-01-18 18:01:00;2024-01-18 18:03:00;TT;SELL;1;0.1;16857.31;16867.31;16823.97666666667;16867.31;SL;-0.9;2.5
P6_01_02_03_04_EUR2;2024-01-18 18:01:00;2024-01-18 18:03:00;TT;SELL;1;0.1;16857.31;16865.31;16835.08777777778;16865.31;SL;-0.72;2.5
P7_01_02_03_04_EUR3;2024-01-18 18:01:00;2024-01-18 18:03:00;TT;SELL;1;0.1;16857.31;16867.31;16823.97666666667;16867.31;SL;-0.9;2.5
P8_01_02_03_04_EUR5;2024-01-18 18:01:00;2024-01-18 18:03:00;TT;SELL;1;0.1;16857.31;16867.31;16801.754444444447;16867.31;SL;-0.9;2.5
P1_FIXED_01;2024-01-18 18:06:00;2024-01-18 18:07:00;FT;BUY;1;0.1;16849.365;16844.365;16861.365;16844.365;SL;-0.45;2.5
P2_01_02_EUR1;2024-01-18 18:06:00;2024-01-18 18:07:00;FT;BUY;2;0.2;16849.365;16843.365;16861.365;16843.365;SL;-1.08;2.5
P3_01_02_03_EUR1;2024-01-18 18:06:00;2024-01-18 18:07:00;FT;BUY;2;0.2;16849.365;16843.365;16863.365;16843.365;SL;-1.08;2.5
P4_01_02_03_EUR2;2024-01-18 18:06:00;2024-01-18 18:07:00;FT;BUY;2;0.2;16849.365;16841.365;16865.365;16841.365;SL;-1.44;2.5
P5_01_02_03_EUR3;2024-01-18 18:06:00;2024-01-18 18:07:00;FT;BUY;2;0.2;16849.365;16839.365;16871.03166666667;16839.365;SL;-1.8;2.5
P6_01_02_03_04_EUR2;2024-01-18 18:06:00;2024-01-18 18:07:00;FT;BUY;2;0.2;16849.365;16841.365;16867.365;16841.365;SL;-1.44;2.5
P7_01_02_03_04_EUR3;2024-01-18 18:06:00;2024-01-18 18:07:00;FT;BUY;2;0.2;16849.365;16839.365;16871.365;16839.365;SL;-1.8;2.5
P8_01_02_03_04_EUR5;2024-01-18 18:06:00;2024-01-18 18:07:00;FT;BUY;2;0.2;16849.365;16839.365;16882.14277777778;16839.365;SL;-1.8;2.5
P1_FIXED_01;2024-01-18 18:07:00;2024-01-18 18:08:00;TT;SELL;1;0.1;16833.808;16838.808;16821.808;16838.808;SL;-0.45;2.5
P2_01_02_EUR1;2024-01-18 18:07:00;2024-01-18 18:08:00;TT;SELL;1;0.1;16833.808;16839.808;16821.808;16839.808;SL;-0.54;2.5
P3_01_02_03_EUR1;2024-01-18 18:07:00;2024-01-18 18:08:00;TT;SELL;3;0.3;16833.808;16839.808;16819.808;16839.808;SL;-1.62;2.5
P4_01_02_03_EUR2;2024-01-18 18:07:00;2024-01-18 18:08:00;TT;SELL;3;0.3;16833.808;16841.808;16817.808;16841.808;SL;-2.16;2.5
P6_01_02_03_04_EUR2;2024-01-18 18:07:00;2024-01-18 18:08:00;TT;SELL;3;0.3;16833.808;16841.808;16815.808;16841.808;SL;-2.16;2.5
P5_01_02_03_EUR3;2024-01-18 18:07:00;2024-01-18 18:09:00;TT;SELL;3;0.3;16833.808;16843.808;16812.69688888889;16843.808;SL;-2.7;2.5
P7_01_02_03_04_EUR3;2024-01-18 18:07:00;2024-01-18 18:09:00;TT;SELL;3;0.3;16833.808;16843.808;16811.808;16843.808;SL;-2.7;2.5
P8_01_02_03_04_EUR5;2024-01-18 18:07:00;2024-01-18 18:09:00;TT;SELL;3;0.3;16833.808;16843.808;16805.289481481483;16843.808;SL;-2.7;2.5
P1_FIXED_01;2024-01-18 18:10:00;2024-01-18 18:11:00;TT;BUY;1;0.1;16854.499;16849.499;16866.499;16849.499;SL;-0.45;2.5
P2_01_02_EUR1;2024-01-18 18:10:00;2024-01-18 18:11:00;TT;BUY;2;0.2;16854.499;16848.499;16866.499;16848.499;SL;-1.08;2.5
P3_01_02_03_EUR1;2024-01-18 18:10:00;2024-01-18 18:11:00;TT;BUY;1;0.1;16854.499;16848.499;16868.499;16848.499;SL;-0.54;2.5
P4_01_02_03_EUR2;2024-01-18 18:10:00;2024-01-18 18:11:00;TT;BUY;1;0.1;16854.499;16846.499;16876.721222222222;16846.499;SL;-0.72;2.5
P6_01_02_03_04_EUR2;2024-01-18 18:10:00;2024-01-18 18:11:00;TT;BUY;4;0.4;16854.499;16846.499;16872.499;16846.499;SL;-2.88;2.5
P5_01_02_03_EUR3;2024-01-18 18:10:00;2024-01-18 18:12:00;TT;BUY;1;0.1;16854.499;16844.499;16887.832333333332;16844.499;SL;-0.9;2.5
P7_01_02_03_04_EUR3;2024-01-18 18:10:00;2024-01-18 18:12:00;TT;BUY;4;0.4;16854.499;16844.499;16877.832333333332;16844.499;SL;-3.6;2.5
P8_01_02_03_04_EUR5;2024-01-18 18:10:00;2024-01-18 18:12:00;TT;BUY;4;0.4;16854.499;16844.499;16883.38788888889;16844.499;SL;-3.6;2.5
P1_FIXED_01;2024-01-19 16:35:00;2024-01-19 16:39:00;TT;SELL;1;0.1;17120.076;17125.076;17108.076;17108.076;TP;1.08;2.5
P2_01_02_EUR1;2024-01-19 16:35:00;2024-01-19 16:39:00;TT;SELL;1;0.1;17120.076;17126.076;17108.076;17108.076;TP;1.08;2.5
P1_FIXED_01;2024-01-19 16:39:00;2024-01-19 16:40:00;TT;SELL;1;0.1;17104.643;17109.643;17092.643;17109.643;SL;-0.45;2.5
P2_01_02_EUR1;2024-01-19 16:39:00;2024-01-19 16:40:00;TT;SELL;1;0.1;17104.643;17110.643;17092.643;17110.643;SL;-0.54;2.5
P3_01_02_03_EUR1;2024-01-19 16:35:00;2024-01-19 16:40:00;TT;SELL;2;0.2;17120.076;17126.076;17106.076;17106.076;TP;2.52;2.5
P4_01_02_03_EUR2;2024-01-19 16:35:00;2024-01-19 16:40:00;TT;SELL;2;0.2;17120.076;17128.076;17104.076;17104.076;TP;2.88;2.5
P5_01_02_03_EUR3;2024-01-19 16:35:00;2024-01-19 16:45:00;TT;SELL;2;0.2;17120.076;17130.076;17098.409333333333;17121.253;TIME;-0.21;2.5
P6_01_02_03_04_EUR2;2024-01-19 16:35:00;2024-01-19 16:45:00;TT;SELL;1;0.1;17120.076;17128.076;17097.85377777778;17121.253;TIME;-0.11;2.5
P7_01_02_03_04_EUR3;2024-01-19 16:35:00;2024-01-19 16:45:00;TT;SELL;1;0.1;17120.076;17130.076;17086.74266666667;17121.253;TIME;-0.11;2.5
P8_01_02_03_04_EUR5;2024-01-19 16:35:00;2024-01-19 16:45:00;TT;SELL;1;0.1;17120.076;17130.076;17064.520444444446;17121.253;TIME;-0.11;2.5
P1_FIXED_01;2024-01-19 16:53:00;2024-01-19 16:54:00;FT;SELL;1;0.1;17122.989;17127.989;17110.989;17127.989;SL;-0.45;2.5
P2_01_02_EUR1;2024-01-19 16:53:00;2024-01-19 16:54:00;FT;SELL;2;0.2;17122.989;17128.989;17110.989;17128.989;SL;-1.08;2.5
P3_01_02_03_EUR1;2024-01-19 16:53:00;2024-01-19 16:54:00;FT;SELL;1;0.1;17122.989;17128.989;17108.989;17128.989;SL;-0.54;2.5
P1_FIXED_01;2024-01-19 16:54:00;2024-01-19 16:55:00;TT;BUY;1;0.1;17131.065;17126.065;17143.065;17126.065;SL;-0.45;2.5
P2_01_02_EUR1;2024-01-19 16:54:00;2024-01-19 16:55:00;TT;BUY;1;0.1;17131.065;17125.065;17143.065;17125.065;SL;-0.54;2.5
P3_01_02_03_EUR1;2024-01-19 16:54:00;2024-01-19 16:55:00;TT;BUY;2;0.2;17131.065;17125.065;17145.065;17125.065;SL;-1.08;2.5
P4_01_02_03_EUR2;2024-01-19 16:53:00;2024-01-19 16:55:00;FT;SELL;1;0.1;17122.989;17130.989;17100.76677777778;17130.989;SL;-0.72;2.5
P5_01_02_03_EUR3;2024-01-19 16:53:00;2024-01-19 16:55:00;FT;SELL;3;0.3;17122.989;17132.989;17102.989;17132.989;SL;-2.7;2.5
P6_01_02_03_04_EUR2;2024-01-19 16:53:00;2024-01-19 16:55:00;FT;SELL;2;0.2;17122.989;17130.989;17104.989;17130.989;SL;-1.44;2.5
P7_01_02_03_04_EUR3;2024-01-19 16:53:00;2024-01-19 16:55:00;FT;SELL;2;0.2;17122.989;17132.989;17100.989;17132.989;SL;-1.8;2.5
P8_01_02_03_04_EUR5;2024-01-19 16:53:00;2024-01-19 16:55:00;FT;SELL;2;0.2;17122.989;17132.989;17094.622722222222;17132.989;SL;-1.8;2.5
P1_FIXED_01;2024-01-19 16:59:00;2024-01-19 17:00:00;FT;SELL;1;0.1;17137.119;17142.119;17125.119;17142.119;SL;-0.45;2.5
P2_01_02_EUR1;2024-01-19 16:59:00;2024-01-19 17:00:00;FT;SELL;2;0.2;17137.119;17143.119;17125.119;17143.119;SL;-1.08;2.5
P3_01_02_03_EUR1;2024-01-19 16:59:00;2024-01-19 17:00:00;FT;SELL;3;0.3;17137.119;17143.119;17123.119;17143.119;SL;-1.62;2.5
P4_01_02_03_EUR2;2024-01-19 16:59:00;2024-01-19 17:00:00;FT;SELL;2;0.2;17137.119;17145.119;17121.119;17145.119;SL;-1.44;2.5
P6_01_02_03_04_EUR2;2024-01-19 16:59:00;2024-01-19 17:00:00;FT;SELL;3;0.3;17137.119;17145.119;17119.119;17145.119;SL;-2.16;2.5
P1_FIXED_01;2024-01-19 17:00:00;2024-01-19 17:01:00;FT;SELL;1;0.1;17139.376;17144.376;17127.376;17144.376;SL;-0.45;2.5
P2_01_02_EUR1;2024-01-19 17:00:00;2024-01-19 17:03:00;FT;SELL;1;0.1;17139.376;17145.376;17127.376;17145.376;SL;-0.54;2.5
P3_01_02_03_EUR1;2024-01-19 17:00:00;2024-01-19 17:03:00;FT;SELL;1;0.1;17139.376;17145.376;17125.376;17145.376;SL;-0.54;2.5
P4_01_02_03_EUR2;2024-01-19 17:00:00;2024-01-19 17:03:00;FT;SELL;3;0.3;17139.376;17147.376;17123.376;17147.376;SL;-2.16;2.5
P5_01_02_03_EUR3;2024-01-19 16:59:00;2024-01-19 17:03:00;FT;SELL;1;0.1;17137.119;17147.119;17103.785666666667;17147.119;SL;-0.9;2.5
P6_01_02_03_04_EUR2;2024-01-19 17:00:00;2024-01-19 17:03:00;FT;SELL;4;0.4;17139.376;17147.376;17121.376;17147.376;SL;-2.88;2.5
P7_01_02_03_04_EUR3;2024-01-19 16:59:00;2024-01-19 17:03:00;FT;SELL;3;0.3;17137.119;17147.119;17115.119;17147.119;SL;-2.7;2.5
P8_01_02_03_04_EUR5;2024-01-19 16:59:00;2024-01-19 17:03:00;FT;SELL;3;0.3;17137.119;17147.119;17111.54148148148;17147.119;SL;-2.7;2.5
P1_FIXED_01;2024-01-19 17:12:00;2024-01-19 17:13:00;TT;SELL;1;0.1;17114.82;17119.82;17102.82;17119.82;SL;-0.45;2.5
P2_01_02_EUR1;2024-01-19 17:12:00;2024-01-19 17:13:00;TT;SELL;2;0.2;17114.82;17120.82;17102.82;17120.82;SL;-1.08;2.5
P3_01_02_03_EUR1;2024-01-19 17:12:00;2024-01-19 17:13:00;TT;SELL;2;0.2;17114.82;17120.82;17100.82;17120.82;SL;-1.08;2.5
P4_01_02_03_EUR2;2024-01-19 17:12:00;2024-01-19 17:13:00;TT;SELL;1;0.1;17114.82;17122.82;17092.597777777777;17122.82;SL;-0.72;2.5
P5_01_02_03_EUR3;2024-01-19 17:12:00;2024-01-19 17:13:00;TT;SELL;2;0.2;17114.82;17124.82;17093.153333333332;17124.82;SL;-1.8;2.5
P6_01_02_03_04_EUR2;2024-01-19 17:12:00;2024-01-19 17:13:00;TT;SELL;1;0.1;17114.82;17122.82;17092.597777777777;17122.82;SL;-0.72;2.5
P7_01_02_03_04_EUR3;2024-01-19 17:12:00;2024-01-19 17:13:00;TT;SELL;4;0.4;17114.82;17124.82;17092.82;17124.82;SL;-3.6;2.5
P8_01_02_03_04_EUR5;2024-01-19 17:12:00;2024-01-19 17:13:00;TT;SELL;4;0.4;17114.82;17124.82;17088.13686111111;17124.82;SL;-3.6;2.5
P1_FIXED_01;2024-01-19 17:15:00;2024-01-19 17:16:00;FT;SELL;1;0.1;17132.276;17137.276;17120.276;17137.276;SL;-0.45;2.5
P2_01_02_EUR1;2024-01-19 17:15:00;2024-01-19 17:16:00;FT;SELL;1;0.1;17132.276;17138.276;17120.276;17138.276;SL;-0.54;2.5
P3_01_02_03_EUR1;2024-01-19 17:15:00;2024-01-19 17:16:00;FT;SELL;3;0.3;17132.276;17138.276;17118.276;17138.276;SL;-1.62;2.5
P4_01_02_03_EUR2;2024-01-19 17:15:00;2024-01-19 17:17:00;FT;SELL;2;0.2;17132.276;17140.276;17116.276;17140.276;SL;-1.44;2.5
P6_01_02_03_04_EUR2;2024-01-19 17:15:00;2024-01-19 17:17:00;FT;SELL;2;0.2;17132.276;17140.276;17114.276;17140.276;SL;-1.44;2.5
P1_FIXED_01;2024-01-19 17:17:00;2024-01-19 17:18:00;TT;BUY;1;0.1;17139.253;17134.253;17151.253;17134.253;SL;-0.45;2.5
P2_01_02_EUR1;2024-01-19 17:17:00;2024-01-19 17:18:00;TT;BUY;2;0.2;17139.253;17133.253;17151.253;17133.253;SL;-1.08;2.5
P4_01_02_03_EUR2;2024-01-19 17:17:00;2024-01-19 17:18:00;TT;BUY;3;0.3;17139.253;17131.253;17155.253;17131.253;SL;-2.16;2.5
P6_01_02_03_04_EUR2;2024-01-19 17:17:00;2024-01-19 17:18:00;TT;BUY;3;0.3;17139.253;17131.253;17157.253;17131.253;SL;-2.16;2.5
P5_01_02_03_EUR3;2024-01-19 17:15:00;2024-01-19 17:23:00;FT;SELL;3;0.3;17132.276;17142.276;17111.164888888892;17142.276;SL;-2.7;2.5
P7_01_02_03_04_EUR3;2024-01-19 17:15:00;2024-01-19 17:23:00;FT;SELL;1;0.1;17132.276;17142.276;17098.94266666667;17142.276;SL;-0.9;2.5
P8_01_02_03_04_EUR5;2024-01-19 17:15:00;2024-01-19 17:23:00;FT;SELL;1;0.1;17132.276;17142.276;17076.720444444447;17142.276;SL;-0.9;2.5
P1_FIXED_01;2024-01-19 17:24:00;2024-01-19 17:25:00;FT;SELL;1;0.1;17142.589;17147.589;17130.589;17147.589;SL;-0.45;2.5
P2_01_02_EUR1;2024-01-19 17:24:00;2024-01-19 17:25:00;FT;SELL;1;0.1;17142.589;17148.589;17130.589;17148.589;SL;-0.54;2.5
P4_01_02_03_EUR2;2024-01-19 17:24:00;2024-01-19 17:25:00;FT;SELL;1;0.1;17142.589;17150.589;17120.366777777777;17150.589;SL;-0.72;2.5
P6_01_02_03_04_EUR2;2024-01-19 17:24:00;2024-01-19 17:25:00;FT;SELL;4;0.4;17142.589;17150.589;17124.589;17150.589;SL;-2.88;2.5
P5_01_02_03_EUR3;2024-01-19 17:24:00;2024-01-19 17:27:00;FT;SELL;1;0.1;17142.589;17152.589;17109.255666666668;17152.589;SL;-0.9;2.5
P7_01_02_03_04_EUR3;2024-01-19 17:24:00;2024-01-19 17:27:00;FT;SELL;2;0.2;17142.589;17152.589;17120.589;17152.589;SL;-1.8;2.5
P8_01_02_03_04_EUR5;2024-01-19 17:24:00;2024-01-19 17:27:00;FT;SELL;2;0.2;17142.589;17152.589;17109.811222222223;17152.589;SL;-1.8;2.5
P1_FIXED_01;2024-01-19 17:27:00;2024-01-19 17:32:00;TT;BUY;1;0.1;17152.754;17147.754;17164.754;17164.754;TP;1.08;2.5
P2_01_02_EUR1;2024-01-19 17:27:00;2024-01-19 17:32:00;TT;BUY;2;0.2;17152.754;17146.754;17164.754;17164.754;TP;2.16;2.5
P4_01_02_03_EUR2;2024-01-19 17:27:00;2024-01-19 17:32:00;TT;BUY;2;0.2;17152.754;17144.754;17168.754;17168.754;TP;2.88;2.5
P5_01_02_03_EUR3;2024-01-19 17:27:00;2024-01-19 17:32:00;TT;BUY;2;0.2;17152.754;17142.754;17174.42066666667;17174.42066666667;TP;3.9;2.5
P6_01_02_03_04_EUR2;2024-01-19 17:27:00;2024-01-19 17:32:00;TT;BUY;1;0.1;17152.754;17144.754;17174.976222222223;17174.976222222223;TP;2.0;2.5
P7_01_02_03_04_EUR3;2024-01-19 17:27:00;2024-01-19 17:32:00;TT;BUY;3;0.3;17152.754;17142.754;17174.754;17174.754;TP;5.94;2.5
P8_01_02_03_04_EUR5;2024-01-19 17:27:00;2024-01-19 17:37:00;TT;BUY;3;0.3;17152.754;17142.754;17181.27251851852;17176.086;TIME;6.3;2.5
P1_FIXED_01;2024-01-19 17:37:00;2024-01-19 17:38:00;FT;SELL;1;0.1;17176.142;17181.142;17164.142;17181.142;SL;-0.45;2.5
P2_01_02_EUR1;2024-01-19 17:37:00;2024-01-19 17:38:00;FT;SELL;1;0.1;17176.142;17182.142;17164.142;17182.142;SL;-0.54;2.5
P4_01_02_03_EUR2;2024-01-19 17:37:00;2024-01-19 17:38:00;FT;SELL;1;0.1;17176.142;17184.142;17153.919777777777;17184.142;SL;-0.72;2.5
P6_01_02_03_04_EUR2;2024-01-19 17:37:00;2024-01-19 17:38:00;FT;SELL;1;0.1;17176.142;17184.142;17153.919777777777;17184.142;SL;-0.72;2.5
P5_01_02_03_EUR3;2024-01-19 17:37:00;2024-01-19 17:39:00;FT;SELL;1;0.1;17176.142;17186.142;17142.808666666668;17186.142;SL;-0.9;2.5
P7_01_02_03_04_EUR3;2024-01-19 17:37:00;2024-01-19 17:39:00;FT;SELL;1;0.1;17176.142;17186.142;17142.808666666668;17186.142;SL;-0.9;2.5
P8_01_02_03_04_EUR5;2024-01-19 17:37:00;2024-01-19 17:39:00;FT;SELL;1;0.1;17176.142;17186.142;17120.586444444445;17186.142;SL;-0.9;2.5
P1_FIXED_01;2024-01-19 17:38:00;2024-01-19 17:40:00;TT;BUY;1;0.1;17183.364;17178.364;17195.364;17178.364;SL;-0.45;2.5
P2_01_02_EUR1;2024-01-19 17:38:00;2024-01-19 17:40:00;TT;BUY;2;0.2;17183.364;17177.364;17195.364;17177.364;SL;-1.08;2.5
P4_01_02_03_EUR2;2024-01-19 17:38:00;2024-01-19 17:41:00;TT;BUY;2;0.2;17183.364;17175.364;17199.364;17175.364;SL;-1.44;2.5
P6_01_02_03_04_EUR2;2024-01-19 17:38:00;2024-01-19 17:41:00;TT;BUY;2;0.2;17183.364;17175.364;17201.364;17175.364;SL;-1.44;2.5
P1_FIXED_01;2024-01-19 17:41:00;2024-01-19 17:42:00;TT;SELL;1;0.1;17167.608;17172.608;17155.608;17172.608;SL;-0.45;2.5
P2_01_02_EUR1;2024-01-19 17:41:00;2024-01-19 17:43:00;TT;SELL;1;0.1;17167.608;17173.608;17155.608;17173.608;SL;-0.54;2.5
P4_01_02_03_EUR2;2024-01-19 17:41:00;2024-01-19 17:43:00;TT;SELL;3;0.3;17167.608;17175.608;17151.608;17175.608;SL;-2.16;2.5
P5_01_02_03_EUR3;2024-01-19 17:41:00;2024-01-19 17:43:00;TT;SELL;2;0.2;17167.608;17177.608;17145.941333333332;17177.608;SL;-1.8;2.5
P6_01_02_03_04_EUR2;2024-01-19 17:41:00;2024-01-19 17:43:00;TT;SELL;3;0.3;17167.608;17175.608;17149.608;17175.608;SL;-2.16;2.5
P7_01_02_03_04_EUR3;2024-01-19 17:41:00;2024-01-19 17:43:00;TT;SELL;2;0.2;17167.608;17177.608;17145.608;17177.608;SL;-1.8;2.5
P8_01_02_03_04_EUR5;2024-01-19 17:41:00;2024-01-19 17:43:00;TT;SELL;2;0.2;17167.608;17177.608;17134.830222222223;17177.608;SL;-1.8;2.5
P1_FIXED_01;2024-01-19 17:55:00;2024-01-19 17:56:00;TT;BUY;1;0.1;17193.31;17188.31;17205.31;17188.31;SL;-0.45;2.5
P2_01_02_EUR1;2024-01-19 17:55:00;2024-01-19 18:03:00;TT;BUY;2;0.2;17193.31;17187.31;17205.31;17187.31;SL;-1.08;2.5
P4_01_02_03_EUR2;2024-01-19 17:55:00;2024-01-19 18:03:00;TT;BUY;1;0.1;17193.31;17185.31;17215.532222222224;17185.31;SL;-0.72;2.5
P6_01_02_03_04_EUR2;2024-01-19 17:55:00;2024-01-19 18:03:00;TT;BUY;4;0.4;17193.31;17185.31;17211.31;17185.31;SL;-2.88;2.5
P5_01_02_03_EUR3;2024-01-19 17:55:00;2024-01-19 18:04:00;TT;BUY;3;0.3;17193.31;17183.31;17214.42111111111;17183.31;SL;-2.7;2.5
P7_01_02_03_04_EUR3;2024-01-19 17:55:00;2024-01-19 18:04:00;TT;BUY;3;0.3;17193.31;17183.31;17215.31;17183.31;SL;-2.7;2.5
P8_01_02_03_04_EUR5;2024-01-19 17:55:00;2024-01-19 18:04:00;TT;BUY;3;0.3;17193.31;17183.31;17221.82851851852;17183.31;SL;-2.7;2.5
P1_FIXED_01;2024-01-19 18:03:00;2024-01-19 18:06:00;TT;SELL;1;0.1;17188.598;17193.598;17176.598;17193.598;SL;-0.45;2.5
P2_01_02_EUR1;2024-01-19 18:03:00;2024-01-19 18:06:00;TT;SELL;1;0.1;17188.598;17194.598;17176.598;17194.598;SL;-0.54;2.5
P5_01_02_03_EUR3;2024-01-19 18:04:00;2024-01-19 18:06:00;TT;SELL;1;0.1;17179.686;17189.686;17146.35266666667;17189.686;SL;-0.9;2.5
P7_01_02_03_04_EUR3;2024-01-19 18:04:00;2024-01-19 18:06:00;TT;SELL;4;0.4;17179.686;17189.686;17156.35266666667;17189.686;SL;-3.6;2.5
P8_01_02_03_04_EUR5;2024-01-19 18:04:00;2024-01-19 18:06:00;TT;SELL;4;0.4;17179.686;17189.686;17150.79711111111;17189.686;SL;-3.6;2.5
P1_FIXED_01;2024-01-19 18:07:00;2024-01-19 18:08:00;FT;SELL;1;0.1;17193.221;17198.221;17181.221;17198.221;SL;-0.45;2.5
P2_01_02_EUR1;2024-01-19 18:07:00;2024-01-19 18:08:00;FT;SELL;2;0.2;17193.221;17199.221;17181.221;17199.221;SL;-1.08;2.5
P4_01_02_03_EUR2;2024-01-19 18:03:00;2024-01-19 18:08:00;TT;SELL;2;0.2;17188.598;17196.598;17172.598;17196.598;SL;-1.44;2.5
P6_01_02_03_04_EUR2;2024-01-19 18:03:00;2024-01-19 18:08:00;TT;SELL;1;0.1;17188.598;17196.598;17166.37577777778;17196.598;SL;-0.72;2.5
P5_01_02_03_EUR3;2024-01-19 18:07:00;2024-01-19 18:09:00;FT;SELL;2;0.2;17193.221;17203.221;17171.554333333333;17203.221;SL;-1.8;2.5
P7_01_02_03_04_EUR3;2024-01-19 18:07:00;2024-01-19 18:09:00;FT;SELL;1;0.1;17193.221;17203.221;17159.88766666667;17203.221;SL;-0.9;2.5
P8_01_02_03_04_EUR5;2024-01-19 18:07:00;2024-01-19 18:09:00;FT;SELL;1;0.1;17193.221;17203.221;17137.665444444447;17203.221;SL;-0.9;2.5
P1_FIXED_01;2024-01-19 18:08:00;2024-01-19 18:14:00;TT;BUY;1;0.1;17200.408;17195.408;17212.408;17212.408;TP;1.08;2.5
P2_01_02_EUR1;2024-01-19 18:08:00;2024-01-19 18:14:00;TT;BUY;1;0.1;17200.408;17194.408;17212.408;17212.408;TP;1.08;2.5
P4_01_02_03_EUR2;2024-01-19 18:08:00;2024-01-19 18:16:00;TT;BUY;3;0.3;17200.408;17192.408;17216.408;17216.408;TP;4.32;2.5
P6_01_02_03_04_EUR2;2024-01-19 18:08:00;2024-01-19 18:17:00;TT;BUY;2;0.2;17200.408;17192.408;17218.408;17218.408;TP;3.24;2.5
P1_FIXED_01;2024-01-19 18:18:00;2024-01-19 18:19:00;FT;SELL;1;0.1;17222.732;17227.732;17210.732;17227.732;SL;-0.45;2.5
P2_01_02_EUR1;2024-01-19 18:18:00;2024-01-19 18:23:00;FT;SELL;1;0.1;17222.732;17228.732;17210.732;17228.732;SL;-0.54;2.5
P1_FIXED_01;2024-01-19 18:26:00;2024-01-19 18:27:00;TT;SELL;1;0.1;17219.131;17224.131;17207.131;17224.131;SL;-0.45;2.5
P2_01_02_EUR1;2024-01-19 18:26:00;2024-01-19 18:27:00;TT;SELL;2;0.2;17219.131;17225.131;17207.131;17225.131;SL;-1.08;2.5
P4_01_02_03_EUR2;2024-01-19 18:18:00;2024-01-19 18:28:00;FT;SELL;1;0.1;17222.732;17230.732;17200.509777777777;17223.71;TIME;-0.09;2.5
P5_01_02_03_EUR3;2024-01-19 18:18:00;2024-01-19 18:28:00;FT;SELL;3;0.3;17222.732;17232.732;17201.62088888889;17223.71;TIME;-0.26;2.5
P6_01_02_03_04_EUR2;2024-01-19 18:18:00;2024-01-19 18:28:00;FT;SELL;1;0.1;17222.732;17230.732;17200.509777777777;17223.71;TIME;-0.09;2.5
P7_01_02_03_04_EUR3;2024-01-19 18:18:00;2024-01-19 18:28:00;FT;SELL;2;0.2;17222.732;17232.732;17200.732;17223.71;TIME;-0.18;2.5
P8_01_02_03_04_EUR5;2024-01-19 18:18:00;2024-01-19 18:28:00;FT;SELL;2;0.2;17222.732;17232.732;17189.954222222223;17223.71;TIME;-0.18;2.5
P1_FIXED_01;2024-01-19 18:29:00;2024-01-19 18:30:00;TT;BUY;1;0.1;17226.686;17221.686;17238.686;17222.11;SESSION_END;-0.41;2.5
P2_01_02_EUR1;2024-01-19 18:29:00;2024-01-19 18:30:00;TT;BUY;1;0.1;17226.686;17220.686;17238.686;17222.11;SESSION_END;-0.41;2.5
P4_01_02_03_EUR2;2024-01-19 18:29:00;2024-01-19 18:30:00;TT;BUY;2;0.2;17226.686;17218.686;17242.686;17222.11;SESSION_END;-0.82;2.5
P5_01_02_03_EUR3;2024-01-19 18:29:00;2024-01-19 18:30:00;TT;BUY;1;0.1;17226.686;17216.686;17260.019333333334;17222.11;SESSION_END;-0.41;2.5
P6_01_02_03_04_EUR2;2024-01-19 18:29:00;2024-01-19 18:30:00;TT;BUY;2;0.2;17226.686;17218.686;17244.686;17222.11;SESSION_END;-0.82;2.5
P7_01_02_03_04_EUR3;2024-01-19 18:29:00;2024-01-19 18:30:00;TT;BUY;3;0.3;17226.686;17216.686;17248.686;17222.11;SESSION_END;-1.24;2.5
P8_01_02_03_04_EUR5;2024-01-19 18:29:00;2024-01-19 18:30:00;TT;BUY;3;0.3;17226.686;17216.686;17251.686;17222.11;SESSION_END;-1.24;2.5
P1_FIXED_01;2024-01-22 16:33:00;2024-01-22 16:34:00;TT;BUY;1;0.1;17370.609;17365.609;17382.609;17365.609;SL;-0.45;2.5
P2_01_02_EUR1;2024-01-22 16:33:00;2024-01-22 16:34:00;TT;BUY;2;0.2;17370.609;17364.609;17382.609;17364.609;SL;-1.08;2.5
P4_01_02_03_EUR2;2024-01-22 16:33:00;2024-01-22 16:34:00;TT;BUY;3;0.3;17370.609;17362.609;17386.609;17362.609;SL;-2.16;2.5
P6_01_02_03_04_EUR2;2024-01-22 16:33:00;2024-01-22 16:34:00;TT;BUY;3;0.3;17370.609;17362.609;17388.609;17362.609;SL;-2.16;2.5
P5_01_02_03_EUR3;2024-01-22 16:33:00;2024-01-22 16:35:00;TT;BUY;2;0.2;17370.609;17360.609;17390.609;17360.609;SL;-1.8;2.5
P7_01_02_03_04_EUR3;2024-01-22 16:33:00;2024-01-22 16:35:00;TT;BUY;4;0.4;17370.609;17360.609;17392.609;17360.609;SL;-3.6;2.5
P1_FIXED_01;2024-01-22 16:41:00;2024-01-22 16:42:00;TT;SELL;1;0.1;17352.731;17357.731;17340.731;17357.731;SL;-0.45;2.5
P2_01_02_EUR1;2024-01-22 16:41:00;2024-01-22 16:42:00;TT;SELL;1;0.1;17352.731;17358.731;17340.731;17358.731;SL;-0.54;2.5
P4_01_02_03_EUR2;2024-01-22 16:41:00;2024-01-22 16:42:00;TT;SELL;1;0.1;17352.731;17360.731;17330.508777777777;17360.731;SL;-0.72;2.5
P5_01_02_03_EUR3;2024-01-22 16:41:00;2024-01-22 16:42:00;TT;SELL;3;0.3;17352.731;17362.731;17332.731;17362.731;SL;-2.7;2.5
P6_01_02_03_04_EUR2;2024-01-22 16:41:00;2024-01-22 16:42:00;TT;SELL;4;0.4;17352.731;17360.731;17334.731;17360.731;SL;-2.88;2.5
P1_FIXED_01;2024-01-22 16:45:00;2024-01-22 16:46:00;TT;SELL;1;0.1;17354.409;17359.409;17342.409;17359.409;SL;-0.45;2.5
P2_01_02_EUR1;2024-01-22 16:45:00;2024-01-22 16:46:00;TT;SELL;2;0.2;17354.409;17360.409;17342.409;17360.409;SL;-1.08;2.5
P4_01_02_03_EUR2;2024-01-22 16:45:00;2024-01-22 16:46:00;TT;SELL;2;0.2;17354.409;17362.409;17338.409;17362.409;SL;-1.44;2.5
P5_01_02_03_EUR3;2024-01-22 16:45:00;2024-01-22 16:46:00;TT;SELL;1;0.1;17354.409;17364.409;17321.075666666668;17364.409;SL;-0.9;2.5
P6_01_02_03_04_EUR2;2024-01-22 16:45:00;2024-01-22 16:46:00;TT;SELL;1;0.1;17354.409;17362.409;17332.186777777777;17362.409;SL;-0.72;2.5
P1_FIXED_01;2024-01-22 16:58:00;2024-01-22 17:01:00;TT;BUY;1;0.1;17381.121;17376.121;17393.121;17376.121;SL;-0.45;2.5
P2_01_02_EUR1;2024-01-22 16:58:00;2024-01-22 17:01:00;TT;BUY;1;0.1;17381.121;17375.121;17393.121;17375.121;SL;-0.54;2.5
P4_01_02_03_EUR2;2024-01-22 16:58:00;2024-01-22 17:01:00;TT;BUY;3;0.3;17381.121;17373.121;17397.121;17373.121;SL;-2.16;2.5
P6_01_02_03_04_EUR2;2024-01-22 16:58:00;2024-01-22 17:01:00;TT;BUY;2;0.2;17381.121;17373.121;17399.121;17373.121;SL;-1.44;2.5
P5_01_02_03_EUR3;2024-01-22 16:58:00;2024-01-22 17:02:00;TT;BUY;2;0.2;17381.121;17371.121;17402.787666666667;17371.121;SL;-1.8;2.5
P1_FIXED_01;2024-01-22 17:06:00;2024-01-22 17:08:00;TT;SELL;1;0.1;17360.587;17365.587;17348.587;17348.587;TP;1.08;2.5
P2_01_02_EUR1;2024-01-22 17:06:00;2024-01-22 17:08:00;TT;SELL;2;0.2;17360.587;17366.587;17348.587;17348.587;TP;2.16;2.5
P4_01_02_03_EUR2;2024-01-22 17:06:00;2024-01-22 17:08:00;TT;SELL;1;0.1;17360.587;17368.587;17338.364777777777;17338.364777777777;TP;2.0;2.5
P5_01_02_03_EUR3;2024-01-22 17:06:00;2024-01-22 17:08:00;TT;SELL;3;0.3;17360.587;17370.587;17339.47588888889;17339.47588888889;TP;5.7;2.5
P6_01_02_03_04_EUR2;2024-01-22 17:06:00;2024-01-22 17:08:00;TT;SELL;3;0.3;17360.587;17368.587;17342.587;17342.587;TP;4.86;2.5
P1_FIXED_01;2024-01-22 17:08:00;2024-01-22 17:09:00;FT;BUY;1;0.1;17349.076;17344.076;17361.076;17344.076;SL;-0.45;2.5
P2_01_02_EUR1;2024-01-22 17:08:00;2024-01-22 17:09:00;FT;BUY;1;0.1;17349.076;17343.076;17361.076;17343.076;SL;-0.54;2.5
P4_01_02_03_EUR2;2024-01-22 17:08:00;2024-01-22 17:09:00;FT;BUY;1;0.1;17349.076;17341.076;17371.298222222224;17341.076;SL;-0.72;2.5
P6_01_02_03_04_EUR2;2024-01-22 17:08:00;2024-01-22 17:09:00;FT;BUY;1;0.1;17349.076;17341.076;17371.298222222224;17341.076;SL;-0.72;2.5
P1_FIXED_01;2024-01-22 17:09:00;2024-01-22 17:10:00;FT;BUY;1;0.1;17346.489;17341.489;17358.489;17341.489;SL;-0.45;2.5
P2_01_02_EUR1;2024-01-22 17:09:00;2024-01-22 17:10:00;FT;BUY;2;0.2;17346.489;17340.489;17358.489;17340.489;SL;-1.08;2.5
P4_01_02_03_EUR2;2024-01-22 17:09:00;2024-01-22 17:10:00;FT;BUY;2;0.2;17346.489;17338.489;17362.489;17338.489;SL;-1.44;2.5
P5_01_02_03_EUR3;2024-01-22 17:08:00;2024-01-22 17:10:00;FT;BUY;1;0.1;17349.076;17339.076;17382.409333333333;17339.076;SL;-0.9;2.5
P6_01_02_03_04_EUR2;2024-01-22 17:09:00;2024-01-22 17:10:00;FT;BUY;2;0.2;17346.489;17338.489;17364.489;17338.489;SL;-1.44;2.5
P1_FIXED_01;2024-01-22 17:10:00;2024-01-22 17:12:00;TT;SELL;1;0.1;17337.532;17342.532;17325.532;17342.532;SL;-0.45;2.5
P2_01_02_EUR1;2024-01-22 17:10:00;2024-01-22 17:12:00;TT;SELL;1;0.1;17337.532;17343.532;17325.532;17343.532;SL;-0.54;2.5
P4_01_02_03_EUR2;2024-01-22 17:10:00;2024-01-22 17:12:00;TT;SELL;3;0.3;17337.532;17345.532;17321.532;17345.532;SL;-2.16;2.5
P6_01_02_03_04_EUR2;2024-01-22 17:10:00;2024-01-22 17:12:00;TT;SELL;3;0.3;17337.532;17345.532;17319.532;17345.532;SL;-2.16;2.5
P5_01_02_03_EUR3;2024-01-22 17:10:00;2024-01-22 17:13:00;TT;SELL;2;0.2;17337.532;17347.532;17315.86533333333;17347.532;SL;-1.8;2.5
P1_FIXED_01;2024-01-22 17:24:00;2024-01-22 17:25:00;TT;BUY;1;0.1;17369.765;17364.765;17381.765;17364.765;SL;-0.45;2.5
P2_01_02_EUR1;2024-01-22 17:24:00;2024-01-22 17:25:00;TT;BUY;2;0.2;17369.765;17363.765;17381.765;17363.765;SL;-1.08;2.5
P4_01_02_03_EUR2;2024-01-22 17:24:00;2024-01-22 17:25:00;TT;BUY;1;0.1;17369.765;17361.765;17391.987222222222;17361.765;SL;-0.72;2.5
P6_01_02_03_04_EUR2;2024-01-22 17:24:00;2024-01-22 17:25:00;TT;BUY;4;0.4;17369.765;17361.765;17387.765;17361.765;SL;-2.88;2.5
P5_01_02_03_EUR3;2024-01-22 17:24:00;2024-01-22 17:26:00;TT;BUY;3;0.3;17369.765;17359.765;17390.87611111111;17359.765;SL;-2.7;2.5
P1_FIXED_01;2024-01-22 17:31:00;2024-01-22 17:32:00;TT;BUY;1;0.1;17367.52;17362.52;17379.52;17362.52;SL;-0.45;2.5
P2_01_02_EUR1;2024-01-22 17:31:00;2024-01-22 17:32:00;TT;BUY;1;0.1;17367.52;17361.52;17379.52;17361.52;SL;-0.54;2.5
P4_01_02_03_EUR2;2024-01-22 17:31:00;2024-01-22 17:33:00;TT;BUY;2;0.2;17367.52;17359.52;17383.52;17359.52;SL;-1.44;2.5
P5_01_02_03_EUR3;2024-01-22 17:31:00;2024-01-22 17:33:00;TT;BUY;1;0.1;17367.52;17357.52;17400.853333333333;17357.52;SL;-0.9;2.5
P6_01_02_03_04_EUR2;2024-01-22 17:31:00;2024-01-22 17:33:00;TT;BUY;1;0.1;17367.52;17359.52;17389.742222222223;17359.52;SL;-0.72;2.5
P1_FIXED_01;2024-01-22 17:35:00;2024-01-22 17:37:00;TT;SELL;1;0.1;17346.564;17351.564;17334.564;17351.564;SL;-0.45;2.5
P2_01_02_EUR1;2024-01-22 17:35:00;2024-01-22 17:37:00;TT;SELL;2;0.2;17346.564;17352.564;17334.564;17352.564;SL;-1.08;2.5
P4_01_02_03_EUR2;2024-01-22 17:35:00;2024-01-22 17:37:00;TT;SELL;3;0.3;17346.564;17354.564;17330.564;17354.564;SL;-2.16;2.5
P6_01_02_03_04_EUR2;2024-01-22 17:35:00;2024-01-22 17:37:00;TT;SELL;2;0.2;17346.564;17354.564;17328.564;17354.564;SL;-1.44;2.5
P5_01_02_03_EUR3;2024-01-22 17:35:00;2024-01-22 17:38:00;TT;SELL;2;0.2;17346.564;17356.564;17324.89733333333;17356.564;SL;-1.8;2.5
P1_FIXED_01;2024-01-22 17:54:00;2024-01-22 17:56:00;FT;SELL;1;0.1;17360.499;17365.499;17348.499;17365.499;SL;-0.45;2.5
P1_FIXED_01;2024-01-22 17:59:00;2024-01-22 18:00:00;TT;SELL;1;0.1;17350.065;17355.065;17338.065;17355.065;SL;-0.45;2.5
P2_01_02_EUR1;2024-01-22 17:54:00;2024-01-22 18:01:00;FT;SELL;1;0.1;17360.499;17366.499;17348.499;17348.499;TP;1.08;2.5
P6_01_02_03_04_EUR2;2024-01-22 17:54:00;2024-01-22 18:01:00;FT;SELL;3;0.3;17360.499;17368.499;17342.499;17342.499;TP;4.86;2.5
P4_01_02_03_EUR2;2024-01-22 17:54:00;2024-01-22 18:02:00;FT;SELL;1;0.1;17360.499;17368.499;17338.276777777777;17338.276777777777;TP;2.0;2.5
P5_01_02_03_EUR3;2024-01-22 17:54:00;2024-01-22 18:02:00;FT;SELL;3;0.3;17360.499;17370.499;17339.38788888889;17339.38788888889;TP;5.7;2.5
P1_FIXED_01;2024-01-22 18:23:00;2024-01-22 18:28:00;FT;SELL;1;0.1;17333.22;17338.22;17321.22;17321.22;TP;1.08;2.5
P2_01_02_EUR1;2024-01-22 18:23:00;2024-01-22 18:28:00;FT;SELL;1;0.1;17333.22;17339.22;17321.22;17321.22;TP;1.08;2.5
P4_01_02_03_EUR2;2024-01-22 18:23:00;2024-01-22 18:29:00;FT;SELL;1;0.1;17333.22;17341.22;17310.99777777778;17310.99777777778;TP;2.0;2.5
P6_01_02_03_04_EUR2;2024-01-22 18:23:00;2024-01-22 18:29:00;FT;SELL;1;0.1;17333.22;17341.22;17310.99777777778;17310.99777777778;TP;2.0;2.5
P5_01_02_03_EUR3;2024-01-22 18:23:00;2024-01-22 18:30:00;FT;SELL;1;0.1;17333.22;17343.22;17299.88666666667;17311.031;SESSION_END;2.0;2.5
P1_FIXED_01;2024-01-23 16:47:00;2024-01-23 16:48:00;TT;BUY;1;0.1;17334.586;17329.586;17346.586;17329.586;SL;-0.45;2.5
P2_01_02_EUR1;2024-01-23 16:47:00;2024-01-23 16:49:00;TT;BUY;1;0.1;17334.586;17328.586;17346.586;17328.586;SL;-0.54;2.5
P4_01_02_03_EUR2;2024-01-23 16:47:00;2024-01-23 16:49:00;TT;BUY;1;0.1;17334.586;17326.586;17356.808222222222;17326.586;SL;-0.72;2.5
P5_01_02_03_EUR3;2024-01-23 16:47:00;2024-01-23 16:49:00;TT;BUY;1;0.1;17334.586;17324.586;17367.91933333333;17324.586;SL;-0.9;2.5
P6_01_02_03_04_EUR2;2024-01-23 16:47:00;2024-01-23 16:49:00;TT;BUY;1;0.1;17334.586;17326.586;17356.808222222222;17326.586;SL;-0.72;2.5
P1_FIXED_01;2024-01-23 17:04:00;2024-01-23 17:11:00;TT;SELL;1;0.1;17333.565;17338.565;17321.565;17338.565;SL;-0.45;2.5
P2_01_02_EUR1;2024-01-23 17:04:00;2024-01-23 17:11:00;TT;SELL;2;0.2;17333.565;17339.565;17321.565;17339.565;SL;-1.08;2.5
P4_01_02_03_EUR2;2024-01-23 17:04:00;2024-01-23 17:14:00;TT;SELL;2;0.2;17333.565;17341.565;17317.565;17336.899;TIME;-0.6;2.5
P5_01_02_03_EUR3;2024-01-23 17:04:00;2024-01-23 17:14:00;TT;SELL;2;0.2;17333.565;17343.565;17311.89833333333;17336.899;TIME;-0.6;2.5
P6_01_02_03_04_EUR2;2024-01-23 17:04:00;2024-01-23 17:14:00;TT;SELL;2;0.2;17333.565;17341.565;17315.565;17336.899;TIME;-0.6;2.5
P1_FIXED_01;2024-01-23 17:17:00;2024-01-23 17:18:00;TT;SELL;1;0.1;17328.153;17333.153;17316.153;17333.153;SL;-0.45;2.5
P2_01_02_EUR1;2024-01-23 17:17:00;2024-01-23 17:18:00;TT;SELL;1;0.1;17328.153;17334.153;17316.153;17334.153;SL;-0.54;2.5
P4_01_02_03_EUR2;2024-01-23 17:17:00;2024-01-23 17:19:00;TT;SELL;3;0.3;17328.153;17336.153;17312.153;17336.153;SL;-2.16;2.5
P6_01_02_03_04_EUR2;2024-01-23 17:17:00;2024-01-23 17:19:00;TT;SELL;3;0.3;17328.153;17336.153;17310.153;17336.153;SL;-2.16;2.5
P5_01_02_03_EUR3;2024-01-23 17:17:00;2024-01-23 17:27:00;TT;SELL;3;0.3;17328.153;17338.153;17308.153;17329.886;TIME;-0.47;2.5
P1_FIXED_01;2024-01-23 17:24:00;2024-01-23 17:34:00;FT;BUY;1;0.1;17320.789;17315.789;17332.789;17326.287;TIME;0.49;2.5
P2_01_02_EUR1;2024-01-23 17:24:00;2024-01-23 17:34:00;FT;BUY;2;0.2;17320.789;17314.789;17332.789;17326.287;TIME;0.99;2.5
P4_01_02_03_EUR2;2024-01-23 17:24:00;2024-01-23 17:34:00;FT;BUY;1;0.1;17320.789;17312.789;17343.011222222223;17326.287;TIME;0.49;2.5
P6_01_02_03_04_EUR2;2024-01-23 17:24:00;2024-01-23 17:34:00;FT;BUY;4;0.4;17320.789;17312.789;17338.789;17326.287;TIME;1.98;2.5
P5_01_02_03_EUR3;2024-01-23 17:27:00;2024-01-23 17:36:00;TT;BUY;1;0.1;17329.999;17319.999;17363.332333333332;17319.999;SL;-0.9;2.5
P1_FIXED_01;2024-01-23 17:36:00;2024-01-23 17:37:00;TT;SELL;1;0.1;17319.309;17324.309;17307.309;17324.309;SL;-0.45;2.5
P2_01_02_EUR1;2024-01-23 17:36:00;2024-01-23 17:37:00;TT;SELL;1;0.1;17319.309;17325.309;17307.309;17325.309;SL;-0.54;2.5
P4_01_02_03_EUR2;2024-01-23 17:36:00;2024-01-23 17:37:00;TT;SELL;1;0.1;17319.309;17327.309;17297.08677777778;17327.309;SL;-0.72;2.5
P5_01_02_03_EUR3;2024-01-23 17:36:00;2024-01-23 17:37:00;TT;SELL;2;0.2;17319.309;17329.309;17297.642333333333;17329.309;SL;-1.8;2.5
P6_01_02_03_04_EUR2;2024-01-23 17:36:00;2024-01-23 17:37:00;TT;SELL;1;0.1;17319.309;17327.309;17297.08677777778;17327.309;SL;-0.72;2.5
P1_FIXED_01;2024-01-23 17:47:00;2024-01-23 17:54:00;TT;BUY;1;0.1;17338.143;17333.143;17350.143;17350.143;TP;1.08;2.5
P2_01_02_EUR1;2024-01-23 17:47:00;2024-01-23 17:54:00;TT;BUY;2;0.2;17338.143;17332.143;17350.143;17350.143;TP;2.16;2.5
P4_01_02_03_EUR2;2024-01-23 17:47:00;2024-01-23 17:55:00;TT;BUY;2;0.2;17338.143;17330.143;17354.143;17354.143;TP;2.88;2.5
P5_01_02_03_EUR3;2024-01-23 17:47:00;2024-01-23 17:56:00;TT;BUY;3;0.3;17338.143;17328.143;17359.25411111111;17359.25411111111;TP;5.7;2.5
P6_01_02_03_04_EUR2;2024-01-23 17:47:00;2024-01-23 17:56:00;TT;BUY;2;0.2;17338.143;17330.143;17356.143;17356.143;TP;3.24;2.5
P1_FIXED_01;2024-01-23 17:55:00;2024-01-23 18:05:00;TT;BUY;1;0.1;17357.409;17352.409;17369.409;17357.608;TIME;0.02;2.5
P2_01_02_EUR1;2024-01-23 17:55:00;2024-01-23 18:05:00;TT;BUY;1;0.1;17357.409;17351.409;17369.409;17357.608;TIME;0.02;2.5
P4_01_02_03_EUR2;2024-01-23 17:55:00;2024-01-23 18:05:00;TT;BUY;1;0.1;17357.409;17349.409;17379.631222222222;17357.608;TIME;0.02;2.5
P6_01_02_03_04_EUR2;2024-01-23 17:59:00;2024-01-23 18:05:00;TT;BUY;1;0.1;17364.687;17356.687;17386.909222222224;17356.687;SL;-0.72;2.5
P5_01_02_03_EUR3;2024-01-23 17:59:00;2024-01-23 18:06:00;TT;BUY;1;0.1;17364.687;17354.687;17398.020333333334;17354.687;SL;-0.9;2.5
P1_FIXED_01;2024-01-23 18:25:00;2024-01-23 18:29:00;TT;SELL;1;0.1;17353.721;17358.721;17341.721;17358.721;SL;-0.45;2.5
P2_01_02_EUR1;2024-01-23 18:25:00;2024-01-23 18:29:00;TT;SELL;1;0.1;17353.721;17359.721;17341.721;17359.721;SL;-0.54;2.5
P4_01_02_03_EUR2;2024-01-23 18:25:00;2024-01-23 18:29:00;TT;SELL;1;0.1;17353.721;17361.721;17331.49877777778;17361.721;SL;-0.72;2.5
P6_01_02_03_04_EUR2;2024-01-23 18:25:00;2024-01-23 18:29:00;TT;SELL;2;0.2;17353.721;17361.721;17335.721;17361.721;SL;-1.44;2.5
P5_01_02_03_EUR3;2024-01-23 18:25:00;2024-01-23 18:30:00;TT;SELL;2;0.2;17353.721;17363.721;17332.054333333333;17353.489;SESSION_END;0.04;2.5
P1_FIXED_01;2024-01-24 16:38:00;2024-01-24 16:43:00;FT;SELL;1;0.1;17592.797;17597.797;17580.797;17597.797;SL;-0.45;2.5
P2_01_02_EUR1;2024-01-24 16:38:00;2024-01-24 16:43:00;FT;SELL;2;0.2;17592.797;17598.797;17580.797;17598.797;SL;-1.08;2.5
P4_01_02_03_EUR2;2024-01-24 16:38:00;2024-01-24 16:43:00;FT;SELL;2;0.2;17592.797;17600.797;17576.797;17600.797;SL;-1.44;2.5
P6_01_02_03_04_EUR2;2024-01-24 16:38:00;2024-01-24 16:43:00;FT;SELL;3;0.3;17592.797;17600.797;17574.797;17600.797;SL;-2.16;2.5
P1_FIXED_01;2024-01-24 16:43:00;2024-01-24 16:44:00;TT;BUY;1;0.1;17597.553;17592.553;17609.553;17592.553;SL;-0.45;2.5
P2_01_02_EUR1;2024-01-24 16:43:00;2024-01-24 16:44:00;TT;BUY;1;0.1;17597.553;17591.553;17609.553;17591.553;SL;-0.54;2.5
P4_01_02_03_EUR2;2024-01-24 16:43:00;2024-01-24 16:44:00;TT;BUY;3;0.3;17597.553;17589.553;17613.553;17589.553;SL;-2.16;2.5
P6_01_02_03_04_EUR2;2024-01-24 16:43:00;2024-01-24 16:44:00;TT;BUY;4;0.4;17597.553;17589.553;17615.553;17589.553;SL;-2.88;2.5
P5_01_02_03_EUR3;2024-01-24 16:38:00;2024-01-24 16:48:00;FT;SELL;1;0.1;17592.797;17602.797;17559.463666666667;17589.289;TIME;0.32;2.5
P1_FIXED_01;2024-01-24 16:51:00;2024-01-24 16:52:00;FT;SELL;1;0.1;17602.153;17607.153;17590.153;17607.153;SL;-0.45;2.5
P2_01_02_EUR1;2024-01-24 16:51:00;2024-01-24 16:52:00;FT;SELL;2;0.2;17602.153;17608.153;17590.153;17608.153;SL;-1.08;2.5
P4_01_02_03_EUR2;2024-01-24 16:51:00;2024-01-24 16:52:00;FT;SELL;1;0.1;17602.153;17610.153;17579.930777777776;17610.153;SL;-0.72;2.5
P5_01_02_03_EUR3;2024-01-24 16:51:00;2024-01-24 16:52:00;FT;SELL;1;0.1;17602.153;17612.153;17568.819666666666;17612.153;SL;-0.9;2.5
P6_01_02_03_04_EUR2;2024-01-24 16:51:00;2024-01-24 16:52:00;FT;SELL;1;0.1;17602.153;17610.153;17579.930777777776;17610.153;SL;-0.72;2.5
P1_FIXED_01;2024-01-24 16:52:00;2024-01-24 16:53:00;TT;BUY;1;0.1;17611.632;17606.632;17623.632;17606.632;SL;-0.45;2.5
P2_01_02_EUR1;2024-01-24 16:52:00;2024-01-24 16:53:00;TT;BUY;1;0.1;17611.632;17605.632;17623.632;17605.632;SL;-0.54;2.5
P4_01_02_03_EUR2;2024-01-24 16:52:00;2024-01-24 16:59:00;TT;BUY;2;0.2;17611.632;17603.632;17627.632;17627.632;TP;2.88;2.5
P1_FIXED_01;2024-01-24 16:53:00;2024-01-24 17:00:00;TT;BUY;1;0.1;17616.587;17611.587;17628.587;17628.587;TP;1.08;2.5
P2_01_02_EUR1;2024-01-24 16:53:00;2024-01-24 17:00:00;TT;BUY;2;0.2;17616.587;17610.587;17628.587;17628.587;TP;2.16;2.5
P5_01_02_03_EUR3;2024-01-24 16:52:00;2024-01-24 17:02:00;TT;BUY;2;0.2;17611.632;17601.632;17633.29866666667;17625.289;TIME;2.46;2.5
P6_01_02_03_04_EUR2;2024-01-24 16:52:00;2024-01-24 17:02:00;TT;BUY;2;0.2;17611.632;17603.632;17629.632;17625.289;TIME;2.46;2.5
P1_FIXED_01;2024-01-24 17:09:00;2024-01-24 17:13:00;TT;BUY;1;0.1;17635.22;17630.22;17647.22;17630.22;SL;-0.45;2.5
P2_01_02_EUR1;2024-01-24 17:09:00;2024-01-24 17:13:00;TT;BUY;1;0.1;17635.22;17629.22;17647.22;17629.22;SL;-0.54;2.5
P4_01_02_03_EUR2;2024-01-24 17:09:00;2024-01-24 17:13:00;TT;BUY;1;0.1;17635.22;17627.22;17657.442222222224;17627.22;SL;-0.72;2.5
P5_01_02_03_EUR3;2024-01-24 17:09:00;2024-01-24 17:13:00;TT;BUY;1;0.1;17635.22;17625.22;17668.553333333333;17625.22;SL;-0.9;2.5
P6_01_02_03_04_EUR2;2024-01-24 17:09:00;2024-01-24 17:13:00;TT;BUY;1;0.1;17635.22;17627.22;17657.442222222224;17627.22;SL;-0.72;2.5
P1_FIXED_01;2024-01-24 17:24:00;2024-01-24 17:25:00;FT;SELL;1;0.1;17625.886;17630.886;17613.886;17630.886;SL;-0.45;2.5
P2_01_02_EUR1;2024-01-24 17:24:00;2024-01-24 17:25:00;FT;SELL;2;0.2;17625.886;17631.886;17613.886;17631.886;SL;-1.08;2.5
P4_01_02_03_EUR2;2024-01-24 17:24:00;2024-01-24 17:26:00;FT;SELL;2;0.2;17625.886;17633.886;17609.886;17633.886;SL;-1.44;2.5
P5_01_02_03_EUR3;2024-01-24 17:24:00;2024-01-24 17:26:00;FT;SELL;2;0.2;17625.886;17635.886;17604.21933333333;17635.886;SL;-1.8;2.5
P6_01_02_03_04_EUR2;2024-01-24 17:24:00;2024-01-24 17:26:00;FT;SELL;2;0.2;17625.886;17633.886;17607.886;17633.886;SL;-1.44;2.5
P1_FIXED_01;2024-01-24 17:25:00;2024-01-24 17:29:00;TT;BUY;1;0.1;17632.886;17627.886;17644.886;17644.886;TP;1.08;2.5
P2_01_02_EUR1;2024-01-24 17:25:00;2024-01-24 17:29:00;TT;BUY;1;0.1;17632.886;17626.886;17644.886;17644.886;TP;1.08;2.5
P4_01_02_03_EUR2;2024-01-24 17:26:00;2024-01-24 17:33:00;TT;BUY;3;0.3;17637.186;17629.186;17653.186;17653.186;TP;4.32;2.5
P5_01_02_03_EUR3;2024-01-24 17:26:00;2024-01-24 17:35:00;TT;BUY;3;0.3;17637.186;17627.186;17658.29711111111;17658.29711111111;TP;5.7;2.5
P6_01_02_03_04_EUR2;2024-01-24 17:26:00;2024-01-24 17:35:00;TT;BUY;3;0.3;17637.186;17629.186;17655.186;17655.186;TP;4.86;2.5
P1_FIXED_01;2024-01-24 17:36:00;2024-01-24 17:37:00;FT;SELL;1;0.1;17663.154;17668.154;17651.154;17651.154;TP;1.08;2.5
P2_01_02_EUR1;2024-01-24 17:36:00;2024-01-24 17:37:00;FT;SELL;1;0.1;17663.154;17669.154;17651.154;17651.154;TP;1.08;2.5
P1_FIXED_01;2024-01-24 17:40:00;2024-01-24 17:41:00;TT;BUY;1;0.1;17655.765;17650.765;17667.765;17650.765;SL;-0.45;2.5
P2_01_02_EUR1;2024-01-24 17:40:00;2024-01-24 17:41:00;TT;BUY;1;0.1;17655.765;17649.765;17667.765;17649.765;SL;-0.54;2.5
P4_01_02_03_EUR2;2024-01-24 17:36:00;2024-01-24 17:46:00;FT;SELL;1;0.1;17663.154;17671.154;17640.931777777776;17653.308;TIME;0.89;2.5
P5_01_02_03_EUR3;2024-01-24 17:36:00;2024-01-24 17:46:00;FT;SELL;1;0.1;17663.154;17673.154;17629.820666666667;17653.308;TIME;0.89;2.5
P6_01_02_03_04_EUR2;2024-01-24 17:36:00;2024-01-24 17:46:00;FT;SELL;1;0.1;17663.154;17671.154;17640.931777777776;17653.308;TIME;0.89;2.5
P1_FIXED_01;2024-01-24 17:47:00;2024-01-24 17:48:00;TT;BUY;1;0.1;17655.343;17650.343;17667.343;17650.343;SL;-0.45;2.5
P2_01_02_EUR1;2024-01-24 17:47:00;2024-01-24 17:49:00;TT;BUY;2;0.2;17655.343;17649.343;17667.343;17649.343;SL;-1.08;2.5
P4_01_02_03_EUR2;2024-01-24 17:47:00;2024-01-24 17:49:00;TT;BUY;1;0.1;17655.343;17647.343;17677.565222222223;17647.343;SL;-0.72;2.5
P6_01_02_03_04_EUR2;2024-01-24 17:47:00;2024-01-24 17:49:00;TT;BUY;1;0.1;17655.343;17647.343;17677.565222222223;17647.343;SL;-0.72;2.5
P1_FIXED_01;2024-01-24 17:51:00;2024-01-24 17:55:00;FT;SELL;1;0.1;17661.82;17666.82;17649.82;17666.82;SL;-0.45;2.5
P2_01_02_EUR1;2024-01-24 17:51:00;2024-01-24 17:55:00;FT;SELL;1;0.1;17661.82;17667.82;17649.82;17667.82;SL;-0.54;2.5
P4_01_02_03_EUR2;2024-01-24 17:51:00;2024-01-24 17:55:00;FT;SELL;2;0.2;17661.82;17669.82;17645.82;17669.82;SL;-1.44;2.5
P6_01_02_03_04_EUR2;2024-01-24 17:51:00;2024-01-24 17:55:00;FT;SELL;2;0.2;17661.82;17669.82;17643.82;17669.82;SL;-1.44;2.5
P1_FIXED_01;2024-01-24 17:55:00;2024-01-24 17:56:00;TT;BUY;1;0.1;17669.589;17664.589;17681.589;17664.589;SL;-0.45;2.5
P2_01_02_EUR1;2024-01-24 17:55:00;2024-01-24 17:56:00;TT;BUY;2;0.2;17669.589;17663.589;17681.589;17663.589;SL;-1.08;2.5
P4_01_02_03_EUR2;2024-01-24 17:55:00;2024-01-24 17:56:00;TT;BUY;3;0.3;17669.589;17661.589;17685.589;17661.589;SL;-2.16;2.5
P6_01_02_03_04_EUR2;2024-01-24 17:55:00;2024-01-24 17:56:00;TT;BUY;3;0.3;17669.589;17661.589;17687.589;17661.589;SL;-2.16;2.5
P5_01_02_03_EUR3;2024-01-24 17:47:00;2024-01-24 17:57:00;TT;BUY;1;0.1;17655.343;17645.343;17688.676333333333;17663.554;TIME;0.74;2.5
P1_FIXED_01;2024-01-24 18:01:00;2024-01-24 18:02:00;TT;SELL;1;0.1;17651.043;17656.043;17639.043;17639.043;TP;1.08;2.5
P2_01_02_EUR1;2024-01-24 18:01:00;2024-01-24 18:02:00;TT;SELL;1;0.1;17651.043;17657.043;17639.043;17639.043;TP;1.08;2.5
P1_FIXED_01;2024-01-24 18:02:00;2024-01-24 18:03:00;TT;SELL;1;0.1;17634.553;17639.553;17622.553;17639.553;SL;-0.45;2.5
P2_01_02_EUR1;2024-01-24 18:02:00;2024-01-24 18:03:00;TT;SELL;1;0.1;17634.553;17640.553;17622.553;17640.553;SL;-0.54;2.5
P4_01_02_03_EUR2;2024-01-24 18:01:00;2024-01-24 18:03:00;TT;SELL;1;0.1;17651.043;17659.043;17628.82077777778;17628.82077777778;TP;2.0;2.5
P6_01_02_03_04_EUR2;2024-01-24 18:01:00;2024-01-24 18:03:00;TT;SELL;4;0.4;17651.043;17659.043;17633.043;17633.043;TP;6.48;2.5
P1_FIXED_01;2024-01-24 18:06:00;2024-01-24 18:07:00;TT;SELL;1;0.1;17627.054;17632.054;17615.054;17632.054;SL;-0.45;2.5
P2_01_02_EUR1;2024-01-24 18:06:00;2024-01-24 18:07:00;TT;SELL;2;0.2;17627.054;17633.054;17615.054;17633.054;SL;-1.08;2.5
P4_01_02_03_EUR2;2024-01-24 18:06:00;2024-01-24 18:07:00;TT;SELL;1;0.1;17627.054;17635.054;17604.831777777777;17635.054;SL;-0.72;2.5
P6_01_02_03_04_EUR2;2024-01-24 18:06:00;2024-01-24 18:07:00;TT;SELL;1;0.1;17627.054;17635.054;17604.831777777777;17635.054;SL;-0.72;2.5
P5_01_02_03_EUR3;2024-01-24 18:01:00;2024-01-24 18:11:00;TT;SELL;1;0.1;17651.043;17661.043;17617.70966666667;17634.632;TIME;1.48;2.5
P1_FIXED_01;2024-01-24 18:16:00;2024-01-24 18:17:00;TT;SELL;1;0.1;17605.386;17610.386;17593.386;17610.386;SL;-0.45;2.5
P2_01_02_EUR1;2024-01-24 18:16:00;2024-01-24 18:17:00;TT;SELL;1;0.1;17605.386;17611.386;17593.386;17611.386;SL;-0.54;2.5
P4_01_02_03_EUR2;2024-01-24 18:16:00;2024-01-24 18:18:00;TT;SELL;2;0.2;17605.386;17613.386;17589.386;17613.386;SL;-1.44;2.5
P5_01_02_03_EUR3;2024-01-24 18:16:00;2024-01-24 18:18:00;TT;SELL;1;0.1;17605.386;17615.386;17572.052666666666;17615.386;SL;-0.9;2.5
P6_01_02_03_04_EUR2;2024-01-24 18:16:00;2024-01-24 18:18:00;TT;SELL;2;0.2;17605.386;17613.386;17587.386;17613.386;SL;-1.44;2.5
P1_FIXED_01;2024-01-24 18:22:00;2024-01-24 18:23:00;FT;SELL;1;0.1;17611.542;17616.542;17599.542;17616.542;SL;-0.45;2.5
P2_01_02_EUR1;2024-01-24 18:22:00;2024-01-24 18:24:00;FT;SELL;2;0.2;17611.542;17617.542;17599.542;17617.542;SL;-1.08;2.5
P4_01_02_03_EUR2;2024-01-24 18:22:00;2024-01-24 18:25:00;FT;SELL;3;0.3;17611.542;17619.542;17595.542;17619.542;SL;-2.16;2.5
P6_01_02_03_04_EUR2;2024-01-24 18:22:00;2024-01-24 18:25:00;FT;SELL;3;0.3;17611.542;17619.542;17593.542;17619.542;SL;-2.16;2.5
P5_01_02_03_EUR3;2024-01-24 18:22:00;2024-01-24 18:26:00;FT;SELL;2;0.2;17611.542;17621.542;17589.875333333333;17621.542;SL;-1.8;2.5
P1_FIXED_01;2024-01-24 18:27:00;2024-01-24 18:30:00;TT;BUY;1;0.1;17630.121;17625.121;17642.121;17633.71;SESSION_END;0.32;2.5
P2_01_02_EUR1;2024-01-24 18:27:00;2024-01-24 18:30:00;TT;BUY;1;0.1;17630.121;17624.121;17642.121;17633.71;SESSION_END;0.32;2.5
P4_01_02_03_EUR2;2024-01-24 18:27:00;2024-01-24 18:30:00;TT;BUY;1;0.1;17630.121;17622.121;17652.34322222222;17633.71;SESSION_END;0.32;2.5
P5_01_02_03_EUR3;2024-01-24 18:27:00;2024-01-24 18:30:00;TT;BUY;3;0.3;17630.121;17620.121;17651.23211111111;17633.71;SESSION_END;0.97;2.5
P6_01_02_03_04_EUR2;2024-01-24 18:27:00;2024-01-24 18:30:00;TT;BUY;4;0.4;17630.121;17622.121;17648.121;17633.71;SESSION_END;1.29;2.5
P1_FIXED_01;2024-01-25 16:42:00;2024-01-25 16:47:00;TT;SELL;1;0.1;17595.897;17600.897;17583.897;17600.897;SL;-0.45;2.5
P2_01_02_EUR1;2024-01-25 16:42:00;2024-01-25 16:47:00;TT;SELL;1;0.1;17595.897;17601.897;17583.897;17601.897;SL;-0.54;2.5
P4_01_02_03_EUR2;2024-01-25 16:42:00;2024-01-25 16:47:00;TT;SELL;1;0.1;17595.897;17603.897;17573.67477777778;17603.897;SL;-0.72;2.5
P5_01_02_03_EUR3;2024-01-25 16:42:00;2024-01-25 16:47:00;TT;SELL;1;0.1;17595.897;17605.897;17562.56366666667;17605.897;SL;-0.9;2.5
P6_01_02_03_04_EUR2;2024-01-25 16:42:00;2024-01-25 16:47:00;TT;SELL;1;0.1;17595.897;17603.897;17573.67477777778;17603.897;SL;-0.72;2.5
P1_FIXED_01;2024-01-25 16:47:00;2024-01-25 16:50:00;TT;BUY;1;0.1;17604.71;17599.71;17616.71;17616.71;TP;1.08;2.5
P2_01_02_EUR1;2024-01-25 16:47:00;2024-01-25 16:50:00;TT;BUY;2;0.2;17604.71;17598.71;17616.71;17616.71;TP;2.16;2.5
P1_FIXED_01;2024-01-25 16:50:00;2024-01-25 16:51:00;FT;SELL;1;0.1;17615.61;17620.61;17603.61;17620.61;SL;-0.45;2.5
P2_01_02_EUR1;2024-01-25 16:50:00;2024-01-25 16:51:00;FT;SELL;1;0.1;17615.61;17621.61;17603.61;17621.61;SL;-0.54;2.5
P4_01_02_03_EUR2;2024-01-25 16:47:00;2024-01-25 16:51:00;TT;BUY;2;0.2;17604.71;17596.71;17620.71;17620.71;TP;2.88;2.5
P5_01_02_03_EUR3;2024-01-25 16:47:00;2024-01-25 16:51:00;TT;BUY;2;0.2;17604.71;17594.71;17626.376666666667;17626.376666666667;TP;3.9;2.5
P6_01_02_03_04_EUR2;2024-01-25 16:47:00;2024-01-25 16:51:00;TT;BUY;2;0.2;17604.71;17596.71;17622.71;17622.71;TP;3.24;2.5
P1_FIXED_01;2024-01-25 16:51:00;2024-01-25 16:52:00;TT;BUY;1;0.1;17628.786;17623.786;17640.786;17623.786;SL;-0.45;2.5
P2_01_02_EUR1;2024-01-25 16:51:00;2024-01-25 16:52:00;TT;BUY;2;0.2;17628.786;17622.786;17640.786;17622.786;SL;-1.08;2.5
P1_FIXED_01;2024-01-25 16:52:00;2024-01-25 16:53:00;FT;SELL;1;0.1;17627.209;17632.209;17615.209;17632.209;SL;-0.45;2.5
P2_01_02_EUR1;2024-01-25 16:52:00;2024-01-25 16:53:00;FT;SELL;1;0.1;17627.209;17633.209;17615.209;17633.209;SL;-0.54;2.5
P1_FIXED_01;2024-01-25 16:53:00;2024-01-25 16:54:00;FT;SELL;1;0.1;17627.032;17632.032;17615.032;17632.032;SL;-0.45;2.5
P2_01_02_EUR1;2024-01-25 16:53:00;2024-01-25 16:54:00;FT;SELL;2;0.2;17627.032;17633.032;17615.032;17633.032;SL;-1.08;2.5
P4_01_02_03_EUR2;2024-01-25 16:51:00;2024-01-25 16:55:00;TT;BUY;1;0.1;17628.786;17620.786;17651.008222222223;17620.786;SL;-0.72;2.5
P5_01_02_03_EUR3;2024-01-25 16:51:00;2024-01-25 16:55:00;TT;BUY;1;0.1;17628.786;17618.786;17662.119333333332;17618.786;SL;-0.9;2.5
P6_01_02_03_04_EUR2;2024-01-25 16:51:00;2024-01-25 16:55:00;TT;BUY;1;0.1;17628.786;17620.786;17651.008222222223;17620.786;SL;-0.72;2.5
P1_FIXED_01;2024-01-25 17:04:00;2024-01-25 17:05:00;FT;BUY;1;0.1;17598.053;17593.053;17610.053;17593.053;SL;-0.45;2.5
P2_01_02_EUR1;2024-01-25 17:04:00;2024-01-25 17:05:00;FT;BUY;1;0.1;17598.053;17592.053;17610.053;17592.053;SL;-0.54;2.5
P4_01_02_03_EUR2;2024-01-25 17:04:00;2024-01-25 17:05:00;FT;BUY;2;0.2;17598.053;17590.053;17614.053;17590.053;SL;-1.44;2.5
P5_01_02_03_EUR3;2024-01-25 17:04:00;2024-01-25 17:05:00;FT;BUY;2;0.2;17598.053;17588.053;17619.719666666668;17588.053;SL;-1.8;2.5
P6_01_02_03_04_EUR2;2024-01-25 17:04:00;2024-01-25 17:05:00;FT;BUY;2;0.2;17598.053;17590.053;17616.053;17590.053;SL;-1.44;2.5
P1_FIXED_01;2024-01-25 17:05:00;2024-01-25 17:07:00;TT;SELL;1;0.1;17587.01;17592.01;17575.01;17575.01;TP;1.08;2.5
P2_01_02_EUR1;2024-01-25 17:05:00;2024-01-25 17:07:00;TT;SELL;2;0.2;17587.01;17593.01;17575.01;17575.01;TP;2.16;2.5
P4_01_02_03_EUR2;2024-01-25 17:05:00;2024-01-25 17:07:00;TT;SELL;3;0.3;17587.01;17595.01;17571.01;17571.01;TP;4.32;2.5
P5_01_02_03_EUR3;2024-01-25 17:05:00;2024-01-25 17:07:00;TT;SELL;3;0.3;17587.01;17597.01;17565.89888888889;17565.89888888889;TP;5.7;2.5
P6_01_02_03_04_EUR2;2024-01-25 17:05:00;2024-01-25 17:07:00;TT;SELL;3;0.3;17587.01;17595.01;17569.01;17569.01;TP;4.86;2.5
P1_FIXED_01;2024-01-25 17:07:00;2024-01-25 17:08:00;FT;BUY;1;0.1;17574.732;17569.732;17586.732;17569.732;SL;-0.45;2.5
P2_01_02_EUR1;2024-01-25 17:07:00;2024-01-25 17:08:00;FT;BUY;1;0.1;17574.732;17568.732;17586.732;17568.732;SL;-0.54;2.5
P4_01_02_03_EUR2;2024-01-25 17:07:00;2024-01-25 17:08:00;FT;BUY;1;0.1;17574.732;17566.732;17596.954222222223;17566.732;SL;-0.72;2.5
P5_01_02_03_EUR3;2024-01-25 17:07:00;2024-01-25 17:08:00;FT;BUY;1;0.1;17574.732;17564.732;17608.065333333332;17564.732;SL;-0.9;2.5
P6_01_02_03_04_EUR2;2024-01-25 17:07:00;2024-01-25 17:08:00;FT;BUY;1;0.1;17574.732;17566.732;17596.954222222223;17566.732;SL;-0.72;2.5
P1_FIXED_01;2024-01-25 17:08:00;2024-01-25 17:09:00;TT;SELL;1;0.1;17562.821;17567.821;17550.821;17567.821;SL;-0.45;2.5
P1_FIXED_01;2024-01-25 17:09:00;2024-01-25 17:10:00;FT;BUY;1;0.1;17565.375;17560.375;17577.375;17560.375;SL;-0.45;2.5
P2_01_02_EUR1;2024-01-25 17:08:00;2024-01-25 17:10:00;TT;SELL;2;0.2;17562.821;17568.821;17550.821;17568.821;SL;-1.08;2.5
P4_01_02_03_EUR2;2024-01-25 17:08:00;2024-01-25 17:10:00;TT;SELL;2;0.2;17562.821;17570.821;17546.821;17570.821;SL;-1.44;2.5
P5_01_02_03_EUR3;2024-01-25 17:08:00;2024-01-25 17:10:00;TT;SELL;2;0.2;17562.821;17572.821;17541.154333333332;17572.821;SL;-1.8;2.5
P6_01_02_03_04_EUR2;2024-01-25 17:08:00;2024-01-25 17:10:00;TT;SELL;2;0.2;17562.821;17570.821;17544.821;17570.821;SL;-1.44;2.5
P1_FIXED_01;2024-01-25 17:31:00;2024-01-25 17:33:00;TT;SELL;1;0.1;17550.842;17555.842;17538.842;17538.842;TP;1.08;2.5
P2_01_02_EUR1;2024-01-25 17:31:00;2024-01-25 17:33:00;TT;SELL;1;0.1;17550.842;17556.842;17538.842;17538.842;TP;1.08;2.5
P4_01_02_03_EUR2;2024-01-25 17:31:00;2024-01-25 17:33:00;TT;SELL;3;0.3;17550.842;17558.842;17534.842;17534.842;TP;4.32;2.5
P5_01_02_03_EUR3;2024-01-25 17:31:00;2024-01-25 17:36:00;TT;SELL;3;0.3;17550.842;17560.842;17529.73088888889;17529.73088888889;TP;5.7;2.5
P6_01_02_03_04_EUR2;2024-01-25 17:31:00;2024-01-25 17:36:00;TT;SELL;3;0.3;17550.842;17558.842;17532.842;17532.842;TP;4.86;2.5
P1_FIXED_01;2024-01-25 18:03:00;2024-01-25 18:04:00;TT;BUY;1;0.1;17553.232;17548.232;17565.232;17548.232;SL;-0.45;2.5
P2_01_02_EUR1;2024-01-25 18:03:00;2024-01-25 18:04:00;TT;BUY;1;0.1;17553.232;17547.232;17565.232;17547.232;SL;-0.54;2.5
P4_01_02_03_EUR2;2024-01-25 18:03:00;2024-01-25 18:05:00;TT;BUY;1;0.1;17553.232;17545.232;17575.454222222223;17545.232;SL;-0.72;2.5
P5_01_02_03_EUR3;2024-01-25 18:03:00;2024-01-25 18:05:00;TT;BUY;1;0.1;17553.232;17543.232;17586.565333333332;17543.232;SL;-0.9;2.5
P6_01_02_03_04_EUR2;2024-01-25 18:03:00;2024-01-25 18:05:00;TT;BUY;1;0.1;17553.232;17545.232;17575.454222222223;17545.232;SL;-0.72;2.5
P1_FIXED_01;2024-01-25 18:08:00;2024-01-25 18:09:00;FT;SELL;1;0.1;17555.81;17560.81;17543.81;17560.81;SL;-0.45;2.5
P2_01_02_EUR1;2024-01-25 18:08:00;2024-01-25 18:09:00;FT;SELL;2;0.2;17555.81;17561.81;17543.81;17561.81;SL;-1.08;2.5
P4_01_02_03_EUR2;2024-01-25 18:08:00;2024-01-25 18:09:00;FT;SELL;2;0.2;17555.81;17563.81;17539.81;17563.81;SL;-1.44;2.5
P6_01_02_03_04_EUR2;2024-01-25 18:08:00;2024-01-25 18:09:00;FT;SELL;2;0.2;17555.81;17563.81;17537.81;17563.81;SL;-1.44;2.5
P1_FIXED_01;2024-01-25 18:11:00;2024-01-25 18:15:00;FT;BUY;1;0.1;17545.053;17540.053;17557.053;17540.053;SL;-0.45;2.5
P2_01_02_EUR1;2024-01-25 18:11:00;2024-01-25 18:15:00;FT;BUY;1;0.1;17545.053;17539.053;17557.053;17539.053;SL;-0.54;2.5
P4_01_02_03_EUR2;2024-01-25 18:11:00;2024-01-25 18:15:00;FT;BUY;3;0.3;17545.053;17537.053;17561.053;17537.053;SL;-2.16;2.5
P6_01_02_03_04_EUR2;2024-01-25 18:11:00;2024-01-25 18:15:00;FT;BUY;3;0.3;17545.053;17537.053;17563.053;17537.053;SL;-2.16;2.5
P5_01_02_03_EUR3;2024-01-25 18:08:00;2024-01-25 18:16:00;FT;SELL;2;0.2;17555.81;17565.81;17534.143333333333;17534.143333333333;TP;3.9;2.5
P1_FIXED_01;2024-01-25 18:16:00;2024-01-25 18:18:00;TT;SELL;1;0.1;17526.989;17531.989;17514.989;17514.989;TP;1.08;2.5
P2_01_02_EUR1;2024-01-25 18:16:00;2024-01-25 18:18:00;TT;SELL;2;0.2;17526.989;17532.989;17514.989;17514.989;TP;2.16;2.5
P6_01_02_03_04_EUR2;2024-01-25 18:16:00;2024-01-25 18:18:00;TT;SELL;4;0.4;17526.989;17534.989;17508.989;17508.989;TP;6.48;2.5
P4_01_02_03_EUR2;2024-01-25 18:16:00;2024-01-25 18:19:00;TT;SELL;1;0.1;17526.989;17534.989;17504.76677777778;17504.76677777778;TP;2.0;2.5
P1_FIXED_01;2024-01-25 18:25:00;2024-01-25 18:26:00;TT;SELL;1;0.1;17493.553;17498.553;17481.553;17498.553;SL;-0.45;2.5
P2_01_02_EUR1;2024-01-25 18:25:00;2024-01-25 18:26:00;TT;SELL;1;0.1;17493.553;17499.553;17481.553;17499.553;SL;-0.54;2.5
P4_01_02_03_EUR2;2024-01-25 18:25:00;2024-01-25 18:26:00;TT;SELL;1;0.1;17493.553;17501.553;17471.330777777777;17501.553;SL;-0.72;2.5
P5_01_02_03_EUR3;2024-01-25 18:16:00;2024-01-25 18:26:00;TT;SELL;1;0.1;17526.989;17536.989;17493.65566666667;17502.786;TIME;2.18;2.5
P6_01_02_03_04_EUR2;2024-01-25 18:25:00;2024-01-25 18:26:00;TT;SELL;1;0.1;17493.553;17501.553;17471.330777777777;17501.553;SL;-0.72;2.5
P1_FIXED_01;2024-01-26 16:33:00;2024-01-26 16:35:00;TT;BUY;1;0.1;17508.089;17503.089;17520.089;17503.089;SL;-0.45;2.5
P2_01_02_EUR1;2024-01-26 16:33:00;2024-01-26 16:35:00;TT;BUY;2;0.2;17508.089;17502.089;17520.089;17502.089;SL;-1.08;2.5
P4_01_02_03_EUR2;2024-01-26 16:33:00;2024-01-26 16:36:00;TT;BUY;2;0.2;17508.089;17500.089;17524.089;17500.089;SL;-1.44;2.5
P5_01_02_03_EUR3;2024-01-26 16:33:00;2024-01-26 16:36:00;TT;BUY;1;0.1;17508.089;17498.089;17541.422333333332;17498.089;SL;-0.9;2.5
P6_01_02_03_04_EUR2;2024-01-26 16:33:00;2024-01-26 16:36:00;TT;BUY;2;0.2;17508.089;17500.089;17526.089;17500.089;SL;-1.44;2.5
P1_FIXED_01;2024-01-26 16:37:00;2024-01-26 16:38:00;TT;SELL;1;0.1;17494.143;17499.143;17482.143;17482.143;TP;1.08;2.5
P2_01_02_EUR1;2024-01-26 16:37:00;2024-01-26 16:38:00;TT;SELL;1;0.1;17494.143;17500.143;17482.143;17482.143;TP;1.08;2.5
P4_01_02_03_EUR2;2024-01-26 16:37:00;2024-01-26 16:39:00;TT;SELL;3;0.3;17494.143;17502.143;17478.143;17478.143;TP;4.32;2.5
P5_01_02_03_EUR3;2024-01-26 16:37:00;2024-01-26 16:39:00;TT;SELL;2;0.2;17494.143;17504.143;17472.476333333332;17472.476333333332;TP;3.9;2.5
P6_01_02_03_04_EUR2;2024-01-26 16:37:00;2024-01-26 16:39:00;TT;SELL;3;0.3;17494.143;17502.143;17476.143;17476.143;TP;4.86;2.5
P1_FIXED_01;2024-01-26 16:38:00;2024-01-26 16:42:00;TT;SELL;1;0.1;17482.254;17487.254;17470.254;17470.254;TP;1.08;2.5
P2_01_02_EUR1;2024-01-26 16:38:00;2024-01-26 16:42:00;TT;SELL;1;0.1;17482.254;17488.254;17470.254;17470.254;TP;1.08;2.5
P4_01_02_03_EUR2;2024-01-26 16:40:00;2024-01-26 16:42:00;FT;BUY;1;0.1;17473.831;17465.831;17496.05322222222;17465.831;SL;-0.72;2.5
P5_01_02_03_EUR3;2024-01-26 16:40:00;2024-01-26 16:42:00;FT;BUY;1;0.1;17473.831;17463.831;17507.16433333333;17463.831;SL;-0.9;2.5
P6_01_02_03_04_EUR2;2024-01-26 16:40:00;2024-01-26 16:42:00;FT;BUY;1;0.1;17473.831;17465.831;17496.05322222222;17465.831;SL;-0.72;2.5
P1_FIXED_01;2024-01-26 16:50:00;2024-01-26 16:51:00;TT;BUY;1;0.1;17493.721;17488.721;17505.721;17488.721;SL;-0.45;2.5
P2_01_02_EUR1;2024-01-26 16:50:00;2024-01-26 16:51:00;TT;BUY;1;0.1;17493.721;17487.721;17505.721;17487.721;SL;-0.54;2.5
P1_FIXED_01;2024-01-26 16:51:00;2024-01-26 16:52:00;FT;SELL;1;0.1;17493.799;17498.799;17481.799;17498.799;SL;-0.45;2.5
P2_01_02_EUR1;2024-01-26 16:51:00;2024-01-26 16:52:00;FT;SELL;2;0.2;17493.799;17499.799;17481.799;17499.799;SL;-1.08;2.5
P4_01_02_03_EUR2;2024-01-26 16:50:00;2024-01-26 16:56:00;TT;BUY;2;0.2;17493.721;17485.721;17509.721;17485.721;SL;-1.44;2.5
P5_01_02_03_EUR3;2024-01-26 16:50:00;2024-01-26 16:56:00;TT;BUY;2;0.2;17493.721;17483.721;17515.38766666667;17483.721;SL;-1.8;2.5
P6_01_02_03_04_EUR2;2024-01-26 16:50:00;2024-01-26 16:56:00;TT;BUY;2;0.2;17493.721;17485.721;17511.721;17485.721;SL;-1.44;2.5
P1_FIXED_01;2024-01-26 17:02:00;2024-01-26 17:03:00;TT;BUY;1;0.1;17503.399;17498.399;17515.399;17498.399;SL;-0.45;2.5
P2_01_02_EUR1;2024-01-26 17:02:00;2024-01-26 17:03:00;TT;BUY;1;0.1;17503.399;17497.399;17515.399;17497.399;SL;-0.54;2.5
P1_FIXED_01;2024-01-26 17:06:00;2024-01-26 17:07:00;TT;BUY;1;0.1;17512.087;17507.087;17524.087;17507.087;SL;-0.45;2.5
P2_01_02_EUR1;2024-01-26 17:06:00;2024-01-26 17:07:00;TT;BUY;2;0.2;17512.087;17506.087;17524.087;17506.087;SL;-1.08;2.5
P4_01_02_03_EUR2;2024-01-26 17:02:00;2024-01-26 17:10:00;TT;BUY;3;0.3;17503.399;17495.399;17519.399;17495.399;SL;-2.16;2.5
P6_01_02_03_04_EUR2;2024-01-26 17:02:00;2024-01-26 17:10:00;TT;BUY;3;0.3;17503.399;17495.399;17521.399;17495.399;SL;-2.16;2.5
P5_01_02_03_EUR3;2024-01-26 17:02:00;2024-01-26 17:11:00;TT;BUY;3;0.3;17503.399;17493.399;17524.51011111111;17493.399;SL;-2.7;2.5
P5_01_02_03_EUR3;2024-01-26 17:11:00;2024-01-26 17:12:00;TT;SELL;1;0.1;17487.275;17497.275;17453.94166666667;17497.275;SL;-0.9;2.5
P1_FIXED_01;2024-01-26 17:10:00;2024-01-26 17:14:00;TT;SELL;1;0.1;17498.165;17503.165;17486.165;17503.165;SL;-0.45;2.5
P2_01_02_EUR1;2024-01-26 17:10:00;2024-01-26 17:14:00;TT;SELL;1;0.1;17498.165;17504.165;17486.165;17504.165;SL;-0.54;2.5
P4_01_02_03_EUR2;2024-01-26 17:10:00;2024-01-26 17:14:00;TT;SELL;1;0.1;17498.165;17506.165;17475.94277777778;17506.165;SL;-0.72;2.5
P6_01_02_03_04_EUR2;2024-01-26 17:10:00;2024-01-26 17:14:00;TT;SELL;4;0.4;17498.165;17506.165;17480.165;17506.165;SL;-2.88;2.5
P1_FIXED_01;2024-01-26 17:16:00;2024-01-26 17:17:00;FT;SELL;1;0.1;17508.664;17513.664;17496.664;17513.664;SL;-0.45;2.5
P2_01_02_EUR1;2024-01-26 17:16:00;2024-01-26 17:17:00;FT;SELL;2;0.2;17508.664;17514.664;17496.664;17514.664;SL;-1.08;2.5
P1_FIXED_01;2024-01-26 17:18:00;2024-01-26 17:19:00;TT;BUY;1;0.1;17514.253;17509.253;17526.253;17509.253;SL;-0.45;2.5
P2_01_02_EUR1;2024-01-26 17:18:00;2024-01-26 17:19:00;TT;BUY;1;0.1;17514.253;17508.253;17526.253;17508.253;SL;-0.54;2.5
P4_01_02_03_EUR2;2024-01-26 17:16:00;2024-01-26 17:25:00;FT;SELL;2;0.2;17508.664;17516.664;17492.664;17492.664;TP;2.88;2.5
P5_01_02_03_EUR3;2024-01-26 17:16:00;2024-01-26 17:26:00;FT;SELL;2;0.2;17508.664;17518.664;17486.997333333333;17493.02;TIME;2.82;2.5
P6_01_02_03_04_EUR2;2024-01-26 17:16:00;2024-01-26 17:26:00;FT;SELL;1;0.1;17508.664;17516.664;17486.441777777778;17493.02;TIME;1.41;2.5
P1_FIXED_01;2024-01-26 17:31:00;2024-01-26 17:33:00;TT;SELL;1;0.1;17474.121;17479.121;17462.121;17462.121;TP;1.08;2.5
P2_01_02_EUR1;2024-01-26 17:31:00;2024-01-26 17:33:00;TT;SELL;2;0.2;17474.121;17480.121;17462.121;17462.121;TP;2.16;2.5
P1_FIXED_01;2024-01-26 17:33:00;2024-01-26 17:34:00;TT;SELL;1;0.1;17456.398;17461.398;17444.398;17461.398;SL;-0.45;2.5
P2_01_02_EUR1;2024-01-26 17:33:00;2024-01-26 17:34:00;TT;SELL;1;0.1;17456.398;17462.398;17444.398;17462.398;SL;-0.54;2.5
P4_01_02_03_EUR2;2024-01-26 17:31:00;2024-01-26 17:36:00;TT;SELL;1;0.1;17474.121;17482.121;17451.898777777777;17451.898777777777;TP;2.0;2.5
P6_01_02_03_04_EUR2;2024-01-26 17:31:00;2024-01-26 17:36:00;TT;SELL;1;0.1;17474.121;17482.121;17451.898777777777;17451.898777777777;TP;2.0;2.5
P5_01_02_03_EUR3;2024-01-26 17:31:00;2024-01-26 17:37:00;TT;SELL;1;0.1;17474.121;17484.121;17440.787666666667;17440.787666666667;TP;3.0;2.5
P1_FIXED_01;2024-01-26 17:37:00;2024-01-26 17:38:00;TT;SELL;1;0.1;17438.098;17443.098;17426.098;17443.098;SL;-0.45;2.5
P2_01_02_EUR1;2024-01-26 17:37:00;2024-01-26 17:38:00;TT;SELL;2;0.2;17438.098;17444.098;17426.098;17444.098;SL;-1.08;2.5
P4_01_02_03_EUR2;2024-01-26 17:37:00;2024-01-26 17:38:00;TT;SELL;1;0.1;17438.098;17446.098;17415.87577777778;17446.098;SL;-0.72;2.5
P6_01_02_03_04_EUR2;2024-01-26 17:37:00;2024-01-26 17:38:00;TT;SELL;1;0.1;17438.098;17446.098;17415.87577777778;17446.098;SL;-0.72;2.5
P1_FIXED_01;2024-01-26 17:38:00;2024-01-26 17:39:00;FT;BUY;1;0.1;17440.031;17435.031;17452.031;17435.031;SL;-0.45;2.5
P2_01_02_EUR1;2024-01-26 17:38:00;2024-01-26 17:39:00;FT;BUY;1;0.1;17440.031;17434.031;17452.031;17434.031;SL;-0.54;2.5
P4_01_02_03_EUR2;2024-01-26 17:38:00;2024-01-26 17:39:00;FT;BUY;2;0.2;17440.031;17432.031;17456.031;17432.031;SL;-1.44;2.5
P6_01_02_03_04_EUR2;2024-01-26 17:38:00;2024-01-26 17:39:00;FT;BUY;2;0.2;17440.031;17432.031;17458.031;17432.031;SL;-1.44;2.5
P1_FIXED_01;2024-01-26 17:39:00;2024-01-26 17:40:00;TT;SELL;1;0.1;17429.321;17434.321;17417.321;17434.321;SL;-0.45;2.5
P2_01_02_EUR1;2024-01-26 17:39:00;2024-01-26 17:40:00;TT;SELL;2;0.2;17429.321;17435.321;17417.321;17435.321;SL;-1.08;2.5
P4_01_02_03_EUR2;2024-01-26 17:39:00;2024-01-26 17:40:00;TT;SELL;3;0.3;17429.321;17437.321;17413.321;17437.321;SL;-2.16;2.5
P6_01_02_03_04_EUR2;2024-01-26 17:39:00;2024-01-26 17:40:00;TT;SELL;3;0.3;17429.321;17437.321;17411.321;17437.321;SL;-2.16;2.5
P1_FIXED_01;2024-01-26 17:42:00;2024-01-26 17:43:00;TT;BUY;1;0.1;17444.743;17439.743;17456.743;17439.743;SL;-0.45;2.5
P2_01_02_EUR1;2024-01-26 17:42:00;2024-01-26 17:43:00;TT;BUY;1;0.1;17444.743;17438.743;17456.743;17438.743;SL;-0.54;2.5
P4_01_02_03_EUR2;2024-01-26 17:42:00;2024-01-26 17:43:00;TT;BUY;1;0.1;17444.743;17436.743;17466.96522222222;17436.743;SL;-0.72;2.5
P6_01_02_03_04_EUR2;2024-01-26 17:42:00;2024-01-26 17:43:00;TT;BUY;4;0.4;17444.743;17436.743;17462.743;17436.743;SL;-2.88;2.5
P5_01_02_03_EUR3;2024-01-26 17:37:00;2024-01-26 17:47:00;TT;SELL;1;0.1;17438.098;17448.098;17404.76466666667;17432.798;TIME;0.48;2.5
P1_FIXED_01;2024-01-26 17:55:00;2024-01-26 17:56:00;TT;BUY;1;0.1;17424.709;17419.709;17436.709;17419.709;SL;-0.45;2.5
P2_01_02_EUR1;2024-01-26 17:55:00;2024-01-26 17:56:00;TT;BUY;2;0.2;17424.709;17418.709;17436.709;17418.709;SL;-1.08;2.5
P4_01_02_03_EUR2;2024-01-26 17:55:00;2024-01-26 17:56:00;TT;BUY;2;0.2;17424.709;17416.709;17440.709;17416.709;SL;-1.44;2.5
P5_01_02_03_EUR3;2024-01-26 17:55:00;2024-01-26 17:56:00;TT;BUY;1;0.1;17424.709;17414.709;17458.04233333333;17414.709;SL;-0.9;2.5
P6_01_02_03_04_EUR2;2024-01-26 17:55:00;2024-01-26 17:56:00;TT;BUY;1;0.1;17424.709;17416.709;17446.93122222222;17416.709;SL;-0.72;2.5
P1_FIXED_01;2024-01-26 18:10:00;2024-01-26 18:11:00;TT;BUY;1;0.1;17426.731;17421.731;17438.731;17421.731;SL;-0.45;2.5
P2_01_02_EUR1;2024-01-26 18:10:00;2024-01-26 18:11:00;TT;BUY;1;0.1;17426.731;17420.731;17438.731;17420.731;SL;-0.54;2.5
P4_01_02_03_EUR2;2024-01-26 18:10:00;2024-01-26 18:15:00;TT;BUY;3;0.3;17426.731;17418.731;17442.731;17418.731;SL;-2.16;2.5
P5_01_02_03_EUR3;2024-01-26 18:10:00;2024-01-26 18:15:00;TT;BUY;2;0.2;17426.731;17416.731;17448.397666666668;17416.731;SL;-1.8;2.5
P6_01_02_03_04_EUR2;2024-01-26 18:10:00;2024-01-26 18:15:00;TT;BUY;2;0.2;17426.731;17418.731;17444.731;17418.731;SL;-1.44;2.5
P1_FIXED_01;2024-01-26 18:11:00;2024-01-26 18:16:00;FT;SELL;1;0.1;17426.408;17431.408;17414.408;17414.408;TP;1.08;2.5
P2_01_02_EUR1;2024-01-26 18:11:00;2024-01-26 18:16:00;FT;SELL;2;0.2;17426.408;17432.408;17414.408;17414.408;TP;2.16;2.5
P1_FIXED_01;2024-01-26 18:23:00;2024-01-26 18:25:00;TT;BUY;1;0.1;17429.387;17424.387;17441.387;17424.387;SL;-0.45;2.5
P2_01_02_EUR1;2024-01-26 18:23:00;2024-01-26 18:29:00;TT;BUY;1;0.1;17429.387;17423.387;17441.387;17423.387;SL;-0.54;2.5
P4_01_02_03_EUR2;2024-01-26 18:23:00;2024-01-26 18:29:00;TT;BUY;1;0.1;17429.387;17421.387;17451.60922222222;17421.387;SL;-0.72;2.5
P5_01_02_03_EUR3;2024-01-26 18:23:00;2024-01-26 18:29:00;TT;BUY;3;0.3;17429.387;17419.387;17450.49811111111;17419.387;SL;-2.7;2.5
P6_01_02_03_04_EUR2;2024-01-26 18:23:00;2024-01-26 18:29:00;TT;BUY;3;0.3;17429.387;17421.387;17447.387;17421.387;SL;-2.16;2.5
P1_FIXED_01;2024-01-29 16:46:00;2024-01-29 16:47:00;TT;BUY;1;0.1;17462.21;17457.21;17474.21;17457.21;SL;-0.45;2.5
P2_01_02_EUR1;2024-01-29 16:46:00;2024-01-29 16:47:00;TT;BUY;2;0.2;17462.21;17456.21;17474.21;17456.21;SL;-1.08;2.5
P4_01_02_03_EUR2;2024-01-29 16:46:00;2024-01-29 16:48:00;TT;BUY;2;0.2;17462.21;17454.21;17478.21;17454.21;SL;-1.44;2.5
P6_01_02_03_04_EUR2;2024-01-29 16:46:00;2024-01-29 16:48:00;TT;BUY;4;0.4;17462.21;17454.21;17480.21;17454.21;SL;-2.88;2.5
P5_01_02_03_EUR3;2024-01-29 16:46:00;2024-01-29 16:49:00;TT;BUY;1;0.1;17462.21;17452.21;17495.54333333333;17452.21;SL;-0.9;2.5
P1_FIXED_01;2024-01-29 16:56:00;2024-01-29 17:03:00;TT;BUY;1;0.1;17470.865;17465.865;17482.865;17465.865;SL;-0.45;2.5
P2_01_02_EUR1;2024-01-29 16:56:00;2024-01-29 17:06:00;TT;BUY;1;0.1;17470.865;17464.865;17482.865;17469.075;TIME;-0.16;2.5
P4_01_02_03_EUR2;2024-01-29 16:56:00;2024-01-29 17:06:00;TT;BUY;3;0.3;17470.865;17462.865;17486.865;17469.075;TIME;-0.48;2.5
P5_01_02_03_EUR3;2024-01-29 16:56:00;2024-01-29 17:06:00;TT;BUY;2;0.2;17470.865;17460.865;17492.53166666667;17469.075;TIME;-0.32;2.5
P6_01_02_03_04_EUR2;2024-01-29 16:56:00;2024-01-29 17:06:00;TT;BUY;1;0.1;17470.865;17462.865;17493.087222222224;17469.075;TIME;-0.16;2.5
P1_FIXED_01;2024-01-29 17:13:00;2024-01-29 17:14:00;TT;BUY;1;0.1;17479.289;17474.289;17491.289;17474.289;SL;-0.45;2.5
P2_01_02_EUR1;2024-01-29 17:13:00;2024-01-29 17:14:00;TT;BUY;2;0.2;17479.289;17473.289;17491.289;17473.289;SL;-1.08;2.5
P4_01_02_03_EUR2;2024-01-29 17:13:00;2024-01-29 17:16:00;TT;BUY;1;0.1;17479.289;17471.289;17501.511222222223;17471.289;SL;-0.72;2.5
P6_01_02_03_04_EUR2;2024-01-29 17:13:00;2024-01-29 17:16:00;TT;BUY;2;0.2;17479.289;17471.289;17497.289;17471.289;SL;-1.44;2.5
P5_01_02_03_EUR3;2024-01-29 17:13:00;2024-01-29 17:21:00;TT;BUY;3;0.3;17479.289;17469.289;17499.289;17469.289;SL;-2.7;2.5
P1_FIXED_01;2024-01-29 17:21:00;2024-01-29 17:22:00;FT;BUY;1;0.1;17472.142;17467.142;17484.142;17467.142;SL;-0.45;2.5
P2_01_02_EUR1;2024-01-29 17:21:00;2024-01-29 17:25:00;FT;BUY;1;0.1;17472.142;17466.142;17484.142;17484.142;TP;1.08;2.5
P4_01_02_03_EUR2;2024-01-29 17:21:00;2024-01-29 17:25:00;FT;BUY;2;0.2;17472.142;17464.142;17488.142;17488.142;TP;2.88;2.5
P6_01_02_03_04_EUR2;2024-01-29 17:21:00;2024-01-29 17:25:00;FT;BUY;3;0.3;17472.142;17464.142;17490.142;17490.142;TP;4.86;2.5
P1_FIXED_01;2024-01-29 17:26:00;2024-01-29 17:27:00;FT;SELL;1;0.1;17489.142;17494.142;17477.142;17494.142;SL;-0.45;2.5
P2_01_02_EUR1;2024-01-29 17:26:00;2024-01-29 17:27:00;FT;SELL;1;0.1;17489.142;17495.142;17477.142;17495.142;SL;-0.54;2.5
P4_01_02_03_EUR2;2024-01-29 17:26:00;2024-01-29 17:27:00;FT;SELL;1;0.1;17489.142;17497.142;17466.919777777777;17497.142;SL;-0.72;2.5
P6_01_02_03_04_EUR2;2024-01-29 17:26:00;2024-01-29 17:27:00;FT;SELL;1;0.1;17489.142;17497.142;17466.919777777777;17497.142;SL;-0.72;2.5
P5_01_02_03_EUR3;2024-01-29 17:21:00;2024-01-29 17:31:00;FT;BUY;1;0.1;17472.142;17462.142;17505.475333333332;17486.531;TIME;1.3;2.5
P1_FIXED_01;2024-01-29 17:30:00;2024-01-29 17:40:00;FT;BUY;1;0.1;17486.376;17481.376;17498.376;17494.186;TIME;0.7;2.5
P2_01_02_EUR1;2024-01-29 17:30:00;2024-01-29 17:40:00;FT;BUY;2;0.2;17486.376;17480.376;17498.376;17494.186;TIME;1.41;2.5
P4_01_02_03_EUR2;2024-01-29 17:30:00;2024-01-29 17:40:00;FT;BUY;2;0.2;17486.376;17478.376;17502.376;17494.186;TIME;1.41;2.5
P6_01_02_03_04_EUR2;2024-01-29 17:30:00;2024-01-29 17:40:00;FT;BUY;2;0.2;17486.376;17478.376;17504.376;17494.186;TIME;1.41;2.5
P5_01_02_03_EUR3;2024-01-29 17:38:00;2024-01-29 17:43:00;TT;BUY;1;0.1;17496.743;17486.743;17530.07633333333;17486.743;SL;-0.9;2.5
P1_FIXED_01;2024-01-29 17:57:00;2024-01-29 18:00:00;TT;BUY;1;0.1;17494.832;17489.832;17506.832;17489.832;SL;-0.45;2.5
P2_01_02_EUR1;2024-01-29 17:57:00;2024-01-29 18:00:00;TT;BUY;1;0.1;17494.832;17488.832;17506.832;17488.832;SL;-0.54;2.5
P4_01_02_03_EUR2;2024-01-29 17:57:00;2024-01-29 18:00:00;TT;BUY;1;0.1;17494.832;17486.832;17517.05422222222;17486.832;SL;-0.72;2.5
P5_01_02_03_EUR3;2024-01-29 17:57:00;2024-01-29 18:00:00;TT;BUY;2;0.2;17494.832;17484.832;17516.498666666666;17484.832;SL;-1.8;2.5
P6_01_02_03_04_EUR2;2024-01-29 17:57:00;2024-01-29 18:00:00;TT;BUY;1;0.1;17494.832;17486.832;17517.05422222222;17486.832;SL;-0.72;2.5
P1_FIXED_01;2024-01-29 18:00:00;2024-01-29 18:01:00;TT;SELL;1;0.1;17486.775;17491.775;17474.775;17491.775;SL;-0.45;2.5
P2_01_02_EUR1;2024-01-29 18:00:00;2024-01-29 18:03:00;TT;SELL;2;0.2;17486.775;17492.775;17474.775;17474.775;TP;2.16;2.5
P1_FIXED_01;2024-01-29 18:01:00;2024-01-29 18:07:00;TT;SELL;1;0.1;17482.286;17487.286;17470.286;17487.286;SL;-0.45;2.5
P4_01_02_03_EUR2;2024-01-29 18:00:00;2024-01-29 18:10:00;TT;SELL;2;0.2;17486.775;17494.775;17470.775;17482.575;TIME;0.76;2.5
P5_01_02_03_EUR3;2024-01-29 18:00:00;2024-01-29 18:10:00;TT;SELL;3;0.3;17486.775;17496.775;17465.663888888892;17482.575;TIME;1.13;2.5
P6_01_02_03_04_EUR2;2024-01-29 18:00:00;2024-01-29 18:10:00;TT;SELL;2;0.2;17486.775;17494.775;17468.775;17482.575;TIME;0.76;2.5
P1_FIXED_01;2024-01-30 16:55:00;2024-01-30 16:56:00;FT;BUY;1;0.1;17531.343;17526.343;17543.343;17526.343;SL;-0.45;2.5
P2_01_02_EUR1;2024-01-30 16:55:00;2024-01-30 16:56:00;FT;BUY;1;0.1;17531.343;17525.343;17543.343;17525.343;SL;-0.54;2.5
P4_01_02_03_EUR2;2024-01-30 16:55:00;2024-01-30 16:56:00;FT;BUY;1;0.1;17531.343;17523.343;17553.565222222223;17523.343;SL;-0.72;2.5
P6_01_02_03_04_EUR2;2024-01-30 16:55:00;2024-01-30 16:56:00;FT;BUY;1;0.1;17531.343;17523.343;17553.565222222223;17523.343;SL;-0.72;2.5
P5_01_02_03_EUR3;2024-01-30 16:55:00;2024-01-30 17:05:00;FT;BUY;1;0.1;17531.343;17521.343;17564.676333333333;17533.053;TIME;0.15;2.5
P1_FIXED_01;2024-01-30 17:09:00;2024-01-30 17:10:00;TT;SELL;1;0.1;17530.043;17535.043;17518.043;17535.043;SL;-0.45;2.5
P2_01_02_EUR1;2024-01-30 17:09:00;2024-01-30 17:10:00;TT;SELL;2;0.2;17530.043;17536.043;17518.043;17536.043;SL;-1.08;2.5
P1_FIXED_01;2024-01-30 17:13:00;2024-01-30 17:16:00;TT;SELL;1;0.1;17525.909;17530.909;17513.909;17513.909;TP;1.08;2.5
P2_01_02_EUR1;2024-01-30 17:13:00;2024-01-30 17:16:00;TT;SELL;1;0.1;17525.909;17531.909;17513.909;17513.909;TP;1.08;2.5
P4_01_02_03_EUR2;2024-01-30 17:09:00;2024-01-30 17:16:00;TT;SELL;2;0.2;17530.043;17538.043;17514.043;17514.043;TP;2.88;2.5
P6_01_02_03_04_EUR2;2024-01-30 17:09:00;2024-01-30 17:16:00;TT;SELL;2;0.2;17530.043;17538.043;17512.043;17512.043;TP;3.24;2.5
P1_FIXED_01;2024-01-30 17:16:00;2024-01-30 17:17:00;TT;SELL;1;0.1;17510.119;17515.119;17498.119;17515.119;SL;-0.45;2.5
P2_01_02_EUR1;2024-01-30 17:16:00;2024-01-30 17:17:00;TT;SELL;1;0.1;17510.119;17516.119;17498.119;17516.119;SL;-0.54;2.5
P4_01_02_03_EUR2;2024-01-30 17:16:00;2024-01-30 17:17:00;TT;SELL;1;0.1;17510.119;17518.119;17487.896777777776;17518.119;SL;-0.72;2.5
P6_01_02_03_04_EUR2;2024-01-30 17:16:00;2024-01-30 17:17:00;TT;SELL;1;0.1;17510.119;17518.119;17487.896777777776;17518.119;SL;-0.72;2.5
P5_01_02_03_EUR3;2024-01-30 17:09:00;2024-01-30 17:19:00;TT;SELL;1;0.1;17530.043;17540.043;17496.70966666667;17508.775;TIME;1.91;2.5
P1_FIXED_01;2024-01-30 17:25:00;2024-01-30 17:26:00;TT;SELL;1;0.1;17488.086;17493.086;17476.086;17493.086;SL;-0.45;2.5
P1_FIXED_01;2024-01-30 17:26:00;2024-01-30 17:27:00;FT;BUY;1;0.1;17488.286;17483.286;17500.286;17483.286;SL;-0.45;2.5
P1_FIXED_01;2024-01-30 17:27:00;2024-01-30 17:28:00;TT;SELL;1;0.1;17478.789;17483.789;17466.789;17483.789;SL;-0.45;2.5
P1_FIXED_01;2024-01-30 17:28:00;2024-01-30 17:31:00;FT;BUY;1;0.1;17479.665;17474.665;17491.665;17474.665;SL;-0.45;2.5
P2_01_02_EUR1;2024-01-30 17:25:00;2024-01-30 17:31:00;TT;SELL;2;0.2;17488.086;17494.086;17476.086;17476.086;TP;2.16;2.5
P4_01_02_03_EUR2;2024-01-30 17:25:00;2024-01-30 17:31:00;TT;SELL;2;0.2;17488.086;17496.086;17472.086;17472.086;TP;2.88;2.5
P6_01_02_03_04_EUR2;2024-01-30 17:25:00;2024-01-30 17:34:00;TT;SELL;2;0.2;17488.086;17496.086;17470.086;17470.086;TP;3.24;2.5
P5_01_02_03_EUR3;2024-01-30 17:25:00;2024-01-30 17:35:00;TT;SELL;1;0.1;17488.086;17498.086;17454.752666666667;17467.731;TIME;1.83;2.5
P1_FIXED_01;2024-01-30 17:41:00;2024-01-30 17:42:00;TT;BUY;1;0.1;17477.343;17472.343;17489.343;17472.343;SL;-0.45;2.5
P2_01_02_EUR1;2024-01-30 17:41:00;2024-01-30 17:42:00;TT;BUY;1;0.1;17477.343;17471.343;17489.343;17471.343;SL;-0.54;2.5
P4_01_02_03_EUR2;2024-01-30 17:41:00;2024-01-30 17:42:00;TT;BUY;1;0.1;17477.343;17469.343;17499.565222222223;17469.343;SL;-0.72;2.5
P6_01_02_03_04_EUR2;2024-01-30 17:41:00;2024-01-30 17:42:00;TT;BUY;1;0.1;17477.343;17469.343;17499.565222222223;17469.343;SL;-0.72;2.5
P5_01_02_03_EUR3;2024-01-30 17:41:00;2024-01-30 17:44:00;TT;BUY;1;0.1;17477.343;17467.343;17510.676333333333;17467.343;SL;-0.9;2.5
P1_FIXED_01;2024-01-30 17:44:00;2024-01-30 17:45:00;TT;SELL;1;0.1;17468.375;17473.375;17456.375;17473.375;SL;-0.45;2.5
P2_01_02_EUR1;2024-01-30 17:44:00;2024-01-30 17:45:00;TT;SELL;2;0.2;17468.375;17474.375;17456.375;17474.375;SL;-1.08;2.5
P4_01_02_03_EUR2;2024-01-30 17:44:00;2024-01-30 17:47:00;TT;SELL;2;0.2;17468.375;17476.375;17452.375;17476.375;SL;-1.44;2.5
P6_01_02_03_04_EUR2;2024-01-30 17:44:00;2024-01-30 17:47:00;TT;SELL;2;0.2;17468.375;17476.375;17450.375;17476.375;SL;-1.44;2.5
P5_01_02_03_EUR3;2024-01-30 17:44:00;2024-01-30 17:53:00;TT;SELL;2;0.2;17468.375;17478.375;17446.708333333332;17478.375;SL;-1.8;2.5
P1_FIXED_01;2024-01-30 18:01:00;2024-01-30 18:09:00;TT;SELL;1;0.1;17457.854;17462.854;17445.854;17462.854;SL;-0.45;2.5
P2_01_02_EUR1;2024-01-30 18:01:00;2024-01-30 18:09:00;TT;SELL;1;0.1;17457.854;17463.854;17445.854;17463.854;SL;-0.54;2.5
P1_FIXED_01;2024-01-30 18:10:00;2024-01-30 18:11:00;FT;SELL;1;0.1;17461.687;17466.687;17449.687;17466.687;SL;-0.45;2.5
P2_01_02_EUR1;2024-01-30 18:10:00;2024-01-30 18:11:00;FT;SELL;2;0.2;17461.687;17467.687;17449.687;17467.687;SL;-1.08;2.5
P4_01_02_03_EUR2;2024-01-30 18:01:00;2024-01-30 18:11:00;TT;SELL;3;0.3;17457.854;17465.854;17441.854;17465.854;SL;-2.16;2.5
P5_01_02_03_EUR3;2024-01-30 18:01:00;2024-01-30 18:11:00;TT;SELL;3;0.3;17457.854;17467.854;17436.74288888889;17467.854;SL;-2.7;2.5
P6_01_02_03_04_EUR2;2024-01-30 18:01:00;2024-01-30 18:11:00;TT;SELL;3;0.3;17457.854;17465.854;17439.854;17465.854;SL;-2.16;2.5
P1_FIXED_01;2024-01-30 18:11:00;2024-01-30 18:12:00;TT;BUY;1;0.1;17466.254;17461.254;17478.254;17461.254;SL;-0.45;2.5
P2_01_02_EUR1;2024-01-30 18:11:00;2024-01-30 18:17:00;TT;BUY;1;0.1;17466.254;17460.254;17478.254;17478.254;TP;1.08;2.5
P4_01_02_03_EUR2;2024-01-30 18:11:00;2024-01-30 18:21:00;TT;BUY;1;0.1;17466.254;17458.254;17488.476222222223;17473.575;TIME;0.66;2.5
P5_01_02_03_EUR3;2024-01-30 18:11:00;2024-01-30 18:21:00;TT;BUY;1;0.1;17466.254;17456.254;17499.587333333333;17473.575;TIME;0.66;2.5
P6_01_02_03_04_EUR2;2024-01-30 18:11:00;2024-01-30 18:21:00;TT;BUY;4;0.4;17466.254;17458.254;17484.254;17473.575;TIME;2.64;2.5
P1_FIXED_01;2024-01-30 18:27:00;2024-01-30 18:30:00;TT;BUY;1;0.1;17486.775;17481.775;17498.775;17487.864;SESSION_END;0.1;2.5
P2_01_02_EUR1;2024-01-30 18:27:00;2024-01-30 18:30:00;TT;BUY;1;0.1;17486.775;17480.775;17498.775;17487.864;SESSION_END;0.1;2.5
P4_01_02_03_EUR2;2024-01-30 18:27:00;2024-01-30 18:30:00;TT;BUY;1;0.1;17486.775;17478.775;17508.997222222224;17487.864;SESSION_END;0.1;2.5
P5_01_02_03_EUR3;2024-01-30 18:27:00;2024-01-30 18:30:00;TT;BUY;1;0.1;17486.775;17476.775;17520.108333333334;17487.864;SESSION_END;0.1;2.5
P6_01_02_03_04_EUR2;2024-01-30 18:27:00;2024-01-30 18:30:00;TT;BUY;1;0.1;17486.775;17478.775;17508.997222222224;17487.864;SESSION_END;0.1;2.5
P1_FIXED_01;2024-01-31 16:53:00;2024-01-31 16:55:00;TT;SELL;1;0.1;17222.864;17227.864;17210.864;17227.864;SL;-0.45;2.5
P2_01_02_EUR1;2024-01-31 16:53:00;2024-01-31 16:55:00;TT;SELL;1;0.1;17222.864;17228.864;17210.864;17228.864;SL;-0.54;2.5
P4_01_02_03_EUR2;2024-01-31 16:53:00;2024-01-31 16:56:00;TT;SELL;1;0.1;17222.864;17230.864;17200.64177777778;17230.864;SL;-0.72;2.5
P5_01_02_03_EUR3;2024-01-31 16:53:00;2024-01-31 16:56:00;TT;SELL;1;0.1;17222.864;17232.864;17189.53066666667;17232.864;SL;-0.9;2.5
P6_01_02_03_04_EUR2;2024-01-31 16:53:00;2024-01-31 16:56:00;TT;SELL;1;0.1;17222.864;17230.864;17200.64177777778;17230.864;SL;-0.72;2.5
P1_FIXED_01;2024-01-31 16:58:00;2024-01-31 17:02:00;FT;SELL;1;0.1;17241.22;17246.22;17229.22;17246.22;SL;-0.45;2.5
P2_01_02_EUR1;2024-01-31 16:58:00;2024-01-31 17:02:00;FT;SELL;2;0.2;17241.22;17247.22;17229.22;17247.22;SL;-1.08;2.5
P4_01_02_03_EUR2;2024-01-31 16:58:00;2024-01-31 17:03:00;FT;SELL;2;0.2;17241.22;17249.22;17225.22;17249.22;SL;-1.44;2.5
P5_01_02_03_EUR3;2024-01-31 16:58:00;2024-01-31 17:03:00;FT;SELL;2;0.2;17241.22;17251.22;17219.553333333333;17251.22;SL;-1.8;2.5
P6_01_02_03_04_EUR2;2024-01-31 16:58:00;2024-01-31 17:03:00;FT;SELL;2;0.2;17241.22;17249.22;17223.22;17249.22;SL;-1.44;2.5
P1_FIXED_01;2024-01-31 17:03:00;2024-01-31 17:04:00;TT;BUY;1;0.1;17253.308;17248.308;17265.308;17248.308;SL;-0.45;2.5
P2_01_02_EUR1;2024-01-31 17:03:00;2024-01-31 17:04:00;TT;BUY;1;0.1;17253.308;17247.308;17265.308;17247.308;SL;-0.54;2.5
P1_FIXED_01;2024-01-31 17:04:00;2024-01-31 17:05:00;FT;SELL;1;0.1;17251.309;17256.309;17239.309;17256.309;SL;-0.45;2.5
P2_01_02_EUR1;2024-01-31 17:04:00;2024-01-31 17:05:00;FT;SELL;2;0.2;17251.309;17257.309;17239.309;17257.309;SL;-1.08;2.5
P1_FIXED_01;2024-01-31 17:05:00;2024-01-31 17:07:00;TT;BUY;1;0.1;17258.576;17253.576;17270.576;17253.576;SL;-0.45;2.5
P2_01_02_EUR1;2024-01-31 17:05:00;2024-01-31 17:08:00;TT;BUY;1;0.1;17258.576;17252.576;17270.576;17252.576;SL;-0.54;2.5
P4_01_02_03_EUR2;2024-01-31 17:03:00;2024-01-31 17:13:00;TT;BUY;3;0.3;17253.308;17245.308;17269.308;17256.854;TIME;0.96;2.5
P5_01_02_03_EUR3;2024-01-31 17:03:00;2024-01-31 17:13:00;TT;BUY;3;0.3;17253.308;17243.308;17274.41911111111;17256.854;TIME;0.96;2.5
P6_01_02_03_04_EUR2;2024-01-31 17:03:00;2024-01-31 17:13:00;TT;BUY;3;0.3;17253.308;17245.308;17271.308;17256.854;TIME;0.96;2.5
P1_FIXED_01;2024-01-31 17:43:00;2024-01-31 17:47:00;TT;BUY;1;0.1;17250.419;17245.419;17262.419;17245.419;SL;-0.45;2.5
P2_01_02_EUR1;2024-01-31 17:43:00;2024-01-31 17:47:00;TT;BUY;2;0.2;17250.419;17244.419;17262.419;17244.419;SL;-1.08;2.5
P4_01_02_03_EUR2;2024-01-31 17:43:00;2024-01-31 17:48:00;TT;BUY;1;0.1;17250.419;17242.419;17272.641222222224;17242.419;SL;-0.72;2.5
P6_01_02_03_04_EUR2;2024-01-31 17:43:00;2024-01-31 17:48:00;TT;BUY;1;0.1;17250.419;17242.419;17272.641222222224;17242.419;SL;-0.72;2.5
P5_01_02_03_EUR3;2024-01-31 17:43:00;2024-01-31 17:49:00;TT;BUY;1;0.1;17250.419;17240.419;17283.752333333334;17240.419;SL;-0.9;2.5
P1_FIXED_01;2024-01-31 17:49:00;2024-01-31 17:50:00;TT;SELL;1;0.1;17239.01;17244.01;17227.01;17244.01;SL;-0.45;2.5
P2_01_02_EUR1;2024-01-31 17:49:00;2024-01-31 17:50:00;TT;SELL;1;0.1;17239.01;17245.01;17227.01;17245.01;SL;-0.54;2.5
P4_01_02_03_EUR2;2024-01-31 17:49:00;2024-01-31 17:50:00;TT;SELL;2;0.2;17239.01;17247.01;17223.01;17247.01;SL;-1.44;2.5
P6_01_02_03_04_EUR2;2024-01-31 17:49:00;2024-01-31 17:50:00;TT;SELL;2;0.2;17239.01;17247.01;17221.01;17247.01;SL;-1.44;2.5
P5_01_02_03_EUR3;2024-01-31 17:49:00;2024-01-31 17:51:00;TT;SELL;2;0.2;17239.01;17249.01;17217.34333333333;17249.01;SL;-1.8;2.5
P1_FIXED_01;2024-01-31 17:53:00;2024-01-31 17:58:00;FT;SELL;1;0.1;17258.054;17263.054;17246.054;17263.054;SL;-0.45;2.5
P2_01_02_EUR1;2024-01-31 17:53:00;2024-01-31 17:58:00;FT;SELL;2;0.2;17258.054;17264.054;17246.054;17264.054;SL;-1.08;2.5
P4_01_02_03_EUR2;2024-01-31 17:53:00;2024-01-31 17:59:00;FT;SELL;3;0.3;17258.054;17266.054;17242.054;17266.054;SL;-2.16;2.5
P5_01_02_03_EUR3;2024-01-31 17:53:00;2024-01-31 17:59:00;FT;SELL;3;0.3;17258.054;17268.054;17236.94288888889;17268.054;SL;-2.7;2.5
P6_01_02_03_04_EUR2;2024-01-31 17:53:00;2024-01-31 17:59:00;FT;SELL;3;0.3;17258.054;17266.054;17240.054;17266.054;SL;-2.16;2.5
P1_FIXED_01;2024-01-31 17:58:00;2024-01-31 18:02:00;TT;BUY;1;0.1;17262.897;17257.897;17274.897;17274.897;TP;1.08;2.5
P2_01_02_EUR1;2024-01-31 17:58:00;2024-01-31 18:02:00;TT;BUY;1;0.1;17262.897;17256.897;17274.897;17274.897;TP;1.08;2.5
P4_01_02_03_EUR2;2024-01-31 17:59:00;2024-01-31 18:09:00;TT;BUY;1;0.1;17270.497;17262.497;17292.719222222222;17284.299;TIME;1.24;2.5
P5_01_02_03_EUR3;2024-01-31 17:59:00;2024-01-31 18:09:00;TT;BUY;1;0.1;17270.497;17260.497;17303.83033333333;17284.299;TIME;1.24;2.5
P6_01_02_03_04_EUR2;2024-01-31 17:59:00;2024-01-31 18:09:00;TT;BUY;4;0.4;17270.497;17262.497;17288.497;17284.299;TIME;4.97;2.5
P1_FIXED_01;2024-01-31 18:24:00;2024-01-31 18:25:00;TT;SELL;1;0.1;17276.343;17281.343;17264.343;17281.343;SL;-0.45;2.5
P2_01_02_EUR1;2024-01-31 18:24:00;2024-01-31 18:25:00;TT;SELL;1;0.1;17276.343;17282.343;17264.343;17282.343;SL;-0.54;2.5
P4_01_02_03_EUR2;2024-01-31 18:24:00;2024-01-31 18:26:00;TT;SELL;1;0.1;17276.343;17284.343;17254.120777777778;17284.343;SL;-0.72;2.5
P6_01_02_03_04_EUR2;2024-01-31 18:24:00;2024-01-31 18:26:00;TT;SELL;1;0.1;17276.343;17284.343;17254.120777777778;17284.343;SL;-0.72;2.5
P5_01_02_03_EUR3;2024-01-31 18:24:00;2024-01-31 18:27:00;TT;SELL;1;0.1;17276.343;17286.343;17243.00966666667;17286.343;SL;-0.9;2.5
P1_FIXED_01;2024-02-01 16:35:00;2024-02-01 16:40:00;FT;SELL;1;0.1;17216.431;17221.431;17204.431;17221.431;SL;-0.45;2.5
P2_01_02_EUR1;2024-02-01 16:35:00;2024-02-01 16:40:00;FT;SELL;2;0.2;17216.431;17222.431;17204.431;17222.431;SL;-1.08;2.5
P4_01_02_03_EUR2;2024-02-01 16:35:00;2024-02-01 16:40:00;FT;SELL;2;0.2;17216.431;17224.431;17200.431;17224.431;SL;-1.44;2.5
P5_01_02_03_EUR3;2024-02-01 16:35:00;2024-02-01 16:40:00;FT;SELL;2;0.2;17216.431;17226.431;17194.764333333333;17226.431;SL;-1.8;2.5
P6_01_02_03_04_EUR2;2024-02-01 16:35:00;2024-02-01 16:40:00;FT;SELL;2;0.2;17216.431;17224.431;17198.431;17224.431;SL;-1.44;2.5
P1_FIXED_01;2024-02-01 16:41:00;2024-02-01 16:42:00;FT;SELL;1;0.1;17230.087;17235.087;17218.087;17235.087;SL;-0.45;2.5
P2_01_02_EUR1;2024-02-01 16:41:00;2024-02-01 16:42:00;FT;SELL;1;0.1;17230.087;17236.087;17218.087;17236.087;SL;-0.54;2.5
P1_FIXED_01;2024-02-01 16:47:00;2024-02-01 16:48:00;TT;BUY;1;0.1;17231.389;17226.389;17243.389;17226.389;SL;-0.45;2.5
P2_01_02_EUR1;2024-02-01 16:47:00;2024-02-01 16:48:00;TT;BUY;2;0.2;17231.389;17225.389;17243.389;17225.389;SL;-1.08;2.5
P4_01_02_03_EUR2;2024-02-01 16:41:00;2024-02-01 16:51:00;FT;SELL;3;0.3;17230.087;17238.087;17214.087;17238.087;SL;-2.16;2.5
P5_01_02_03_EUR3;2024-02-01 16:41:00;2024-02-01 16:51:00;FT;SELL;3;0.3;17230.087;17240.087;17208.97588888889;17237.698;TIME;-2.05;2.5
P6_01_02_03_04_EUR2;2024-02-01 16:41:00;2024-02-01 16:51:00;FT;SELL;3;0.3;17230.087;17238.087;17212.087;17238.087;SL;-2.16;2.5
P1_FIXED_01;2024-02-01 16:51:00;2024-02-01 16:52:00;TT;BUY;1;0.1;17237.22;17232.22;17249.22;17232.22;SL;-0.45;2.5
P2_01_02_EUR1;2024-02-01 16:51:00;2024-02-01 16:52:00;TT;BUY;1;0.1;17237.22;17231.22;17249.22;17231.22;SL;-0.54;2.5
P4_01_02_03_EUR2;2024-02-01 16:51:00;2024-02-01 16:53:00;TT;BUY;1;0.1;17237.22;17229.22;17259.442222222224;17229.22;SL;-0.72;2.5
P6_01_02_03_04_EUR2;2024-02-01 16:51:00;2024-02-01 16:53:00;TT;BUY;4;0.4;17237.22;17229.22;17255.22;17229.22;SL;-2.88;2.5
P5_01_02_03_EUR3;2024-02-01 16:51:00;2024-02-01 16:57:00;TT;BUY;1;0.1;17237.22;17227.22;17270.553333333333;17227.22;SL;-0.9;2.5
P1_FIXED_01;2024-02-01 16:57:00;2024-02-01 16:58:00;TT;SELL;1;0.1;17230.92;17235.92;17218.92;17235.92;SL;-0.45;2.5
P2_01_02_EUR1;2024-02-01 16:57:00;2024-02-01 16:58:00;TT;SELL;2;0.2;17230.92;17236.92;17218.92;17236.92;SL;-1.08;2.5
P4_01_02_03_EUR2;2024-02-01 16:57:00;2024-02-01 17:01:00;TT;SELL;2;0.2;17230.92;17238.92;17214.92;17238.92;SL;-1.44;2.5
P5_01_02_03_EUR3;2024-02-01 16:57:00;2024-02-01 17:01:00;TT;SELL;2;0.2;17230.92;17240.92;17209.25333333333;17240.92;SL;-1.8;2.5
P6_01_02_03_04_EUR2;2024-02-01 16:57:00;2024-02-01 17:01:00;TT;SELL;1;0.1;17230.92;17238.92;17208.697777777776;17238.92;SL;-0.72;2.5
P1_FIXED_01;2024-02-01 17:03:00;2024-02-01 17:04:00;FT;SELL;1;0.1;17242.285;17247.285;17230.285;17247.285;SL;-0.45;2.5
P2_01_02_EUR1;2024-02-01 17:03:00;2024-02-01 17:04:00;FT;SELL;1;0.1;17242.285;17248.285;17230.285;17248.285;SL;-0.54;2.5
P5_01_02_03_EUR3;2024-02-01 17:03:00;2024-02-01 17:04:00;FT;SELL;3;0.3;17242.285;17252.285;17221.17388888889;17252.285;SL;-2.7;2.5
P6_01_02_03_04_EUR2;2024-02-01 17:03:00;2024-02-01 17:04:00;FT;SELL;2;0.2;17242.285;17250.285;17224.285;17250.285;SL;-1.44;2.5
P1_FIXED_01;2024-02-01 17:04:00;2024-02-01 17:05:00;TT;BUY;1;0.1;17252.497;17247.497;17264.497;17264.497;TP;1.08;2.5
P2_01_02_EUR1;2024-02-01 17:04:00;2024-02-01 17:05:00;TT;BUY;2;0.2;17252.497;17246.497;17264.497;17264.497;TP;2.16;2.5
P1_FIXED_01;2024-02-01 17:05:00;2024-02-01 17:07:00;TT;BUY;1;0.1;17261.121;17256.121;17273.121;17273.121;TP;1.08;2.5
P2_01_02_EUR1;2024-02-01 17:05:00;2024-02-01 17:07:00;TT;BUY;1;0.1;17261.121;17255.121;17273.121;17273.121;TP;1.08;2.5
P6_01_02_03_04_EUR2;2024-02-01 17:04:00;2024-02-01 17:07:00;TT;BUY;3;0.3;17252.497;17244.497;17270.497;17270.497;TP;4.86;2.5
P1_FIXED_01;2024-02-01 17:07:00;2024-02-01 17:08:00;TT;BUY;1;0.1;17281.019;17276.019;17293.019;17276.019;SL;-0.45;2.5
P5_01_02_03_EUR3;2024-02-01 17:04:00;2024-02-01 17:08:00;TT;BUY;1;0.1;17252.497;17242.497;17285.83033333333;17285.83033333333;TP;3.0;2.5
P1_FIXED_01;2024-02-01 17:08:00;2024-02-01 17:10:00;FT;SELL;1;0.1;17284.921;17289.921;17272.921;17289.921;SL;-0.45;2.5
P2_01_02_EUR1;2024-02-01 17:07:00;2024-02-01 17:11:00;TT;BUY;1;0.1;17281.019;17275.019;17293.019;17293.019;TP;1.08;2.5
P5_01_02_03_EUR3;2024-02-01 17:08:00;2024-02-01 17:11:00;FT;SELL;1;0.1;17284.921;17294.921;17251.587666666666;17294.921;SL;-0.9;2.5
P1_FIXED_01;2024-02-01 17:16:00;2024-02-01 17:17:00;TT;BUY;1;0.1;17293.009;17288.009;17305.009;17288.009;SL;-0.45;2.5
P2_01_02_EUR1;2024-02-01 17:16:00;2024-02-01 17:17:00;TT;BUY;1;0.1;17293.009;17287.009;17305.009;17287.009;SL;-0.54;2.5
P5_01_02_03_EUR3;2024-02-01 17:16:00;2024-02-01 17:17:00;TT;BUY;2;0.2;17293.009;17283.009;17314.675666666666;17283.009;SL;-1.8;2.5
P6_01_02_03_04_EUR2;2024-02-01 17:07:00;2024-02-01 17:17:00;TT;BUY;1;0.1;17281.019;17273.019;17303.241222222223;17281.189;TIME;0.02;2.5
P1_FIXED_01;2024-02-01 17:19:00;2024-02-01 17:20:00;FT;BUY;1;0.1;17277.009;17272.009;17289.009;17272.009;SL;-0.45;2.5
P2_01_02_EUR1;2024-02-01 17:19:00;2024-02-01 17:20:00;FT;BUY;2;0.2;17277.009;17271.009;17289.009;17271.009;SL;-1.08;2.5
P5_01_02_03_EUR3;2024-02-01 17:19:00;2024-02-01 17:22:00;FT;BUY;3;0.3;17277.009;17267.009;17298.120111111108;17267.009;SL;-2.7;2.5
P6_01_02_03_04_EUR2;2024-02-01 17:19:00;2024-02-01 17:22:00;FT;BUY;1;0.1;17277.009;17269.009;17299.23122222222;17269.009;SL;-0.72;2.5
P1_FIXED_01;2024-02-01 17:30:00;2024-02-01 17:33:00;FT;BUY;1;0.1;17252.443;17247.443;17264.443;17247.443;SL;-0.45;2.5
P2_01_02_EUR1;2024-02-01 17:30:00;2024-02-01 17:33:00;FT;BUY;1;0.1;17252.443;17246.443;17264.443;17246.443;SL;-0.54;2.5
P5_01_02_03_EUR3;2024-02-01 17:30:00;2024-02-01 17:34:00;FT;BUY;1;0.1;17252.443;17242.443;17285.77633333333;17242.443;SL;-0.9;2.5
P6_01_02_03_04_EUR2;2024-02-01 17:30:00;2024-02-01 17:34:00;FT;BUY;2;0.2;17252.443;17244.443;17270.443;17244.443;SL;-1.44;2.5
P1_FIXED_01;2024-02-01 17:46:00;2024-02-01 17:49:00;TT;BUY;1;0.1;17267.464;17262.464;17279.464;17279.464;TP;1.08;2.5
P2_01_02_EUR1;2024-02-01 17:46:00;2024-02-01 17:49:00;TT;BUY;2;0.2;17267.464;17261.464;17279.464;17279.464;TP;2.16;2.5
P6_01_02_03_04_EUR2;2024-02-01 17:46:00;2024-02-01 17:50:00;TT;BUY;3;0.3;17267.464;17259.464;17285.464;17285.464;TP;4.86;2.5
P1_FIXED_01;2024-02-01 17:49:00;2024-02-01 17:51:00;TT;BUY;1;0.1;17282.242;17277.242;17294.242;17294.242;TP;1.08;2.5
P2_01_02_EUR1;2024-02-01 17:49:00;2024-02-01 17:51:00;TT;BUY;1;0.1;17282.242;17276.242;17294.242;17294.242;TP;1.08;2.5
P5_01_02_03_EUR3;2024-02-01 17:46:00;2024-02-01 17:51:00;TT;BUY;2;0.2;17267.464;17257.464;17289.130666666668;17289.130666666668;TP;3.9;2.5
P1_FIXED_01;2024-02-01 17:52:00;2024-02-01 17:53:00;FT;SELL;1;0.1;17293.942;17298.942;17281.942;17298.942;SL;-0.45;2.5
P2_01_02_EUR1;2024-02-01 17:52:00;2024-02-01 17:53:00;FT;SELL;1;0.1;17293.942;17299.942;17281.942;17299.942;SL;-0.54;2.5
P5_01_02_03_EUR3;2024-02-01 17:52:00;2024-02-01 17:53:00;FT;SELL;1;0.1;17293.942;17303.942;17260.608666666667;17303.942;SL;-0.9;2.5
P1_FIXED_01;2024-02-01 17:53:00;2024-02-01 17:54:00;TT;BUY;1;0.1;17305.675;17300.675;17317.675;17300.675;SL;-0.45;2.5
P6_01_02_03_04_EUR2;2024-02-01 17:50:00;2024-02-01 17:56:00;TT;BUY;1;0.1;17287.686;17279.686;17309.908222222224;17309.908222222224;TP;2.0;2.5
P2_01_02_EUR1;2024-02-01 17:53:00;2024-02-01 17:58:00;TT;BUY;2;0.2;17305.675;17299.675;17317.675;17299.675;SL;-1.08;2.5
P5_01_02_03_EUR3;2024-02-01 17:53:00;2024-02-01 17:58:00;TT;BUY;2;0.2;17305.675;17295.675;17327.341666666667;17295.675;SL;-1.8;2.5
P1_FIXED_01;2024-02-01 17:59:00;2024-02-01 18:02:00;FT;BUY;1;0.1;17284.198;17279.198;17296.198;17279.198;SL;-0.45;2.5
P2_01_02_EUR1;2024-02-01 17:59:00;2024-02-01 18:02:00;FT;BUY;1;0.1;17284.198;17278.198;17296.198;17278.198;SL;-0.54;2.5
P5_01_02_03_EUR3;2024-02-01 17:59:00;2024-02-01 18:02:00;FT;BUY;3;0.3;17284.198;17274.198;17305.30911111111;17274.198;SL;-2.7;2.5
P6_01_02_03_04_EUR2;2024-02-01 17:59:00;2024-02-01 18:02:00;FT;BUY;1;0.1;17284.198;17276.198;17306.420222222223;17276.198;SL;-0.72;2.5
P1_FIXED_01;2024-02-01 18:03:00;2024-02-01 18:05:00;TT;SELL;1;0.1;17265.631;17270.631;17253.631;17253.631;TP;1.08;2.5
P2_01_02_EUR1;2024-02-01 18:03:00;2024-02-01 18:05:00;TT;SELL;2;0.2;17265.631;17271.631;17253.631;17253.631;TP;2.16;2.5
P6_01_02_03_04_EUR2;2024-02-01 18:03:00;2024-02-01 18:05:00;TT;SELL;2;0.2;17265.631;17273.631;17247.631;17247.631;TP;3.24;2.5
P1_FIXED_01;2024-02-01 18:05:00;2024-02-01 18:11:00;TT;SELL;1;0.1;17247.476;17252.476;17235.476;17252.476;SL;-0.45;2.5
P2_01_02_EUR1;2024-02-01 18:05:00;2024-02-01 18:11:00;TT;SELL;1;0.1;17247.476;17253.476;17235.476;17253.476;SL;-0.54;2.5
P6_01_02_03_04_EUR2;2024-02-01 18:05:00;2024-02-01 18:11:00;TT;SELL;1;0.1;17247.476;17255.476;17225.253777777776;17255.476;SL;-0.72;2.5
P5_01_02_03_EUR3;2024-02-01 18:03:00;2024-02-01 18:13:00;TT;SELL;1;0.1;17265.631;17275.631;17232.29766666667;17267.054;TIME;-0.13;2.5
P1_FIXED_01;2024-02-01 18:11:00;2024-02-01 18:14:00;TT;BUY;1;0.1;17257.932;17252.932;17269.932;17269.932;TP;1.08;2.5
P2_01_02_EUR1;2024-02-01 18:11:00;2024-02-01 18:14:00;TT;BUY;2;0.2;17257.932;17251.932;17269.932;17269.932;TP;2.16;2.5
P5_01_02_03_EUR3;2024-02-01 18:13:00;2024-02-01 18:14:00;FT;SELL;2;0.2;17265.12;17275.12;17245.12;17275.12;SL;-1.8;2.5
P6_01_02_03_04_EUR2;2024-02-01 18:11:00;2024-02-01 18:15:00;TT;BUY;2;0.2;17257.932;17249.932;17275.932;17275.932;TP;3.24;2.5
P1_FIXED_01;2024-02-01 18:14:00;2024-02-01 18:18:00;TT;BUY;1;0.1;17275.686;17270.686;17287.686;17270.686;SL;-0.45;2.5
P2_01_02_EUR1;2024-02-01 18:14:00;2024-02-01 18:18:00;TT;BUY;1;0.1;17275.686;17269.686;17287.686;17269.686;SL;-0.54;2.5
P5_01_02_03_EUR3;2024-02-01 18:14:00;2024-02-01 18:19:00;TT;BUY;3;0.3;17275.686;17265.686;17295.686;17265.686;SL;-2.7;2.5
P1_FIXED_01;2024-02-02 16:30:00;2024-02-02 16:31:00;TT;BUY;1;0.1;17582.087;17577.087;17594.087;17594.087;TP;1.08;2.5
P2_01_02_EUR1;2024-02-02 16:30:00;2024-02-02 16:31:00;TT;BUY;2;0.2;17582.087;17576.087;17594.087;17594.087;TP;2.16;2.5
P5_01_02_03_EUR3;2024-02-02 16:30:00;2024-02-02 16:40:00;TT;BUY;1;0.1;17582.087;17572.087;17615.42033333333;17600.621;TIME;1.67;2.5
P6_01_02_03_04_EUR2;2024-02-02 16:30:00;2024-02-02 16:40:00;TT;BUY;1;0.1;17582.087;17574.087;17604.309222222222;17600.621;TIME;1.67;2.5
P1_FIXED_01;2024-02-02 16:46:00;2024-02-02 16:47:00;TT;BUY;1;0.1;17611.489;17606.489;17623.489;17606.489;SL;-0.45;2.5
P2_01_02_EUR1;2024-02-02 16:46:00;2024-02-02 16:47:00;TT;BUY;1;0.1;17611.489;17605.489;17623.489;17605.489;SL;-0.54;2.5
P6_01_02_03_04_EUR2;2024-02-02 16:46:00;2024-02-02 16:47:00;TT;BUY;1;0.1;17611.489;17603.489;17633.711222222224;17603.489;SL;-0.72;2.5
P5_01_02_03_EUR3;2024-02-02 16:46:00;2024-02-02 16:56:00;TT;BUY;1;0.1;17611.489;17601.489;17644.822333333334;17614.564;TIME;0.28;2.5
P1_FIXED_01;2024-02-02 16:56:00;2024-02-02 17:01:00;TT;SELL;1;0.1;17614.698;17619.698;17602.698;17619.698;SL;-0.45;2.5
P2_01_02_EUR1;2024-02-02 16:56:00;2024-02-02 17:01:00;TT;SELL;2;0.2;17614.698;17620.698;17602.698;17620.698;SL;-1.08;2.5
P5_01_02_03_EUR3;2024-02-02 16:56:00;2024-02-02 17:01:00;TT;SELL;1;0.1;17614.698;17624.698;17581.36466666667;17624.698;SL;-0.9;2.5
P6_01_02_03_04_EUR2;2024-02-02 16:56:00;2024-02-02 17:01:00;TT;SELL;2;0.2;17614.698;17622.698;17596.698;17622.698;SL;-1.44;2.5
P1_FIXED_01;2024-02-02 17:10:00;2024-02-02 17:11:00;FT;BUY;1;0.1;17611.709;17606.709;17623.709;17606.709;SL;-0.45;2.5
P2_01_02_EUR1;2024-02-02 17:10:00;2024-02-02 17:15:00;FT;BUY;1;0.1;17611.709;17605.709;17623.709;17605.709;SL;-0.54;2.5
P5_01_02_03_EUR3;2024-02-02 17:10:00;2024-02-02 17:15:00;FT;BUY;2;0.2;17611.709;17601.709;17633.375666666667;17601.709;SL;-1.8;2.5
P6_01_02_03_04_EUR2;2024-02-02 17:10:00;2024-02-02 17:15:00;FT;BUY;3;0.3;17611.709;17603.709;17629.709;17603.709;SL;-2.16;2.5
P1_FIXED_01;2024-02-02 17:15:00;2024-02-02 17:16:00;FT;BUY;1;0.1;17610.019;17605.019;17622.019;17605.019;SL;-0.45;2.5
P2_01_02_EUR1;2024-02-02 17:15:00;2024-02-02 17:16:00;FT;BUY;2;0.2;17610.019;17604.019;17622.019;17604.019;SL;-1.08;2.5
P6_01_02_03_04_EUR2;2024-02-02 17:15:00;2024-02-02 17:16:00;FT;BUY;4;0.4;17610.019;17602.019;17628.019;17602.019;SL;-2.88;2.5
P5_01_02_03_EUR3;2024-02-02 17:15:00;2024-02-02 17:21:00;FT;BUY;3;0.3;17610.019;17600.019;17631.13011111111;17631.13011111111;TP;5.7;2.5
P1_FIXED_01;2024-02-02 17:29:00;2024-02-02 17:33:00;TT;BUY;1;0.1;17651.743;17646.743;17663.743;17663.743;TP;1.08;2.5
P2_01_02_EUR1;2024-02-02 17:29:00;2024-02-02 17:33:00;TT;BUY;1;0.1;17651.743;17645.743;17663.743;17663.743;TP;1.08;2.5
P5_01_02_03_EUR3;2024-02-02 17:29:00;2024-02-02 17:39:00;TT;BUY;1;0.1;17651.743;17641.743;17685.07633333333;17660.421;TIME;0.78;2.5
P6_01_02_03_04_EUR2;2024-02-02 17:29:00;2024-02-02 17:39:00;TT;BUY;1;0.1;17651.743;17643.743;17673.96522222222;17660.421;TIME;0.78;2.5
P1_FIXED_01;2024-02-02 17:40:00;2024-02-02 17:41:00;TT;BUY;1;0.1;17665.889;17660.889;17677.889;17660.889;SL;-0.45;2.5
P2_01_02_EUR1;2024-02-02 17:40:00;2024-02-02 17:41:00;TT;BUY;1;0.1;17665.889;17659.889;17677.889;17659.889;SL;-0.54;2.5
P5_01_02_03_EUR3;2024-02-02 17:40:00;2024-02-02 17:42:00;TT;BUY;1;0.1;17665.889;17655.889;17699.22233333333;17655.889;SL;-0.9;2.5
P6_01_02_03_04_EUR2;2024-02-02 17:40:00;2024-02-02 17:42:00;TT;BUY;1;0.1;17665.889;17657.889;17688.111222222222;17657.889;SL;-0.72;2.5
P1_FIXED_01;2024-02-02 17:43:00;2024-02-02 17:44:00;FT;BUY;1;0.1;17653.098;17648.098;17665.098;17648.098;SL;-0.45;2.5
P2_01_02_EUR1;2024-02-02 17:43:00;2024-02-02 17:44:00;FT;BUY;2;0.2;17653.098;17647.098;17665.098;17647.098;SL;-1.08;2.5
P5_01_02_03_EUR3;2024-02-02 17:43:00;2024-02-02 17:44:00;FT;BUY;2;0.2;17653.098;17643.098;17674.76466666667;17643.098;SL;-1.8;2.5
P6_01_02_03_04_EUR2;2024-02-02 17:43:00;2024-02-02 17:44:00;FT;BUY;2;0.2;17653.098;17645.098;17671.098;17645.098;SL;-1.44;2.5
P1_FIXED_01;2024-02-02 17:44:00;2024-02-02 17:45:00;TT;SELL;1;0.1;17629.743;17634.743;17617.743;17617.743;TP;1.08;2.5
P2_01_02_EUR1;2024-02-02 17:44:00;2024-02-02 17:45:00;TT;SELL;1;0.1;17629.743;17635.743;17617.743;17617.743;TP;1.08;2.5
P5_01_02_03_EUR3;2024-02-02 17:44:00;2024-02-02 17:45:00;TT;SELL;3;0.3;17629.743;17639.743;17608.63188888889;17608.63188888889;TP;5.7;2.5
P6_01_02_03_04_EUR2;2024-02-02 17:44:00;2024-02-02 17:45:00;TT;SELL;3;0.3;17629.743;17637.743;17611.743;17611.743;TP;4.86;2.5
P1_FIXED_01;2024-02-02 17:45:00;2024-02-02 17:46:00;TT;SELL;1;0.1;17591.586;17596.586;17579.586;17596.586;SL;-0.45;2.5
P2_01_02_EUR1;2024-02-02 17:45:00;2024-02-02 17:46:00;TT;SELL;1;0.1;17591.586;17597.586;17579.586;17597.586;SL;-0.54;2.5
P1_FIXED_01;2024-02-02 17:46:00;2024-02-02 17:47:00;FT;BUY;1;0.1;17585.687;17580.687;17597.687;17580.687;SL;-0.45;2.5
P2_01_02_EUR1;2024-02-02 17:46:00;2024-02-02 17:47:00;FT;BUY;2;0.2;17585.687;17579.687;17597.687;17579.687;SL;-1.08;2.5
P5_01_02_03_EUR3;2024-02-02 17:45:00;2024-02-02 17:49:00;TT;SELL;1;0.1;17591.586;17601.586;17558.252666666667;17601.586;SL;-0.9;2.5
P6_01_02_03_04_EUR2;2024-02-02 17:45:00;2024-02-02 17:49:00;TT;SELL;1;0.1;17591.586;17599.586;17569.363777777777;17599.586;SL;-0.72;2.5
P1_FIXED_01;2024-02-02 17:49:00;2024-02-02 17:51:00;TT;BUY;1;0.1;17599.209;17594.209;17611.209;17594.209;SL;-0.45;2.5
P2_01_02_EUR1;2024-02-02 17:49:00;2024-02-02 17:51:00;TT;BUY;1;0.1;17599.209;17593.209;17611.209;17593.209;SL;-0.54;2.5
P5_01_02_03_EUR3;2024-02-02 17:49:00;2024-02-02 17:51:00;TT;BUY;2;0.2;17599.209;17589.209;17620.875666666667;17589.209;SL;-1.8;2.5
P6_01_02_03_04_EUR2;2024-02-02 17:49:00;2024-02-02 17:51:00;TT;BUY;2;0.2;17599.209;17591.209;17617.209;17591.209;SL;-1.44;2.5
P1_FIXED_01;2024-02-02 17:55:00;2024-02-02 17:57:00;FT;SELL;1;0.1;17594.421;17599.421;17582.421;17599.421;SL;-0.45;2.5
P2_01_02_EUR1;2024-02-02 17:55:00;2024-02-02 17:57:00;FT;SELL;2;0.2;17594.421;17600.421;17582.421;17600.421;SL;-1.08;2.5
P6_01_02_03_04_EUR2;2024-02-02 17:55:00;2024-02-02 17:58:00;FT;SELL;3;0.3;17594.421;17602.421;17576.421;17602.421;SL;-2.16;2.5
P5_01_02_03_EUR3;2024-02-02 17:55:00;2024-02-02 17:59:00;FT;SELL;3;0.3;17594.421;17604.421;17573.30988888889;17604.421;SL;-2.7;2.5
P1_FIXED_01;2024-02-02 18:02:00;2024-02-02 18:04:00;FT;SELL;1;0.1;17629.921;17634.921;17617.921;17634.921;SL;-0.45;2.5
P2_01_02_EUR1;2024-02-02 18:02:00;2024-02-02 18:06:00;FT;SELL;1;0.1;17629.921;17635.921;17617.921;17635.921;SL;-0.54;2.5
P5_01_02_03_EUR3;2024-02-02 18:02:00;2024-02-02 18:06:00;FT;SELL;1;0.1;17629.921;17639.921;17596.587666666666;17639.921;SL;-0.9;2.5
P6_01_02_03_04_EUR2;2024-02-02 18:02:00;2024-02-02 18:06:00;FT;SELL;4;0.4;17629.921;17637.921;17611.921;17637.921;SL;-2.88;2.5
P1_FIXED_01;2024-02-02 18:07:00;2024-02-02 18:10:00;FT;SELL;1;0.1;17639.219;17644.219;17627.219;17627.219;TP;1.08;2.5
P2_01_02_EUR1;2024-02-02 18:07:00;2024-02-02 18:10:00;FT;SELL;2;0.2;17639.219;17645.219;17627.219;17627.219;TP;2.16;2.5
P5_01_02_03_EUR3;2024-02-02 18:07:00;2024-02-02 18:10:00;FT;SELL;2;0.2;17639.219;17649.219;17617.552333333333;17617.552333333333;TP;3.9;2.5
P6_01_02_03_04_EUR2;2024-02-02 18:07:00;2024-02-02 18:10:00;FT;SELL;1;0.1;17639.219;17647.219;17616.99677777778;17616.99677777778;TP;2.0;2.5
P1_FIXED_01;2024-02-02 18:10:00;2024-02-02 18:11:00;TT;SELL;1;0.1;17619.197;17624.197;17607.197;17624.197;SL;-0.45;2.5
P2_01_02_EUR1;2024-02-02 18:10:00;2024-02-02 18:11:00;TT;SELL;1;0.1;17619.197;17625.197;17607.197;17625.197;SL;-0.54;2.5
P5_01_02_03_EUR3;2024-02-02 18:10:00;2024-02-02 18:11:00;TT;SELL;1;0.1;17619.197;17629.197;17585.863666666668;17629.197;SL;-0.9;2.5
P6_01_02_03_04_EUR2;2024-02-02 18:10:00;2024-02-02 18:11:00;TT;SELL;1;0.1;17619.197;17627.197;17596.974777777777;17627.197;SL;-0.72;2.5
P1_FIXED_01;2024-02-02 18:13:00;2024-02-02 18:14:00;FT;SELL;1;0.1;17635.976;17640.976;17623.976;17640.976;SL;-0.45;2.5
P2_01_02_EUR1;2024-02-02 18:13:00;2024-02-02 18:14:00;FT;SELL;2;0.2;17635.976;17641.976;17623.976;17641.976;SL;-1.08;2.5
P1_FIXED_01;2024-02-02 18:14:00;2024-02-02 18:15:00;TT;BUY;1;0.1;17642.076;17637.076;17654.076;17637.076;SL;-0.45;2.5
P2_01_02_EUR1;2024-02-02 18:14:00;2024-02-02 18:15:00;TT;BUY;1;0.1;17642.076;17636.076;17654.076;17636.076;SL;-0.54;2.5
P5_01_02_03_EUR3;2024-02-02 18:13:00;2024-02-02 18:18:00;FT;SELL;2;0.2;17635.976;17645.976;17614.30933333333;17645.976;SL;-1.8;2.5
P6_01_02_03_04_EUR2;2024-02-02 18:13:00;2024-02-02 18:18:00;FT;SELL;2;0.2;17635.976;17643.976;17617.976;17643.976;SL;-1.44;2.5
P1_FIXED_01;2024-02-02 18:19:00;2024-02-02 18:21:00;FT;SELL;1;0.1;17646.443;17651.443;17634.443;17634.443;TP;1.08;2.5
P2_01_02_EUR1;2024-02-02 18:19:00;2024-02-02 18:21:00;FT;SELL;2;0.2;17646.443;17652.443;17634.443;17634.443;TP;2.16;2.5
P6_01_02_03_04_EUR2;2024-02-02 18:19:00;2024-02-02 18:22:00;FT;SELL;3;0.3;17646.443;17654.443;17628.443;17628.443;TP;4.86;2.5
P5_01_02_03_EUR3;2024-02-02 18:19:00;2024-02-02 18:27:00;FT;SELL;3;0.3;17646.443;17656.443;17625.33188888889;17625.33188888889;TP;5.7;2.5
P1_FIXED_01;2024-02-02 18:28:00;2024-02-02 18:29:00;FT;BUY;1;0.1;17607.653;17602.653;17619.653;17619.653;TP;1.08;2.5
P2_01_02_EUR1;2024-02-02 18:28:00;2024-02-02 18:29:00;FT;BUY;1;0.1;17607.653;17601.653;17619.653;17619.653;TP;1.08;2.5
P5_01_02_03_EUR3;2024-02-02 18:28:00;2024-02-02 18:30:00;FT;BUY;1;0.1;17607.653;17597.653;17640.98633333333;17617.142;SESSION_END;0.85;2.5
P6_01_02_03_04_EUR2;2024-02-02 18:28:00;2024-02-02 18:30:00;FT;BUY;1;0.1;17607.653;17599.653;17629.87522222222;17617.142;SESSION_END;0.85;2.5
P1_FIXED_01;2024-02-05 16:33:00;2024-02-05 16:34:00;FT;SELL;1;0.1;17540.264;17545.264;17528.264;17545.264;SL;-0.45;2.5
P2_01_02_EUR1;2024-02-05 16:33:00;2024-02-05 16:34:00;FT;SELL;1;0.1;17540.264;17546.264;17528.264;17546.264;SL;-0.54;2.5
P5_01_02_03_EUR3;2024-02-05 16:33:00;2024-02-05 16:35:00;FT;SELL;1;0.1;17540.264;17550.264;17506.930666666667;17550.264;SL;-0.9;2.5
P6_01_02_03_04_EUR2;2024-02-05 16:33:00;2024-02-05 16:35:00;FT;SELL;1;0.1;17540.264;17548.264;17518.041777777777;17548.264;SL;-0.72;2.5
P6_01_02_03_04_EUR2;2024-02-05 16:35:00;2024-02-05 16:36:00;TT;BUY;2;0.2;17555.431;17547.431;17573.431;17547.431;SL;-1.44;2.5
P5_01_02_03_EUR3;2024-02-05 16:35:00;2024-02-05 16:37:00;TT;BUY;2;0.2;17555.431;17545.431;17577.09766666667;17545.431;SL;-1.8;2.5
P1_FIXED_01;2024-02-05 16:34:00;2024-02-05 16:42:00;TT;BUY;1;0.1;17545.465;17540.465;17557.465;17540.465;SL;-0.45;2.5
P2_01_02_EUR1;2024-02-05 16:34:00;2024-02-05 16:42:00;TT;BUY;2;0.2;17545.465;17539.465;17557.465;17539.465;SL;-1.08;2.5
P1_FIXED_01;2024-02-05 16:42:00;2024-02-05 16:45:00;TT;SELL;1;0.1;17534.689;17539.689;17522.689;17539.689;SL;-0.45;2.5
P2_01_02_EUR1;2024-02-05 16:42:00;2024-02-05 16:45:00;TT;SELL;1;0.1;17534.689;17540.689;17522.689;17540.689;SL;-0.54;2.5
P5_01_02_03_EUR3;2024-02-05 16:42:00;2024-02-05 16:46:00;TT;SELL;3;0.3;17534.689;17544.689;17513.57788888889;17544.689;SL;-2.7;2.5
P6_01_02_03_04_EUR2;2024-02-05 16:42:00;2024-02-05 16:46:00;TT;SELL;3;0.3;17534.689;17542.689;17516.689;17542.689;SL;-2.16;2.5
P1_FIXED_01;2024-02-05 16:46:00;2024-02-05 16:47:00;TT;BUY;1;0.1;17546.885;17541.885;17558.885;17541.885;SL;-0.45;2.5
P2_01_02_EUR1;2024-02-05 16:46:00;2024-02-05 16:47:00;TT;BUY;2;0.2;17546.885;17540.885;17558.885;17540.885;SL;-1.08;2.5
P6_01_02_03_04_EUR2;2024-02-05 16:46:00;2024-02-05 16:55:00;TT;BUY;4;0.4;17546.885;17538.885;17564.885;17564.885;TP;6.48;2.5
P5_01_02_03_EUR3;2024-02-05 16:46:00;2024-02-05 16:56:00;TT;BUY;1;0.1;17546.885;17536.885;17580.21833333333;17566.031;TIME;1.72;2.5
P1_FIXED_01;2024-02-05 17:06:00;2024-02-05 17:16:00;TT;BUY;1;0.1;17581.308;17576.308;17593.308;17588.564;TIME;0.65;2.5
P2_01_02_EUR1;2024-02-05 17:06:00;2024-02-05 17:16:00;TT;BUY;1;0.1;17581.308;17575.308;17593.308;17588.564;TIME;0.65;2.5
P5_01_02_03_EUR3;2024-02-05 17:06:00;2024-02-05 17:16:00;TT;BUY;1;0.1;17581.308;17571.308;17614.641333333333;17588.564;TIME;0.65;2.5
P6_01_02_03_04_EUR2;2024-02-05 17:06:00;2024-02-05 17:16:00;TT;BUY;1;0.1;17581.308;17573.308;17603.530222222224;17588.564;TIME;0.65;2.5
P1_FIXED_01;2024-02-05 17:31:00;2024-02-05 17:34:00;TT;BUY;1;0.1;17608.086;17603.086;17620.086;17603.086;SL;-0.45;2.5
P2_01_02_EUR1;2024-02-05 17:31:00;2024-02-05 17:34:00;TT;BUY;1;0.1;17608.086;17602.086;17620.086;17602.086;SL;-0.54;2.5
P6_01_02_03_04_EUR2;2024-02-05 17:31:00;2024-02-05 17:34:00;TT;BUY;1;0.1;17608.086;17600.086;17630.308222222222;17600.086;SL;-0.72;2.5
P1_FIXED_01;2024-02-05 17:38:00;2024-02-05 17:39:00;TT;BUY;1;0.1;17615.309;17610.309;17627.309;17627.309;TP;1.08;2.5
P2_01_02_EUR1;2024-02-05 17:38:00;2024-02-05 17:39:00;TT;BUY;2;0.2;17615.309;17609.309;17627.309;17627.309;TP;2.16;2.5
P1_FIXED_01;2024-02-05 17:39:00;2024-02-05 17:41:00;TT;BUY;1;0.1;17625.897;17620.897;17637.897;17620.897;SL;-0.45;2.5
P2_01_02_EUR1;2024-02-05 17:39:00;2024-02-05 17:41:00;TT;BUY;1;0.1;17625.897;17619.897;17637.897;17619.897;SL;-0.54;2.5
P5_01_02_03_EUR3;2024-02-05 17:31:00;2024-02-05 17:41:00;TT;BUY;1;0.1;17608.086;17598.086;17641.41933333333;17618.442;TIME;0.93;2.5
P6_01_02_03_04_EUR2;2024-02-05 17:38:00;2024-02-05 17:48:00;TT;BUY;2;0.2;17615.309;17607.309;17633.309;17615.987;TIME;0.12;2.5
P1_FIXED_01;2024-02-05 17:52:00;2024-02-05 17:54:00;FT;BUY;1;0.1;17608.432;17603.432;17620.432;17603.432;SL;-0.45;2.5
P2_01_02_EUR1;2024-02-05 17:52:00;2024-02-05 17:54:00;FT;BUY;2;0.2;17608.432;17602.432;17620.432;17602.432;SL;-1.08;2.5
P5_01_02_03_EUR3;2024-02-05 17:52:00;2024-02-05 18:02:00;FT;BUY;1;0.1;17608.432;17598.432;17641.765333333333;17598.432;SL;-0.9;2.5
P6_01_02_03_04_EUR2;2024-02-05 17:52:00;2024-02-05 18:02:00;FT;BUY;1;0.1;17608.432;17600.432;17630.654222222223;17600.432;SL;-0.72;2.5
P1_FIXED_01;2024-02-05 18:02:00;2024-02-05 18:03:00;TT;SELL;1;0.1;17593.242;17598.242;17581.242;17598.242;SL;-0.45;2.5
P2_01_02_EUR1;2024-02-05 18:02:00;2024-02-05 18:03:00;TT;SELL;1;0.1;17593.242;17599.242;17581.242;17599.242;SL;-0.54;2.5
P5_01_02_03_EUR3;2024-02-05 18:02:00;2024-02-05 18:03:00;TT;SELL;2;0.2;17593.242;17603.242;17571.57533333333;17603.242;SL;-1.8;2.5
P6_01_02_03_04_EUR2;2024-02-05 18:02:00;2024-02-05 18:03:00;TT;SELL;2;0.2;17593.242;17601.242;17575.242;17601.242;SL;-1.44;2.5
P1_FIXED_01;2024-02-05 18:14:00;2024-02-05 18:16:00;TT;BUY;1;0.1;17627.898;17622.898;17639.898;17622.898;SL;-0.45;2.5
P2_01_02_EUR1;2024-02-05 18:14:00;2024-02-05 18:16:00;TT;BUY;2;0.2;17627.898;17621.898;17639.898;17621.898;SL;-1.08;2.5
P6_01_02_03_04_EUR2;2024-02-05 18:14:00;2024-02-05 18:17:00;TT;BUY;3;0.3;17627.898;17619.898;17645.898;17619.898;SL;-2.16;2.5
P5_01_02_03_EUR3;2024-02-05 18:14:00;2024-02-05 18:18:00;TT;BUY;3;0.3;17627.898;17617.898;17649.00911111111;17617.898;SL;-2.7;2.5
P1_FIXED_01;2024-02-05 18:18:00;2024-02-05 18:19:00;FT;BUY;1;0.1;17622.243;17617.243;17634.243;17617.243;SL;-0.45;2.5
P2_01_02_EUR1;2024-02-05 18:18:00;2024-02-05 18:19:00;FT;BUY;1;0.1;17622.243;17616.243;17634.243;17616.243;SL;-0.54;2.5
P5_01_02_03_EUR3;2024-02-05 18:18:00;2024-02-05 18:19:00;FT;BUY;1;0.1;17622.243;17612.243;17655.57633333333;17612.243;SL;-0.9;2.5
P6_01_02_03_04_EUR2;2024-02-05 18:18:00;2024-02-05 18:19:00;FT;BUY;4;0.4;17622.243;17614.243;17640.243;17614.243;SL;-2.88;2.5
P1_FIXED_01;2024-02-05 18:19:00;2024-02-05 18:20:00;TT;SELL;1;0.1;17613.308;17618.308;17601.308;17618.308;SL;-0.45;2.5
P2_01_02_EUR1;2024-02-05 18:19:00;2024-02-05 18:20:00;TT;SELL;2;0.2;17613.308;17619.308;17601.308;17619.308;SL;-1.08;2.5
P5_01_02_03_EUR3;2024-02-05 18:19:00;2024-02-05 18:29:00;TT;SELL;2;0.2;17613.308;17623.308;17591.641333333333;17602.808;TIME;1.89;2.5
P6_01_02_03_04_EUR2;2024-02-05 18:19:00;2024-02-05 18:29:00;TT;SELL;1;0.1;17613.308;17621.308;17591.08577777778;17602.808;TIME;0.94;2.5
P1_FIXED_01;2024-02-05 18:25:00;2024-02-05 18:30:00;TT;SELL;1;0.1;17602.221;17607.221;17590.221;17592.921;SESSION_END;0.84;2.5
P2_01_02_EUR1;2024-02-05 18:25:00;2024-02-05 18:30:00;TT;SELL;1;0.1;17602.221;17608.221;17590.221;17592.921;SESSION_END;0.84;2.5
P1_FIXED_01;2024-02-06 16:47:00;2024-02-06 16:48:00;TT;SELL;1;0.1;17510.11;17515.11;17498.11;17515.11;SL;-0.45;2.5
P2_01_02_EUR1;2024-02-06 16:47:00;2024-02-06 16:48:00;TT;SELL;1;0.1;17510.11;17516.11;17498.11;17516.11;SL;-0.54;2.5
P5_01_02_03_EUR3;2024-02-06 16:47:00;2024-02-06 16:48:00;TT;SELL;1;0.1;17510.11;17520.11;17476.77666666667;17520.11;SL;-0.9;2.5
P6_01_02_03_04_EUR2;2024-02-06 16:47:00;2024-02-06 16:48:00;TT;SELL;1;0.1;17510.11;17518.11;17487.887777777778;17518.11;SL;-0.72;2.5
P1_FIXED_01;2024-02-06 16:56:00;2024-02-06 16:57:00;FT;SELL;1;0.1;17507.521;17512.521;17495.521;17512.521;SL;-0.45;2.5
P2_01_02_EUR1;2024-02-06 16:56:00;2024-02-06 17:01:00;FT;SELL;2;0.2;17507.521;17513.521;17495.521;17495.521;TP;2.16;2.5
P6_01_02_03_04_EUR2;2024-02-06 16:56:00;2024-02-06 17:01:00;FT;SELL;2;0.2;17507.521;17515.521;17489.521;17489.521;TP;3.24;2.5
P5_01_02_03_EUR3;2024-02-06 16:56:00;2024-02-06 17:06:00;FT;SELL;2;0.2;17507.521;17517.521;17485.854333333333;17503.308;TIME;0.76;2.5
P1_FIXED_01;2024-02-06 17:18:00;2024-02-06 17:19:00;TT;BUY;1;0.1;17504.989;17499.989;17516.989;17499.989;SL;-0.45;2.5
P2_01_02_EUR1;2024-02-06 17:18:00;2024-02-06 17:19:00;TT;BUY;1;0.1;17504.989;17498.989;17516.989;17498.989;SL;-0.54;2.5
P5_01_02_03_EUR3;2024-02-06 17:18:00;2024-02-06 17:19:00;TT;BUY;1;0.1;17504.989;17494.989;17538.322333333334;17494.989;SL;-0.9;2.5
P6_01_02_03_04_EUR2;2024-02-06 17:18:00;2024-02-06 17:19:00;TT;BUY;1;0.1;17504.989;17496.989;17527.211222222224;17496.989;SL;-0.72;2.5
P1_FIXED_01;2024-02-06 17:21:00;2024-02-06 17:22:00;TT;SELL;1;0.1;17479.242;17484.242;17467.242;17484.242;SL;-0.45;2.5
P2_01_02_EUR1;2024-02-06 17:21:00;2024-02-06 17:22:00;TT;SELL;2;0.2;17479.242;17485.242;17467.242;17485.242;SL;-1.08;2.5
P5_01_02_03_EUR3;2024-02-06 17:21:00;2024-02-06 17:24:00;TT;SELL;2;0.2;17479.242;17489.242;17457.57533333333;17489.242;SL;-1.8;2.5
P6_01_02_03_04_EUR2;2024-02-06 17:21:00;2024-02-06 17:24:00;TT;SELL;2;0.2;17479.242;17487.242;17461.242;17487.242;SL;-1.44;2.5
P1_FIXED_01;2024-02-06 17:27:00;2024-02-06 17:28:00;TT;BUY;1;0.1;17503.076;17498.076;17515.076;17498.076;SL;-0.45;2.5
P1_FIXED_01;2024-02-06 17:28:00;2024-02-06 17:29:00;FT;SELL;1;0.1;17502.643;17507.643;17490.643;17507.643;SL;-0.45;2.5
P2_01_02_EUR1;2024-02-06 17:27:00;2024-02-06 17:30:00;TT;BUY;1;0.1;17503.076;17497.076;17515.076;17515.076;TP;1.08;2.5
P1_FIXED_01;2024-02-06 17:29:00;2024-02-06 17:32:00;TT;BUY;1;0.1;17513.365;17508.365;17525.365;17508.365;SL;-0.45;2.5
P5_01_02_03_EUR3;2024-02-06 17:27:00;2024-02-06 17:33:00;TT;BUY;3;0.3;17503.076;17493.076;17524.18711111111;17493.076;SL;-2.7;2.5
P6_01_02_03_04_EUR2;2024-02-06 17:27:00;2024-02-06 17:33:00;TT;BUY;3;0.3;17503.076;17495.076;17521.076;17495.076;SL;-2.16;2.5
P1_FIXED_01;2024-02-06 17:38:00;2024-02-06 17:43:00;TT;BUY;1;0.1;17512.064;17507.064;17524.064;17524.064;TP;1.08;2.5
P2_01_02_EUR1;2024-02-06 17:38:00;2024-02-06 17:43:00;TT;BUY;1;0.1;17512.064;17506.064;17524.064;17524.064;TP;1.08;2.5
P1_FIXED_01;2024-02-06 17:44:00;2024-02-06 17:45:00;TT;BUY;1;0.1;17529.853;17524.853;17541.853;17524.853;SL;-0.45;2.5
P2_01_02_EUR1;2024-02-06 17:44:00;2024-02-06 17:45:00;TT;BUY;1;0.1;17529.853;17523.853;17541.853;17523.853;SL;-0.54;2.5
P1_FIXED_01;2024-02-06 17:47:00;2024-02-06 17:48:00;FT;BUY;1;0.1;17518.108;17513.108;17530.108;17513.108;SL;-0.45;2.5
P2_01_02_EUR1;2024-02-06 17:47:00;2024-02-06 17:48:00;FT;BUY;2;0.2;17518.108;17512.108;17530.108;17512.108;SL;-1.08;2.5
P5_01_02_03_EUR3;2024-02-06 17:38:00;2024-02-06 17:48:00;TT;BUY;1;0.1;17512.064;17502.064;17545.39733333333;17510.621;TIME;-0.13;2.5
P6_01_02_03_04_EUR2;2024-02-06 17:38:00;2024-02-06 17:48:00;TT;BUY;4;0.4;17512.064;17504.064;17530.064;17510.621;TIME;-0.52;2.5
P1_FIXED_01;2024-02-06 17:49:00;2024-02-06 17:51:00;TT;SELL;1;0.1;17505.289;17510.289;17493.289;17510.289;SL;-0.45;2.5
P2_01_02_EUR1;2024-02-06 17:49:00;2024-02-06 17:51:00;TT;SELL;1;0.1;17505.289;17511.289;17493.289;17511.289;SL;-0.54;2.5
P5_01_02_03_EUR3;2024-02-06 17:49:00;2024-02-06 17:52:00;TT;SELL;2;0.2;17505.289;17515.289;17485.289;17515.289;SL;-1.8;2.5
P6_01_02_03_04_EUR2;2024-02-06 17:49:00;2024-02-06 17:52:00;TT;SELL;1;0.1;17505.289;17513.289;17483.066777777778;17513.289;SL;-0.72;2.5
P1_FIXED_01;2024-02-06 17:59:00;2024-02-06 18:02:00;TT;SELL;1;0.1;17506.609;17511.609;17494.609;17511.609;SL;-0.45;2.5
P2_01_02_EUR1;2024-02-06 17:59:00;2024-02-06 18:02:00;TT;SELL;2;0.2;17506.609;17512.609;17494.609;17512.609;SL;-1.08;2.5
P5_01_02_03_EUR3;2024-02-06 17:59:00;2024-02-06 18:03:00;TT;SELL;3;0.3;17506.609;17516.609;17486.609;17516.609;SL;-2.7;2.5
P6_01_02_03_04_EUR2;2024-02-06 17:59:00;2024-02-06 18:03:00;TT;SELL;2;0.2;17506.609;17514.609;17488.609;17514.609;SL;-1.44;2.5
P1_FIXED_01;2024-02-06 18:03:00;2024-02-06 18:04:00;TT;BUY;1;0.1;17519.119;17514.119;17531.119;17514.119;SL;-0.45;2.5
P6_01_02_03_04_EUR2;2024-02-06 18:03:00;2024-02-06 18:04:00;TT;BUY;3;0.3;17519.119;17511.119;17537.119;17511.119;SL;-2.16;2.5
P1_FIXED_01;2024-02-06 18:12:00;2024-02-06 18:13:00;TT;SELL;1;0.1;17504.764;17509.764;17492.764;17509.764;SL;-0.45;2.5
P6_01_02_03_04_EUR2;2024-02-06 18:12:00;2024-02-06 18:13:00;TT;SELL;4;0.4;17504.764;17512.764;17486.764;17512.764;SL;-2.88;2.5
P1_FIXED_01;2024-02-06 18:18:00;2024-02-06 18:19:00;FT;SELL;1;0.1;17520.054;17525.054;17508.054;17525.054;SL;-0.45;2.5
P1_FIXED_01;2024-02-07 16:32:00;2024-02-07 16:34:00;TT;SELL;1;0.1;17736.821;17741.821;17724.821;17724.821;TP;1.08;2.5
P1_FIXED_01;2024-02-07 16:34:00;2024-02-07 16:39:00;TT;SELL;1;0.1;17726.153;17731.153;17714.153;17731.153;SL;-0.45;2.5
P1_FIXED_01;2024-02-07 16:40:00;2024-02-07 16:43:00;FT;SELL;1;0.1;17727.708;17732.708;17715.708;17732.708;SL;-0.45;2.5
P1_FIXED_01;2024-02-07 17:01:00;2024-02-07 17:02:00;TT;SELL;1;0.1;17750.02;17755.02;17738.02;17755.02;SL;-0.45;2.5
P1_FIXED_01;2024-02-07 17:07:00;2024-02-07 17:08:00;TT;SELL;1;0.1;17752.221;17757.221;17740.221;17757.221;SL;-0.45;2.5
P1_FIXED_01;2024-02-07 17:17:00;2024-02-07 17:21:00;TT;BUY;1;0.1;17757.897;17752.897;17769.897;17752.897;SL;-0.45;2.5
P1_FIXED_01;2024-02-07 17:21:00;2024-02-07 17:26:00;TT;SELL;1;0.1;17748.221;17753.221;17736.221;17736.221;TP;1.08;2.5
P1_FIXED_01;2024-02-07 17:26:00;2024-02-07 17:27:00;TT;SELL;1;0.1;17733.219;17738.219;17721.219;17738.219;SL;-0.45;2.5
P1_FIXED_01;2024-02-07 17:27:00;2024-02-07 17:28:00;TT;SELL;1;0.1;17728.098;17733.098;17716.098;17733.098;SL;-0.45;2.5
P1_FIXED_01;2024-02-07 17:45:00;2024-02-07 17:47:00;FT;SELL;1;0.1;17711.609;17716.609;17699.609;17716.609;SL;-0.45;2.5
P1_FIXED_01;2024-02-07 17:55:00;2024-02-07 17:56:00;FT;SELL;1;0.1;17723.808;17728.808;17711.808;17728.808;SL;-0.45;2.5
P1_FIXED_01;2024-02-07 18:00:00;2024-02-07 18:01:00;TT;BUY;1;0.1;17731.82;17726.82;17743.82;17726.82;SL;-0.45;2.5
P1_FIXED_01;2024-02-08 16:45:00;2024-02-08 16:46:00;TT;SELL;1;0.1;17787.032;17792.032;17775.032;17792.032;SL;-0.45;2.5
P1_FIXED_01;2024-02-08 16:51:00;2024-02-08 16:52:00;TT;BUY;1;0.1;17797.797;17792.797;17809.797;17792.797;SL;-0.45;2.5
P1_FIXED_01;2024-02-08 17:07:00;2024-02-08 17:08:00;FT;BUY;1;0.1;17793.486;17788.486;17805.486;17788.486;SL;-0.45;2.5
P1_FIXED_01;2024-02-08 17:08:00;2024-02-08 17:10:00;TT;SELL;1;0.1;17785.943;17790.943;17773.943;17790.943;SL;-0.45;2.5
P1_FIXED_01;2024-02-08 17:15:00;2024-02-08 17:17:00;FT;SELL;1;0.1;17802.943;17807.943;17790.943;17807.943;SL;-0.45;2.5
P1_FIXED_01;2024-02-08 17:27:00;2024-02-08 17:28:00;TT;BUY;1;0.1;17811.932;17806.932;17823.932;17806.932;SL;-0.45;2.5
P1_FIXED_01;2024-02-08 17:28:00;2024-02-08 17:29:00;FT;SELL;1;0.1;17810.309;17815.309;17798.309;17815.309;SL;-0.45;2.5
P1_FIXED_01;2024-02-08 17:29:00;2024-02-08 17:30:00;TT;BUY;1;0.1;17815.487;17810.487;17827.487;17810.487;SL;-0.45;2.5
P1_FIXED_01;2024-02-08 17:37:00;2024-02-08 17:39:00;TT;SELL;1;0.1;17799.921;17804.921;17787.921;17804.921;SL;-0.45;2.5
P1_FIXED_01;2024-02-08 17:42:00;2024-02-08 17:47:00;TT;SELL;1;0.1;17792.189;17797.189;17780.189;17780.189;TP;1.08;2.5
P1_FIXED_01;2024-02-08 17:56:00;2024-02-08 17:57:00;TT;SELL;1;0.1;17773.109;17778.109;17761.109;17778.109;SL;-0.45;2.5
P1_FIXED_01;2024-02-08 17:57:00;2024-02-08 17:58:00;FT;BUY;1;0.1;17775.608;17770.608;17787.608;17770.608;SL;-0.45;2.5
P1_FIXED_01;2024-02-08 17:58:00;2024-02-08 18:02:00;FT;BUY;1;0.1;17775.043;17770.043;17787.043;17787.043;TP;1.08;2.5
P1_FIXED_01;2024-02-08 18:02:00;2024-02-08 18:03:00;TT;BUY;1;0.1;17804.21;17799.21;17816.21;17799.21;SL;-0.45;2.5
P1_FIXED_01;2024-02-09 16:49:00;2024-02-09 16:50:00;TT;BUY;1;0.1;17923.697;17918.697;17935.697;17918.697;SL;-0.45;2.5
P1_FIXED_01;2024-02-09 16:54:00;2024-02-09 16:55:00;TT;SELL;1;0.1;17911.497;17916.497;17899.497;17916.497;SL;-0.45;2.5
P1_FIXED_01;2024-02-09 17:01:00;2024-02-09 17:03:00;TT;SELL;1;0.1;17907.989;17912.989;17895.989;17912.989;SL;-0.45;2.5
P1_FIXED_01;2024-02-09 18:22:00;2024-02-09 18:25:00;TT;BUY;1;0.1;17951.209;17946.209;17963.209;17946.209;SL;-0.45;2.5
P1_FIXED_01;2024-02-09 18:29:00;2024-02-09 18:30:00;TT;BUY;1;0.1;17959.276;17954.276;17971.276;17956.265;SESSION_END;-0.27;2.5
P1_FIXED_01;2024-02-12 16:34:00;2024-02-12 16:35:00;FT;SELL;1;0.1;18032.254;18037.254;18020.254;18037.254;SL;-0.45;2.5
P1_FIXED_01;2024-02-12 16:49:00;2024-02-12 16:51:00;TT;SELL;1;0.1;18011.721;18016.721;17999.721;18016.721;SL;-0.45;2.5
P1_FIXED_01;2024-02-12 16:53:00;2024-02-12 17:00:00;TT;BUY;1;0.1;18023.343;18018.343;18035.343;18018.343;SL;-0.45;2.5
P1_FIXED_01;2024-02-12 17:06:00;2024-02-12 17:07:00;FT;SELL;1;0.1;18026.775;18031.775;18014.775;18031.775;SL;-0.45;2.5
P1_FIXED_01;2024-02-12 17:18:00;2024-02-12 17:19:00;FT;BUY;1;0.1;18018.597;18013.597;18030.597;18013.597;SL;-0.45;2.5
P1_FIXED_01;2024-02-12 17:49:00;2024-02-12 17:53:00;TT;BUY;1;0.1;18015.51;18010.51;18027.51;18010.51;SL;-0.45;2.5
P1_FIXED_01;2024-02-12 18:14:00;2024-02-12 18:15:00;TT;BUY;1;0.1;18031.253;18026.253;18043.253;18026.253;SL;-0.45;2.5
P1_FIXED_01;2024-02-12 18:21:00;2024-02-12 18:24:00;TT;SELL;1;0.1;18019.897;18024.897;18007.897;18007.897;TP;1.08;2.5
P1_FIXED_01;2024-02-12 18:24:00;2024-02-12 18:25:00;TT;SELL;1;0.1;17995.299;18000.299;17983.299;18000.299;SL;-0.45;2.5
P1_FIXED_01;2024-02-13 16:54:00;2024-02-13 16:55:00;TT;SELL;1;0.1;17653.521;17658.521;17641.521;17658.521;SL;-0.45;2.5
P1_FIXED_01;2024-02-13 16:58:00;2024-02-13 17:01:00;FT;BUY;1;0.1;17652.086;17647.086;17664.086;17647.086;SL;-0.45;2.5
P1_FIXED_01;2024-02-13 17:08:00;2024-02-13 17:09:00;TT;SELL;1;0.1;17630.076;17635.076;17618.076;17635.076;SL;-0.45;2.5
P1_FIXED_01;2024-02-13 17:12:00;2024-02-13 17:15:00;TT;SELL;1;0.1;17629.776;17634.776;17617.776;17634.776;SL;-0.45;2.5
P1_FIXED_01;2024-02-13 17:17:00;2024-02-13 17:18:00;FT;SELL;1;0.1;17642.608;17647.608;17630.608;17647.608;SL;-0.45;2.5
P1_FIXED_01;2024-02-13 17:18:00;2024-02-13 17:19:00;FT;SELL;1;0.1;17641.765;17646.765;17629.765;17646.765;SL;-0.45;2.5
P1_FIXED_01;2024-02-13 17:25:00;2024-02-13 17:26:00;FT;BUY;1;0.1;17637.609;17632.609;17649.609;17632.609;SL;-0.45;2.5
P1_FIXED_01;2024-02-13 17:27:00;2024-02-13 17:31:00;TT;SELL;1;0.1;17623.675;17628.675;17611.675;17628.675;SL;-0.45;2.5
P1_FIXED_01;2024-02-13 17:31:00;2024-02-13 17:32:00;TT;BUY;1;0.1;17629.031;17624.031;17641.031;17641.031;TP;1.08;2.5
P1_FIXED_01;2024-02-13 17:32:00;2024-02-13 17:37:00;TT;BUY;1;0.1;17642.531;17637.531;17654.531;17654.531;TP;1.08;2.5
P1_FIXED_01;2024-02-13 17:47:00;2024-02-13 17:48:00;FT;BUY;1;0.1;17646.21;17641.21;17658.21;17641.21;SL;-0.45;2.5
P1_FIXED_01;2024-02-13 17:49:00;2024-02-13 17:54:00;TT;SELL;1;0.1;17636.575;17641.575;17624.575;17624.575;TP;1.08;2.5
P1_FIXED_01;2024-02-13 17:55:00;2024-02-13 17:56:00;TT;SELL;1;0.1;17604.265;17609.265;17592.265;17609.265;SL;-0.45;2.5
P1_FIXED_01;2024-02-13 18:04:00;2024-02-13 18:05:00;TT;BUY;1;0.1;17608.721;17603.721;17620.721;17603.721;SL;-0.45;2.5
P1_FIXED_01;2024-02-13 18:24:00;2024-02-13 18:25:00;TT;BUY;1;0.1;17617.086;17612.086;17629.086;17612.086;SL;-0.45;2.5
P1_FIXED_01;2024-02-13 18:28:00;2024-02-13 18:29:00;TT;BUY;1;0.1;17621.687;17616.687;17633.687;17616.687;SL;-0.45;2.5
P1_FIXED_01;2024-02-14 16:44:00;2024-02-14 16:45:00;TT;SELL;1;0.1;17653.408;17658.408;17641.408;17658.408;SL;-0.45;2.5
P1_FIXED_01;2024-02-14 16:47:00;2024-02-14 16:48:00;FT;SELL;1;0.1;17666.409;17671.409;17654.409;17671.409;SL;-0.45;2.5
P1_FIXED_01;2024-02-14 17:09:00;2024-02-14 17:10:00;FT;SELL;1;0.1;17645.065;17650.065;17633.065;17650.065;SL;-0.45;2.5
P1_FIXED_01;2024-02-14 17:10:00;2024-02-14 17:11:00;FT;SELL;1;0.1;17647.32;17652.32;17635.32;17652.32;SL;-0.45;2.5
P1_FIXED_01;2024-02-14 17:11:00;2024-02-14 17:12:00;TT;BUY;1;0.1;17660.687;17655.687;17672.687;17655.687;SL;-0.45;2.5
P1_FIXED_01;2024-02-14 17:12:00;2024-02-14 17:13:00;FT;SELL;1;0.1;17660.608;17665.608;17648.608;17665.608;SL;-0.45;2.5
P1_FIXED_01;2024-02-14 17:13:00;2024-02-14 17:14:00;FT;SELL;1;0.1;17661.887;17666.887;17649.887;17666.887;SL;-0.45;2.5
P1_FIXED_01;2024-02-14 17:31:00;2024-02-14 17:32:00;FT;SELL;1;0.1;17690.875;17695.875;17678.875;17695.875;SL;-0.45;2.5
P1_FIXED_01;2024-02-14 17:33:00;2024-02-14 17:37:00;TT;BUY;1;0.1;17703.064;17698.064;17715.064;17698.064;SL;-0.45;2.5
P1_FIXED_01;2024-02-14 17:45:00;2024-02-14 17:47:00;FT;SELL;1;0.1;17705.632;17710.632;17693.632;17710.632;SL;-0.45;2.5
P1_FIXED_01;2024-02-14 18:10:00;2024-02-14 18:11:00;TT;SELL;1;0.1;17694.617;17699.617;17682.617;17682.617;TP;1.08;2.5
P1_FIXED_01;2024-02-14 18:11:00;2024-02-14 18:12:00;TT;SELL;1;0.1;17683.476;17688.476;17671.476;17688.476;SL;-0.45;2.5
P1_FIXED_01;2024-02-14 18:18:00;2024-02-14 18:19:00;TT;BUY;1;0.1;17688.364;17683.364;17700.364;17683.364;SL;-0.45;2.5
P1_FIXED_01;2024-02-15 16:51:00;2024-02-15 16:53:00;TT;SELL;1;0.1;17765.398;17770.398;17753.398;17753.398;TP;1.08;2.5
P1_FIXED_01;2024-02-15 16:53:00;2024-02-15 16:54:00;FT;BUY;1;0.1;17760.574;17755.574;17772.574;17755.574;SL;-0.45;2.5
P1_FIXED_01;2024-02-15 16:57:00;2024-02-15 17:00:00;TT;SELL;1;0.1;17759.543;17764.543;17747.543;17764.543;SL;-0.45;2.5
P1_FIXED_01;2024-02-15 17:01:00;2024-02-15 17:02:00;FT;SELL;1;0.1;17772.398;17777.398;17760.398;17777.398;SL;-0.45;2.5
P1_FIXED_01;2024-02-15 17:07:00;2024-02-15 17:09:00;TT;SELL;1;0.1;17760.397;17765.397;17748.397;17765.397;SL;-0.45;2.5
P1_FIXED_01;2024-02-15 17:13:00;2024-02-15 17:14:00;TT;BUY;1;0.1;17787.31;17782.31;17799.31;17782.31;SL;-0.45;2.5
P1_FIXED_01;2024-02-15 17:14:00;2024-02-15 17:17:00;FT;SELL;1;0.1;17786.099;17791.099;17774.099;17791.099;SL;-0.45;2.5
P1_FIXED_01;2024-02-15 17:20:00;2024-02-15 17:27:00;FT;SELL;1;0.1;17794.687;17799.687;17782.687;17799.687;SL;-0.45;2.5
P1_FIXED_01;2024-02-15 17:29:00;2024-02-15 17:39:00;FT;SELL;1;0.1;17806.408;17811.408;17794.408;17811.408;SL;-0.45;2.5
P1_FIXED_01;2024-02-15 17:49:00;2024-02-15 17:53:00;TT;SELL;1;0.1;17801.589;17806.589;17789.589;17806.589;SL;-0.45;2.5
P1_FIXED_01;2024-02-15 17:53:00;2024-02-15 17:55:00;TT;BUY;1;0.1;17806.553;17801.553;17818.553;17801.553;SL;-0.45;2.5
P1_FIXED_01;2024-02-15 18:01:00;2024-02-15 18:07:00;FT;BUY;1;0.1;17790.897;17785.897;17802.897;17802.897;TP;1.08;2.5
P1_FIXED_01;2024-02-15 18:08:00;2024-02-15 18:12:00;TT;BUY;1;0.1;17812.131;17807.131;17824.131;17824.131;TP;1.08;2.5
P1_FIXED_01;2024-02-15 18:13:00;2024-02-15 18:14:00;TT;BUY;1;0.1;17833.609;17828.609;17845.609;17828.609;SL;-0.45;2.5
P1_FIXED_01;2024-02-15 18:18:00;2024-02-15 18:19:00;FT;SELL;1;0.1;17836.031;17841.031;17824.031;17841.031;SL;-0.45;2.5
P1_FIXED_01;2024-02-15 18:19:00;2024-02-15 18:23:00;TT;BUY;1;0.1;17847.487;17842.487;17859.487;17842.487;SL;-0.45;2.5
P1_FIXED_01;2024-02-16 16:33:00;2024-02-16 16:34:00;TT;BUY;1;0.1;17816.509;17811.509;17828.509;17811.509;SL;-0.45;2.5
P1_FIXED_01;2024-02-16 16:48:00;2024-02-16 16:49:00;FT;BUY;1;0.1;17800.264;17795.264;17812.264;17795.264;SL;-0.45;2.5
P1_FIXED_01;2024-02-16 16:50:00;2024-02-16 16:51:00;TT;SELL;1;0.1;17790.321;17795.321;17778.321;17795.321;SL;-0.45;2.5
P1_FIXED_01;2024-02-16 16:54:00;2024-02-16 16:55:00;TT;BUY;1;0.1;17806.308;17801.308;17818.308;17801.308;SL;-0.45;2.5
P1_FIXED_01;2024-02-16 16:56:00;2024-02-16 16:58:00;TT;BUY;1;0.1;17810.986;17805.986;17822.986;17822.986;TP;1.08;2.5
P1_FIXED_01;2024-02-16 16:58:00;2024-02-16 17:00:00;TT;BUY;1;0.1;17831.298;17826.298;17843.298;17826.298;SL;-0.45;2.5
P1_FIXED_01;2024-02-16 17:01:00;2024-02-16 17:06:00;FT;BUY;1;0.1;17817.397;17812.397;17829.397;17812.397;SL;-0.45;2.5
P1_FIXED_01;2024-02-16 17:10:00;2024-02-16 17:11:00;TT;SELL;1;0.1;17802.708;17807.708;17790.708;17807.708;SL;-0.45;2.5
P1_FIXED_01;2024-02-16 17:11:00;2024-02-16 17:12:00;TT;SELL;1;0.1;17794.775;17799.775;17782.775;17799.775;SL;-0.45;2.5
P1_FIXED_01;2024-02-16 17:24:00;2024-02-16 17:31:00;TT;BUY;1;0.1;17807.197;17802.197;17819.197;17819.197;TP;1.08;2.5
P1_FIXED_01;2024-02-16 17:45:00;2024-02-16 17:46:00;TT;SELL;1;0.1;17798.731;17803.731;17786.731;17803.731;SL;-0.45;2.5
P1_FIXED_01;2024-02-16 17:50:00;2024-02-16 17:51:00;TT;BUY;1;0.1;17812.019;17807.019;17824.019;17807.019;SL;-0.45;2.5
P1_FIXED_01;2024-02-16 17:58:00;2024-02-16 18:00:00;TT;SELL;1;0.1;17788.809;17793.809;17776.809;17793.809;SL;-0.45;2.5
P1_FIXED_01;2024-02-16 18:03:00;2024-02-16 18:04:00;FT;BUY;1;0.1;17778.664;17773.664;17790.664;17773.664;SL;-0.45;2.5
P1_FIXED_01;2024-02-16 18:05:00;2024-02-16 18:10:00;TT;SELL;1;0.1;17764.297;17769.297;17752.297;17769.297;SL;-0.45;2.5
P1_FIXED_01;2024-02-16 18:19:00;2024-02-16 18:21:00;TT;SELL;1;0.1;17749.154;17754.154;17737.154;17754.154;SL;-0.45;2.5
P1_FIXED_01;2024-02-16 18:23:00;2024-02-16 18:26:00;TT;BUY;1;0.1;17765.865;17760.865;17777.865;17777.865;TP;1.08;2.5
P1_FIXED_01;2024-02-16 18:26:00;2024-02-16 18:30:00;FT;SELL;1;0.1;17777.642;17782.642;17765.642;17773.187;SESSION_END;0.4;2.5
P1_FIXED_01;2024-02-19 16:37:00;2024-02-19 16:38:00;TT;SELL;1;0.1;17720.618;17725.618;17708.618;17725.618;SL;-0.45;2.5
P1_FIXED_01;2024-02-19 16:56:00;2024-02-19 17:06:00;TT;BUY;1;0.1;17726.175;17721.175;17738.175;17723.354;TIME;-0.25;2.5
P1_FIXED_01;2024-02-20 16:32:00;2024-02-20 16:33:00;TT;SELL;1;0.1;17489.365;17494.365;17477.365;17494.365;SL;-0.45;2.5
P1_FIXED_01;2024-02-20 16:33:00;2024-02-20 16:34:00;FT;BUY;1;0.1;17490.608;17485.608;17502.608;17485.608;SL;-0.45;2.5
P1_FIXED_01;2024-02-20 16:34:00;2024-02-20 16:35:00;TT;SELL;1;0.1;17476.853;17481.853;17464.853;17481.853;SL;-0.45;2.5
